file,line,symbols,function,match_kind,classification,purpose,file_sha256
backend/account_balance_diagnostic_iter246i.py,5,current_balance,<module/JS source>,exact_symbol,legacy_unrelated,Existing general-ledger/account diagnostic or legacy reconciliation; preserve,08c593121d3855de5a457297acdd3e1bf8a67c5a882c93d3329ba1ab75aacf8f
backend/account_balance_diagnostic_iter246i.py,6,account_balance_ssot,<module/JS source>,exact_symbol,legacy_unrelated,Existing general-ledger/account diagnostic or legacy reconciliation; preserve,08c593121d3855de5a457297acdd3e1bf8a67c5a882c93d3329ba1ab75aacf8f
backend/account_balance_diagnostic_iter246i.py,9,compute_balance,<module/JS source>,exact_symbol,legacy_unrelated,Existing general-ledger/account diagnostic or legacy reconciliation; preserve,08c593121d3855de5a457297acdd3e1bf8a67c5a882c93d3329ba1ab75aacf8f
backend/account_balance_diagnostic_iter246i.py,36,current_balance,account_balance_audit,exact_symbol,legacy_unrelated,Existing general-ledger/account diagnostic or legacy reconciliation; preserve,08c593121d3855de5a457297acdd3e1bf8a67c5a882c93d3329ba1ab75aacf8f
backend/account_balance_diagnostic_iter246i.py,42,account_balance_ssot,account_balance_audit,exact_symbol,legacy_unrelated,Existing general-ledger/account diagnostic or legacy reconciliation; preserve,08c593121d3855de5a457297acdd3e1bf8a67c5a882c93d3329ba1ab75aacf8f
backend/account_balance_diagnostic_iter246i.py,44,account_balance_ssot,account_balance_audit,exact_symbol,legacy_unrelated,Existing general-ledger/account diagnostic or legacy reconciliation; preserve,08c593121d3855de5a457297acdd3e1bf8a67c5a882c93d3329ba1ab75aacf8f
backend/account_balance_diagnostic_iter246i.py,46,compute_balance,account_balance_audit,exact_symbol,legacy_unrelated,Existing general-ledger/account diagnostic or legacy reconciliation; preserve,08c593121d3855de5a457297acdd3e1bf8a67c5a882c93d3329ba1ab75aacf8f
backend/account_balance_diagnostic_iter246i.py,48,compute_balance,account_balance_audit,exact_symbol,legacy_unrelated,Existing general-ledger/account diagnostic or legacy reconciliation; preserve,08c593121d3855de5a457297acdd3e1bf8a67c5a882c93d3329ba1ab75aacf8f
backend/account_balance_diagnostic_iter246i.py,53,current_balance,account_balance_audit,exact_symbol,legacy_unrelated,Existing general-ledger/account diagnostic or legacy reconciliation; preserve,08c593121d3855de5a457297acdd3e1bf8a67c5a882c93d3329ba1ab75aacf8f
backend/account_balance_diagnostic_iter246i.py,55,account_balance_ssot,account_balance_audit,exact_symbol,legacy_unrelated,Existing general-ledger/account diagnostic or legacy reconciliation; preserve,08c593121d3855de5a457297acdd3e1bf8a67c5a882c93d3329ba1ab75aacf8f
backend/account_balance_diagnostic_iter246i.py,57,account_balance_ssot,account_balance_audit,exact_symbol,legacy_unrelated,Existing general-ledger/account diagnostic or legacy reconciliation; preserve,08c593121d3855de5a457297acdd3e1bf8a67c5a882c93d3329ba1ab75aacf8f
backend/account_balance_diagnostic_iter246i.py,62,compute_balance,account_balance_audit,exact_symbol,legacy_unrelated,Existing general-ledger/account diagnostic or legacy reconciliation; preserve,08c593121d3855de5a457297acdd3e1bf8a67c5a882c93d3329ba1ab75aacf8f
backend/account_balance_diagnostic_iter246i.py,64,compute_balance,account_balance_audit,exact_symbol,legacy_unrelated,Existing general-ledger/account diagnostic or legacy reconciliation; preserve,08c593121d3855de5a457297acdd3e1bf8a67c5a882c93d3329ba1ab75aacf8f
backend/account_balance_diagnostic_iter246i.py,105,account_balance_ssot,account_balance_audit,exact_symbol,legacy_unrelated,Existing general-ledger/account diagnostic or legacy reconciliation; preserve,08c593121d3855de5a457297acdd3e1bf8a67c5a882c93d3329ba1ab75aacf8f
backend/account_balance_diagnostic_iter246i.py,109,current_balance,account_balance_audit,exact_symbol,legacy_unrelated,Existing general-ledger/account diagnostic or legacy reconciliation; preserve,08c593121d3855de5a457297acdd3e1bf8a67c5a882c93d3329ba1ab75aacf8f
backend/account_tx_vs_ledger_walk_routes.py,26,current_balance,<module/JS source>,substring_only,legacy_unrelated,Existing general-ledger/account diagnostic or legacy reconciliation; preserve,2fe0c70d5411db63dee5445fee6e666be653f377760a19c8ba1b21c498ccb4b2
backend/account_tx_vs_ledger_walk_routes.py,339,current_balance,walk,exact_symbol,legacy_unrelated,Existing general-ledger/account diagnostic or legacy reconciliation; preserve,2fe0c70d5411db63dee5445fee6e666be653f377760a19c8ba1b21c498ccb4b2
backend/account_tx_vs_ledger_walk_routes.py,359,current_balance,walk,substring_only,legacy_unrelated,Existing general-ledger/account diagnostic or legacy reconciliation; preserve,2fe0c70d5411db63dee5445fee6e666be653f377760a19c8ba1b21c498ccb4b2
backend/account_tx_vs_ledger_walk_routes.py,408,current_balance,walk,substring_only,legacy_unrelated,Existing general-ledger/account diagnostic or legacy reconciliation; preserve,2fe0c70d5411db63dee5445fee6e666be653f377760a19c8ba1b21c498ccb4b2
backend/accounts_balance_diagnostic_routes.py,6,current_balance,<module/JS source>,exact_symbol,legacy_unrelated,Existing general-ledger/account diagnostic or legacy reconciliation; preserve,8c55a9f3387ebbf66eaa83b82a3b3ac47a68e4c2ed76724924e90d718b0d30e5
backend/accounts_balance_diagnostic_routes.py,68,account_balance_ssot,accounts_balance_diagnostic,exact_symbol,legacy_unrelated,Existing general-ledger/account diagnostic or legacy reconciliation; preserve,8c55a9f3387ebbf66eaa83b82a3b3ac47a68e4c2ed76724924e90d718b0d30e5
backend/accounts_balance_diagnostic_routes.py,73,current_balance,accounts_balance_diagnostic,exact_symbol,legacy_unrelated,Existing general-ledger/account diagnostic or legacy reconciliation; preserve,8c55a9f3387ebbf66eaa83b82a3b3ac47a68e4c2ed76724924e90d718b0d30e5
backend/accounts_balance_diagnostic_routes.py,101,compute_balance,accounts_balance_diagnostic,exact_symbol,legacy_unrelated,Existing general-ledger/account diagnostic or legacy reconciliation; preserve,8c55a9f3387ebbf66eaa83b82a3b3ac47a68e4c2ed76724924e90d718b0d30e5
backend/accounts_balance_diagnostic_routes.py,103,compute_balance,accounts_balance_diagnostic,exact_symbol,legacy_unrelated,Existing general-ledger/account diagnostic or legacy reconciliation; preserve,8c55a9f3387ebbf66eaa83b82a3b3ac47a68e4c2ed76724924e90d718b0d30e5
backend/accounts_balance_diagnostic_routes.py,122,account_balance_ssot,accounts_balance_diagnostic,exact_symbol,legacy_unrelated,Existing general-ledger/account diagnostic or legacy reconciliation; preserve,8c55a9f3387ebbf66eaa83b82a3b3ac47a68e4c2ed76724924e90d718b0d30e5
backend/accounts_balance_diagnostic_routes.py,131,current_balance,accounts_balance_diagnostic,substring_only,legacy_unrelated,Existing general-ledger/account diagnostic or legacy reconciliation; preserve,8c55a9f3387ebbf66eaa83b82a3b3ac47a68e4c2ed76724924e90d718b0d30e5
backend/accounts_balance_diagnostic_routes.py,133,current_balance,accounts_balance_diagnostic,substring_only,legacy_unrelated,Existing general-ledger/account diagnostic or legacy reconciliation; preserve,8c55a9f3387ebbf66eaa83b82a3b3ac47a68e4c2ed76724924e90d718b0d30e5
backend/accounts_balance_diagnostic_routes.py,242,current_balance,accounts_balance_diagnostic,exact_symbol,legacy_unrelated,Existing general-ledger/account diagnostic or legacy reconciliation; preserve,8c55a9f3387ebbf66eaa83b82a3b3ac47a68e4c2ed76724924e90d718b0d30e5
backend/accounts_balance_diagnostic_routes.py,656,account_balance_ssot;compute_balance,accounts_balance_repair_preview,exact_symbol,legacy_unrelated,Existing general-ledger/account diagnostic or legacy reconciliation; preserve,8c55a9f3387ebbf66eaa83b82a3b3ac47a68e4c2ed76724924e90d718b0d30e5
backend/accounts_balance_diagnostic_routes.py,723,compute_balance,accounts_balance_repair_preview,exact_symbol,legacy_unrelated,Existing general-ledger/account diagnostic or legacy reconciliation; preserve,8c55a9f3387ebbf66eaa83b82a3b3ac47a68e4c2ed76724924e90d718b0d30e5
backend/accounts_balance_diagnostic_routes.py,736,account_balance_ssot,accounts_balance_repair_preview,exact_symbol,legacy_unrelated,Existing general-ledger/account diagnostic or legacy reconciliation; preserve,8c55a9f3387ebbf66eaa83b82a3b3ac47a68e4c2ed76724924e90d718b0d30e5
backend/accounts_balance_diagnostic_routes.py,857,account_balance_ssot,bnpl_balance_source_comparison,exact_symbol,legacy_unrelated,Existing general-ledger/account diagnostic or legacy reconciliation; preserve,8c55a9f3387ebbf66eaa83b82a3b3ac47a68e4c2ed76724924e90d718b0d30e5
backend/accounts_balance_diagnostic_routes.py,887,compute_balance,bnpl_balance_source_comparison,exact_symbol,legacy_unrelated,Existing general-ledger/account diagnostic or legacy reconciliation; preserve,8c55a9f3387ebbf66eaa83b82a3b3ac47a68e4c2ed76724924e90d718b0d30e5
backend/accounts_balance_diagnostic_routes.py,986,account_balance_ssot,bnpl_balance_source_comparison,exact_symbol,legacy_unrelated,Existing general-ledger/account diagnostic or legacy reconciliation; preserve,8c55a9f3387ebbf66eaa83b82a3b3ac47a68e4c2ed76724924e90d718b0d30e5
backend/accounts_routes.py,18,current_balance,<module/JS source>,exact_symbol,legacy_unrelated,"Existing shared/legacy account, employee, supplier, courier or BNPL workflow; outside P01 router",542dbbefbdeab5589d9c411180c789bff63e80c9f6c88487e38d435a9322c29c
backend/accounts_routes.py,19,current_balance,<module/JS source>,exact_symbol,legacy_unrelated,"Existing shared/legacy account, employee, supplier, courier or BNPL workflow; outside P01 router",542dbbefbdeab5589d9c411180c789bff63e80c9f6c88487e38d435a9322c29c
backend/accounts_routes.py,439,compute_balance,_recompute_balance,substring_only,legacy_unrelated,"Existing shared/legacy account, employee, supplier, courier or BNPL workflow; outside P01 router",542dbbefbdeab5589d9c411180c789bff63e80c9f6c88487e38d435a9322c29c
backend/accounts_routes.py,442,current_balance,_recompute_balance,exact_symbol,legacy_unrelated,"Existing shared/legacy account, employee, supplier, courier or BNPL workflow; outside P01 router",542dbbefbdeab5589d9c411180c789bff63e80c9f6c88487e38d435a9322c29c
backend/accounts_routes.py,473,current_balance,_recompute_balance,exact_symbol,legacy_unrelated,"Existing shared/legacy account, employee, supplier, courier or BNPL workflow; outside P01 router",542dbbefbdeab5589d9c411180c789bff63e80c9f6c88487e38d435a9322c29c
backend/accounts_routes.py,487,account_balance_ssot,_account_with_meta,exact_symbol,legacy_unrelated,"Existing shared/legacy account, employee, supplier, courier or BNPL workflow; outside P01 router",542dbbefbdeab5589d9c411180c789bff63e80c9f6c88487e38d435a9322c29c
backend/accounts_routes.py,491,current_balance,_account_with_meta,exact_symbol,legacy_unrelated,"Existing shared/legacy account, employee, supplier, courier or BNPL workflow; outside P01 router",542dbbefbdeab5589d9c411180c789bff63e80c9f6c88487e38d435a9322c29c
backend/accounts_routes.py,493,current_balance,_account_with_meta,exact_symbol,legacy_unrelated,"Existing shared/legacy account, employee, supplier, courier or BNPL workflow; outside P01 router",542dbbefbdeab5589d9c411180c789bff63e80c9f6c88487e38d435a9322c29c
backend/accounts_routes.py,496,account_balance_ssot,_account_with_meta,exact_symbol,legacy_unrelated,"Existing shared/legacy account, employee, supplier, courier or BNPL workflow; outside P01 router",542dbbefbdeab5589d9c411180c789bff63e80c9f6c88487e38d435a9322c29c
backend/accounts_routes.py,497,account_balance_ssot,_account_with_meta,exact_symbol,legacy_unrelated,"Existing shared/legacy account, employee, supplier, courier or BNPL workflow; outside P01 router",542dbbefbdeab5589d9c411180c789bff63e80c9f6c88487e38d435a9322c29c
backend/accounts_routes.py,500,current_balance,_account_with_meta,exact_symbol,legacy_unrelated,"Existing shared/legacy account, employee, supplier, courier or BNPL workflow; outside P01 router",542dbbefbdeab5589d9c411180c789bff63e80c9f6c88487e38d435a9322c29c
backend/accounts_routes.py,501,current_balance,_account_with_meta,exact_symbol,legacy_unrelated,"Existing shared/legacy account, employee, supplier, courier or BNPL workflow; outside P01 router",542dbbefbdeab5589d9c411180c789bff63e80c9f6c88487e38d435a9322c29c
backend/accounts_routes.py,502,current_balance,_account_with_meta,exact_symbol,legacy_unrelated,"Existing shared/legacy account, employee, supplier, courier or BNPL workflow; outside P01 router",542dbbefbdeab5589d9c411180c789bff63e80c9f6c88487e38d435a9322c29c
backend/accounts_routes.py,539,account_balance_ssot,summary,exact_symbol,legacy_unrelated,"Existing shared/legacy account, employee, supplier, courier or BNPL workflow; outside P01 router",542dbbefbdeab5589d9c411180c789bff63e80c9f6c88487e38d435a9322c29c
backend/accounts_routes.py,542,current_balance,summary,exact_symbol,legacy_unrelated,"Existing shared/legacy account, employee, supplier, courier or BNPL workflow; outside P01 router",542dbbefbdeab5589d9c411180c789bff63e80c9f6c88487e38d435a9322c29c
backend/accounts_routes.py,551,account_balance_ssot,summary,exact_symbol,legacy_unrelated,"Existing shared/legacy account, employee, supplier, courier or BNPL workflow; outside P01 router",542dbbefbdeab5589d9c411180c789bff63e80c9f6c88487e38d435a9322c29c
backend/accounts_routes.py,555,current_balance,summary,exact_symbol,legacy_unrelated,"Existing shared/legacy account, employee, supplier, courier or BNPL workflow; outside P01 router",542dbbefbdeab5589d9c411180c789bff63e80c9f6c88487e38d435a9322c29c
backend/accounts_routes.py,602,current_balance,create_account,exact_symbol,legacy_unrelated,"Existing shared/legacy account, employee, supplier, courier or BNPL workflow; outside P01 router",542dbbefbdeab5589d9c411180c789bff63e80c9f6c88487e38d435a9322c29c
backend/accounts_routes.py,629,compute_balance,create_account,substring_only,legacy_unrelated,"Existing shared/legacy account, employee, supplier, courier or BNPL workflow; outside P01 router",542dbbefbdeab5589d9c411180c789bff63e80c9f6c88487e38d435a9322c29c
backend/accounts_routes.py,673,current_balance,get_routing_map,exact_symbol,legacy_unrelated,"Existing shared/legacy account, employee, supplier, courier or BNPL workflow; outside P01 router",542dbbefbdeab5589d9c411180c789bff63e80c9f6c88487e38d435a9322c29c
backend/accounts_routes.py,757,current_balance,account_breakdown,exact_symbol,legacy_unrelated,"Existing shared/legacy account, employee, supplier, courier or BNPL workflow; outside P01 router",542dbbefbdeab5589d9c411180c789bff63e80c9f6c88487e38d435a9322c29c
backend/accounts_routes.py,938,compute_balance,create_transaction,substring_only,legacy_unrelated,"Existing shared/legacy account, employee, supplier, courier or BNPL workflow; outside P01 router",542dbbefbdeab5589d9c411180c789bff63e80c9f6c88487e38d435a9322c29c
backend/accounts_routes.py,954,compute_balance,delete_transaction,substring_only,legacy_unrelated,"Existing shared/legacy account, employee, supplier, courier or BNPL workflow; outside P01 router",542dbbefbdeab5589d9c411180c789bff63e80c9f6c88487e38d435a9322c29c
backend/accounts_routes.py,1263,current_balance,sync_payment_methods,exact_symbol,legacy_unrelated,"Existing shared/legacy account, employee, supplier, courier or BNPL workflow; outside P01 router",542dbbefbdeab5589d9c411180c789bff63e80c9f6c88487e38d435a9322c29c
backend/accounts_routes.py,1264,compute_balance,sync_payment_methods,substring_only,legacy_unrelated,"Existing shared/legacy account, employee, supplier, courier or BNPL workflow; outside P01 router",542dbbefbdeab5589d9c411180c789bff63e80c9f6c88487e38d435a9322c29c
backend/accounts_routes.py,1281,current_balance,sync_payment_methods,exact_symbol,legacy_unrelated,"Existing shared/legacy account, employee, supplier, courier or BNPL workflow; outside P01 router",542dbbefbdeab5589d9c411180c789bff63e80c9f6c88487e38d435a9322c29c
backend/accounts_routes.py,1282,compute_balance,sync_payment_methods,substring_only,legacy_unrelated,"Existing shared/legacy account, employee, supplier, courier or BNPL workflow; outside P01 router",542dbbefbdeab5589d9c411180c789bff63e80c9f6c88487e38d435a9322c29c
backend/accounts_routes.py,1298,current_balance,sync_payment_methods,exact_symbol,legacy_unrelated,"Existing shared/legacy account, employee, supplier, courier or BNPL workflow; outside P01 router",542dbbefbdeab5589d9c411180c789bff63e80c9f6c88487e38d435a9322c29c
backend/accounts_routes.py,1346,compute_balance,sync_payment_methods,substring_only,legacy_unrelated,"Existing shared/legacy account, employee, supplier, courier or BNPL workflow; outside P01 router",542dbbefbdeab5589d9c411180c789bff63e80c9f6c88487e38d435a9322c29c
backend/accounts_routes.py,1370,compute_balance,sync_payment_methods,substring_only,legacy_unrelated,"Existing shared/legacy account, employee, supplier, courier or BNPL workflow; outside P01 router",542dbbefbdeab5589d9c411180c789bff63e80c9f6c88487e38d435a9322c29c
backend/accounts_routes.py,1399,current_balance,sync_payment_methods,exact_symbol,legacy_unrelated,"Existing shared/legacy account, employee, supplier, courier or BNPL workflow; outside P01 router",542dbbefbdeab5589d9c411180c789bff63e80c9f6c88487e38d435a9322c29c
backend/accounts_routes.py,1445,current_balance,ensure_default_banks,exact_symbol,legacy_unrelated,"Existing shared/legacy account, employee, supplier, courier or BNPL workflow; outside P01 router",542dbbefbdeab5589d9c411180c789bff63e80c9f6c88487e38d435a9322c29c
backend/ad_account_actual_debt_routes.py,100,current_balance,dryrun,exact_symbol,legacy_unrelated,Advertising balance/spend workflow; outside P01,4805178718f3fb6f33771d2e6f6407c1b00e3c09462a080bbad8140651a32575
backend/ad_account_actual_debt_routes.py,116,current_balance,dryrun,exact_symbol,legacy_unrelated,Advertising balance/spend workflow; outside P01,4805178718f3fb6f33771d2e6f6407c1b00e3c09462a080bbad8140651a32575
backend/ad_account_actual_debt_routes.py,123,current_balance,dryrun,exact_symbol,legacy_unrelated,Advertising balance/spend workflow; outside P01,4805178718f3fb6f33771d2e6f6407c1b00e3c09462a080bbad8140651a32575
backend/ad_account_dryrun_diff_routes.py,73,current_balance,dryrun,exact_symbol,legacy_unrelated,Existing general-ledger/account diagnostic or legacy reconciliation; preserve,817dcf1309b049aa336681ceea7f352906fec44d3c1b4ab61a393014bf28c31c
backend/ad_account_dryrun_diff_routes.py,90,current_balance,dryrun,exact_symbol,legacy_unrelated,Existing general-ledger/account diagnostic or legacy reconciliation; preserve,817dcf1309b049aa336681ceea7f352906fec44d3c1b4ab61a393014bf28c31c
backend/ad_account_dryrun_diff_routes.py,117,current_balance,dryrun,exact_symbol,legacy_unrelated,Existing general-ledger/account diagnostic or legacy reconciliation; preserve,817dcf1309b049aa336681ceea7f352906fec44d3c1b4ab61a393014bf28c31c
backend/ad_account_dryrun_diff_routes.py,129,current_balance,dryrun,exact_symbol,legacy_unrelated,Existing general-ledger/account diagnostic or legacy reconciliation; preserve,817dcf1309b049aa336681ceea7f352906fec44d3c1b4ab61a393014bf28c31c
backend/ad_account_dryrun_diff_routes.py,151,current_balance,dryrun,exact_symbol,legacy_unrelated,Existing general-ledger/account diagnostic or legacy reconciliation; preserve,817dcf1309b049aa336681ceea7f352906fec44d3c1b4ab61a393014bf28c31c
backend/ad_account_dryrun_diff_routes.py,220,current_balance,dryrun,exact_symbol,legacy_unrelated,Existing general-ledger/account diagnostic or legacy reconciliation; preserve,817dcf1309b049aa336681ceea7f352906fec44d3c1b4ab61a393014bf28c31c
backend/ad_account_dryrun_diff_routes.py,275,current_balance,dryrun,exact_symbol,legacy_unrelated,Existing general-ledger/account diagnostic or legacy reconciliation; preserve,817dcf1309b049aa336681ceea7f352906fec44d3c1b4ab61a393014bf28c31c
backend/ad_account_dryrun_diff_routes.py,299,current_balance,dryrun,substring_only,legacy_unrelated,Existing general-ledger/account diagnostic or legacy reconciliation; preserve,817dcf1309b049aa336681ceea7f352906fec44d3c1b4ab61a393014bf28c31c
backend/ad_account_forensic_routes.py,9,current_balance,<module/JS source>,exact_symbol,legacy_unrelated,Existing general-ledger/account diagnostic or legacy reconciliation; preserve,e8f68dcf3efe2fb2220eb023d609d220bd41c95510f800506a7b0eca1bc29dc2
backend/ad_account_forensic_routes.py,40,current_balance,<module/JS source>,exact_symbol,legacy_unrelated,Existing general-ledger/account diagnostic or legacy reconciliation; preserve,e8f68dcf3efe2fb2220eb023d609d220bd41c95510f800506a7b0eca1bc29dc2
backend/ad_account_forensic_routes.py,253,current_balance,catalog,exact_symbol,legacy_unrelated,Existing general-ledger/account diagnostic or legacy reconciliation; preserve,e8f68dcf3efe2fb2220eb023d609d220bd41c95510f800506a7b0eca1bc29dc2
backend/ad_account_forensic_routes.py,285,current_balance,live,exact_symbol,legacy_unrelated,Existing general-ledger/account diagnostic or legacy reconciliation; preserve,e8f68dcf3efe2fb2220eb023d609d220bd41c95510f800506a7b0eca1bc29dc2
backend/ad_account_forensic_routes.py,386,current_balance,live,exact_symbol,legacy_unrelated,Existing general-ledger/account diagnostic or legacy reconciliation; preserve,e8f68dcf3efe2fb2220eb023d609d220bd41c95510f800506a7b0eca1bc29dc2
backend/ad_account_forensic_routes.py,390,current_balance,live,exact_symbol,legacy_unrelated,Existing general-ledger/account diagnostic or legacy reconciliation; preserve,e8f68dcf3efe2fb2220eb023d609d220bd41c95510f800506a7b0eca1bc29dc2
backend/ad_account_forensic_routes.py,439,current_balance,live,substring_only,legacy_unrelated,Existing general-ledger/account diagnostic or legacy reconciliation; preserve,e8f68dcf3efe2fb2220eb023d609d220bd41c95510f800506a7b0eca1bc29dc2
backend/ad_account_recompute_dryrun_routes.py,56,current_balance,recompute_dryrun,exact_symbol,legacy_unrelated,Existing general-ledger/account diagnostic or legacy reconciliation; preserve,32eccb74b3db772c86447624ee3d3305644ac55b47f4c9be0fb0aedea553fad9
backend/ad_account_recompute_dryrun_routes.py,77,current_balance,recompute_dryrun,exact_symbol,legacy_unrelated,Existing general-ledger/account diagnostic or legacy reconciliation; preserve,32eccb74b3db772c86447624ee3d3305644ac55b47f4c9be0fb0aedea553fad9
backend/ad_account_recompute_dryrun_routes.py,88,current_balance,recompute_dryrun,exact_symbol,legacy_unrelated,Existing general-ledger/account diagnostic or legacy reconciliation; preserve,32eccb74b3db772c86447624ee3d3305644ac55b47f4c9be0fb0aedea553fad9
backend/ad_account_recompute_dryrun_routes.py,97,current_balance,recompute_dryrun,substring_only,legacy_unrelated,Existing general-ledger/account diagnostic or legacy reconciliation; preserve,32eccb74b3db772c86447624ee3d3305644ac55b47f4c9be0fb0aedea553fad9
backend/ad_account_recompute_dryrun_routes.py,107,current_balance,recompute_dryrun,exact_symbol,legacy_unrelated,Existing general-ledger/account diagnostic or legacy reconciliation; preserve,32eccb74b3db772c86447624ee3d3305644ac55b47f4c9be0fb0aedea553fad9
backend/ad_account_recompute_dryrun_routes.py,138,current_balance,recompute_dryrun,exact_symbol,legacy_unrelated,Existing general-ledger/account diagnostic or legacy reconciliation; preserve,32eccb74b3db772c86447624ee3d3305644ac55b47f4c9be0fb0aedea553fad9
backend/ad_account_recompute_dryrun_routes.py,245,current_balance,recompute_dryrun,exact_symbol,legacy_unrelated,Existing general-ledger/account diagnostic or legacy reconciliation; preserve,32eccb74b3db772c86447624ee3d3305644ac55b47f4c9be0fb0aedea553fad9
backend/ad_account_recompute_dryrun_routes.py,249,current_balance,recompute_dryrun,exact_symbol,legacy_unrelated,Existing general-ledger/account diagnostic or legacy reconciliation; preserve,32eccb74b3db772c86447624ee3d3305644ac55b47f4c9be0fb0aedea553fad9
backend/ad_account_recompute_dryrun_routes.py,253,current_balance,recompute_dryrun,substring_only,legacy_unrelated,Existing general-ledger/account diagnostic or legacy reconciliation; preserve,32eccb74b3db772c86447624ee3d3305644ac55b47f4c9be0fb0aedea553fad9
backend/ad_account_recompute_dryrun_routes.py,293,current_balance,recompute_dryrun,substring_only,legacy_unrelated,Existing general-ledger/account diagnostic or legacy reconciliation; preserve,32eccb74b3db772c86447624ee3d3305644ac55b47f4c9be0fb0aedea553fad9
backend/ad_account_recompute_dryrun_routes.py,294,current_balance,recompute_dryrun,substring_only,legacy_unrelated,Existing general-ledger/account diagnostic or legacy reconciliation; preserve,32eccb74b3db772c86447624ee3d3305644ac55b47f4c9be0fb0aedea553fad9
backend/ad_account_root_cause_routes.py,574,current_balance,root_cause,substring_only,legacy_unrelated,Existing general-ledger/account diagnostic or legacy reconciliation; preserve,6eb265688ccc3c61ce29efcc805f06f113316e0bce80359d45cdeb2ac3b8147d
backend/ad_account_root_cause_routes.py,575,current_balance,root_cause,exact_symbol,legacy_unrelated,Existing general-ledger/account diagnostic or legacy reconciliation; preserve,6eb265688ccc3c61ce29efcc805f06f113316e0bce80359d45cdeb2ac3b8147d
backend/ad_account_routes.py,445,compute_balance,_post_spend_to_ledger,exact_symbol,legacy_unrelated,Advertising balance/spend workflow; outside P01,d1793fc38feadb3e54b35ad9153519f866ce3130e85b3ec5fb21f4b088fd112b
backend/ad_account_routes.py,559,compute_balance,_post_bank_tx,substring_only,legacy_unrelated,Advertising balance/spend workflow; outside P01,d1793fc38feadb3e54b35ad9153519f866ce3130e85b3ec5fb21f4b088fd112b
backend/ad_account_routes.py,560,compute_balance,_post_bank_tx,substring_only,legacy_unrelated,Advertising balance/spend workflow; outside P01,d1793fc38feadb3e54b35ad9153519f866ce3130e85b3ec5fb21f4b088fd112b
backend/ad_account_routes.py,1252,compute_balance,edit_topup,substring_only,legacy_unrelated,Advertising balance/spend workflow; outside P01,d1793fc38feadb3e54b35ad9153519f866ce3130e85b3ec5fb21f4b088fd112b
backend/ad_account_routes.py,1253,compute_balance,edit_topup,substring_only,legacy_unrelated,Advertising balance/spend workflow; outside P01,d1793fc38feadb3e54b35ad9153519f866ce3130e85b3ec5fb21f4b088fd112b
backend/ad_account_routes.py,1271,compute_balance,edit_topup,substring_only,legacy_unrelated,Advertising balance/spend workflow; outside P01,d1793fc38feadb3e54b35ad9153519f866ce3130e85b3ec5fb21f4b088fd112b
backend/ad_account_routes.py,1272,compute_balance,edit_topup,substring_only,legacy_unrelated,Advertising balance/spend workflow; outside P01,d1793fc38feadb3e54b35ad9153519f866ce3130e85b3ec5fb21f4b088fd112b
backend/ad_account_routes.py,1996,current_balance,migration_preview,exact_symbol,legacy_unrelated,Advertising balance/spend workflow; outside P01,d1793fc38feadb3e54b35ad9153519f866ce3130e85b3ec5fb21f4b088fd112b
backend/ad_account_routes.py,2722,current_balance,diagnose_duplicate_topups,exact_symbol,legacy_unrelated,Advertising balance/spend workflow; outside P01,d1793fc38feadb3e54b35ad9153519f866ce3130e85b3ec5fb21f4b088fd112b
backend/ad_spend_rca_routes.py,354,compute_balance,_ui_balance,exact_symbol,legacy_unrelated,Advertising balance/spend workflow; outside P01,f050e09cabb93f39866d6a2b1da2f3728d2869fe64f643ddb66251fca40fc5a6
backend/ad_spend_rca_routes.py,355,compute_balance,_ui_balance,exact_symbol,legacy_unrelated,Advertising balance/spend workflow; outside P01,f050e09cabb93f39866d6a2b1da2f3728d2869fe64f643ddb66251fca40fc5a6
backend/ad_spend_scheduler_diagnostics.py,138,compute_balance,scheduler_diagnostics,exact_symbol,legacy_unrelated,Existing general-ledger/account diagnostic or legacy reconciliation; preserve,ed84ec9b6e0b06a015a6f52cc40deb050596e6204698804e20cbde813cd9b34e
backend/ad_spend_windows.py,51,compute_balance,<module/JS source>,exact_symbol,legacy_unrelated,Advertising balance/spend workflow; outside P01,439a20836ff142e47dba2ffa9925232f6d99b996e8a2a36dc2967db1f12dcd84
backend/ad_spend_windows.py,215,compute_balance,_post_one_window,exact_symbol,legacy_unrelated,Advertising balance/spend workflow; outside P01,439a20836ff142e47dba2ffa9925232f6d99b996e8a2a36dc2967db1f12dcd84
backend/audit_routes.py,21,current_balance,<module/JS source>,exact_symbol,legacy_unrelated,Existing general-ledger/account diagnostic or legacy reconciliation; preserve,6309a0b582ad6aba95f98833354003e65ae0962c6e2d072288edfab6321b2adb
backend/audit_routes.py,102,current_balance,post_migration_audit,exact_symbol,legacy_unrelated,Existing general-ledger/account diagnostic or legacy reconciliation; preserve,6309a0b582ad6aba95f98833354003e65ae0962c6e2d072288edfab6321b2adb
backend/audit_routes.py,104,current_balance,post_migration_audit,exact_symbol,legacy_unrelated,Existing general-ledger/account diagnostic or legacy reconciliation; preserve,6309a0b582ad6aba95f98833354003e65ae0962c6e2d072288edfab6321b2adb
backend/audit_routes.py,116,current_balance,post_migration_audit,exact_symbol,legacy_unrelated,Existing general-ledger/account diagnostic or legacy reconciliation; preserve,6309a0b582ad6aba95f98833354003e65ae0962c6e2d072288edfab6321b2adb
backend/audit_routes.py,252,current_balance,post_migration_audit,exact_symbol,legacy_unrelated,Existing general-ledger/account diagnostic or legacy reconciliation; preserve,6309a0b582ad6aba95f98833354003e65ae0962c6e2d072288edfab6321b2adb
backend/audit_routes.py,256,current_balance,post_migration_audit,exact_symbol,legacy_unrelated,Existing general-ledger/account diagnostic or legacy reconciliation; preserve,6309a0b582ad6aba95f98833354003e65ae0962c6e2d072288edfab6321b2adb
backend/audit_routes.py,258,current_balance,post_migration_audit,exact_symbol,legacy_unrelated,Existing general-ledger/account diagnostic or legacy reconciliation; preserve,6309a0b582ad6aba95f98833354003e65ae0962c6e2d072288edfab6321b2adb
backend/audit_routes.py,736,current_balance,forensic_report,exact_symbol,legacy_unrelated,Existing general-ledger/account diagnostic or legacy reconciliation; preserve,6309a0b582ad6aba95f98833354003e65ae0962c6e2d072288edfab6321b2adb
backend/audit_routes.py,742,current_balance,forensic_report,exact_symbol,legacy_unrelated,Existing general-ledger/account diagnostic or legacy reconciliation; preserve,6309a0b582ad6aba95f98833354003e65ae0962c6e2d072288edfab6321b2adb
backend/audit_routes.py,743,current_balance,forensic_report,exact_symbol,legacy_unrelated,Existing general-ledger/account diagnostic or legacy reconciliation; preserve,6309a0b582ad6aba95f98833354003e65ae0962c6e2d072288edfab6321b2adb
backend/audit_routes.py,838,current_balance,forensic_report,substring_only,legacy_unrelated,Existing general-ledger/account diagnostic or legacy reconciliation; preserve,6309a0b582ad6aba95f98833354003e65ae0962c6e2d072288edfab6321b2adb
backend/audit_routes.py,839,current_balance,forensic_report,exact_symbol,legacy_unrelated,Existing general-ledger/account diagnostic or legacy reconciliation; preserve,6309a0b582ad6aba95f98833354003e65ae0962c6e2d072288edfab6321b2adb
backend/audit_routes.py,845,current_balance,forensic_report,substring_only,legacy_unrelated,Existing general-ledger/account diagnostic or legacy reconciliation; preserve,6309a0b582ad6aba95f98833354003e65ae0962c6e2d072288edfab6321b2adb
backend/audit_routes.py,850,current_balance,forensic_report,substring_only,legacy_unrelated,Existing general-ledger/account diagnostic or legacy reconciliation; preserve,6309a0b582ad6aba95f98833354003e65ae0962c6e2d072288edfab6321b2adb
backend/audit_routes.py,856,current_balance,forensic_report,substring_only,legacy_unrelated,Existing general-ledger/account diagnostic or legacy reconciliation; preserve,6309a0b582ad6aba95f98833354003e65ae0962c6e2d072288edfab6321b2adb
backend/audit_routes.py,913,current_balance,tabby_phase2,exact_symbol,legacy_unrelated,Existing general-ledger/account diagnostic or legacy reconciliation; preserve,6309a0b582ad6aba95f98833354003e65ae0962c6e2d072288edfab6321b2adb
backend/audit_routes.py,921,current_balance,tabby_phase2,exact_symbol,legacy_unrelated,Existing general-ledger/account diagnostic or legacy reconciliation; preserve,6309a0b582ad6aba95f98833354003e65ae0962c6e2d072288edfab6321b2adb
backend/audit_routes.py,922,current_balance,tabby_phase2,exact_symbol,legacy_unrelated,Existing general-ledger/account diagnostic or legacy reconciliation; preserve,6309a0b582ad6aba95f98833354003e65ae0962c6e2d072288edfab6321b2adb
backend/audit_routes.py,1159,current_balance,tabby_phase2,substring_only,legacy_unrelated,Existing general-ledger/account diagnostic or legacy reconciliation; preserve,6309a0b582ad6aba95f98833354003e65ae0962c6e2d072288edfab6321b2adb
backend/audit_routes.py,1160,current_balance,tabby_phase2,exact_symbol,legacy_unrelated,Existing general-ledger/account diagnostic or legacy reconciliation; preserve,6309a0b582ad6aba95f98833354003e65ae0962c6e2d072288edfab6321b2adb
backend/audit_routes.py,1162,current_balance,tabby_phase2,substring_only,legacy_unrelated,Existing general-ledger/account diagnostic or legacy reconciliation; preserve,6309a0b582ad6aba95f98833354003e65ae0962c6e2d072288edfab6321b2adb
backend/audit_routes.py,1215,current_balance,tabby_phase2,substring_only,legacy_unrelated,Existing general-ledger/account diagnostic or legacy reconciliation; preserve,6309a0b582ad6aba95f98833354003e65ae0962c6e2d072288edfab6321b2adb
backend/audit_routes.py,1216,current_balance,tabby_phase2,exact_symbol,legacy_unrelated,Existing general-ledger/account diagnostic or legacy reconciliation; preserve,6309a0b582ad6aba95f98833354003e65ae0962c6e2d072288edfab6321b2adb
backend/audit_routes.py,1226,current_balance,tabby_phase2,substring_only,legacy_unrelated,Existing general-ledger/account diagnostic or legacy reconciliation; preserve,6309a0b582ad6aba95f98833354003e65ae0962c6e2d072288edfab6321b2adb
backend/audit_routes.py,1315,current_balance,tabby_phase2,substring_only,legacy_unrelated,Existing general-ledger/account diagnostic or legacy reconciliation; preserve,6309a0b582ad6aba95f98833354003e65ae0962c6e2d072288edfab6321b2adb
backend/balance_drift_diagnostic_routes.py,5,current_balance,<module/JS source>,exact_symbol,legacy_unrelated,Existing general-ledger/account diagnostic or legacy reconciliation; preserve,5c653bba212bc99849263d701a44724cc60cc4375329d29a0dd37c9aee5581ce
backend/balance_drift_diagnostic_routes.py,9,account_balance_ssot,<module/JS source>,exact_symbol,legacy_unrelated,Existing general-ledger/account diagnostic or legacy reconciliation; preserve,5c653bba212bc99849263d701a44724cc60cc4375329d29a0dd37c9aee5581ce
backend/balance_drift_diagnostic_routes.py,192,account_balance_ssot,balance_drift,exact_symbol,legacy_unrelated,Existing general-ledger/account diagnostic or legacy reconciliation; preserve,5c653bba212bc99849263d701a44724cc60cc4375329d29a0dd37c9aee5581ce
backend/balance_drift_diagnostic_routes.py,196,account_balance_ssot,balance_drift,exact_symbol,legacy_unrelated,Existing general-ledger/account diagnostic or legacy reconciliation; preserve,5c653bba212bc99849263d701a44724cc60cc4375329d29a0dd37c9aee5581ce
backend/balance_drift_diagnostic_routes.py,198,account_balance_ssot,balance_drift,exact_symbol,legacy_unrelated,Existing general-ledger/account diagnostic or legacy reconciliation; preserve,5c653bba212bc99849263d701a44724cc60cc4375329d29a0dd37c9aee5581ce
backend/balance_drift_diagnostic_routes.py,215,current_balance,balance_drift,exact_symbol,legacy_unrelated,Existing general-ledger/account diagnostic or legacy reconciliation; preserve,5c653bba212bc99849263d701a44724cc60cc4375329d29a0dd37c9aee5581ce
backend/balance_drift_diagnostic_routes.py,230,account_balance_ssot,balance_drift,exact_symbol,legacy_unrelated,Existing general-ledger/account diagnostic or legacy reconciliation; preserve,5c653bba212bc99849263d701a44724cc60cc4375329d29a0dd37c9aee5581ce
backend/balance_drift_diagnostic_routes.py,233,account_balance_ssot,balance_drift,exact_symbol,legacy_unrelated,Existing general-ledger/account diagnostic or legacy reconciliation; preserve,5c653bba212bc99849263d701a44724cc60cc4375329d29a0dd37c9aee5581ce
backend/balance_drift_diagnostic_routes.py,289,current_balance,balance_drift,substring_only,legacy_unrelated,Existing general-ledger/account diagnostic or legacy reconciliation; preserve,5c653bba212bc99849263d701a44724cc60cc4375329d29a0dd37c9aee5581ce
backend/balance_drift_diagnostic_routes.py,362,current_balance,balance_drift,exact_symbol,legacy_unrelated,Existing general-ledger/account diagnostic or legacy reconciliation; preserve,5c653bba212bc99849263d701a44724cc60cc4375329d29a0dd37c9aee5581ce
backend/balance_resolver.py,10,current_balance,<module/JS source>,exact_symbol,legacy_unrelated,"Existing shared/legacy account, employee, supplier, courier or BNPL workflow; outside P01 router",cc15d3b8cb1fa53cfad216122205eb59b9da11a9a64454e25436dd0d6b1aecb1
backend/balance_resolver.py,13,compute_balance,<module/JS source>,exact_symbol,legacy_unrelated,"Existing shared/legacy account, employee, supplier, courier or BNPL workflow; outside P01 router",cc15d3b8cb1fa53cfad216122205eb59b9da11a9a64454e25436dd0d6b1aecb1
backend/balance_resolver.py,15,current_balance,<module/JS source>,exact_symbol,legacy_unrelated,"Existing shared/legacy account, employee, supplier, courier or BNPL workflow; outside P01 router",cc15d3b8cb1fa53cfad216122205eb59b9da11a9a64454e25436dd0d6b1aecb1
backend/balance_resolver.py,35,current_balance,resolve_live_balance,exact_symbol,legacy_unrelated,"Existing shared/legacy account, employee, supplier, courier or BNPL workflow; outside P01 router",cc15d3b8cb1fa53cfad216122205eb59b9da11a9a64454e25436dd0d6b1aecb1
backend/balance_resolver.py,40,current_balance,resolve_live_balance,exact_symbol,legacy_unrelated,"Existing shared/legacy account, employee, supplier, courier or BNPL workflow; outside P01 router",cc15d3b8cb1fa53cfad216122205eb59b9da11a9a64454e25436dd0d6b1aecb1
backend/balance_resolver.py,41,current_balance,resolve_live_balance,exact_symbol,legacy_unrelated,"Existing shared/legacy account, employee, supplier, courier or BNPL workflow; outside P01 router",cc15d3b8cb1fa53cfad216122205eb59b9da11a9a64454e25436dd0d6b1aecb1
backend/balance_resolver.py,45,current_balance,resolve_live_balance,exact_symbol,legacy_unrelated,"Existing shared/legacy account, employee, supplier, courier or BNPL workflow; outside P01 router",cc15d3b8cb1fa53cfad216122205eb59b9da11a9a64454e25436dd0d6b1aecb1
backend/balance_resolver.py,70,compute_balance,resolve_live_balance,exact_symbol,legacy_unrelated,"Existing shared/legacy account, employee, supplier, courier or BNPL workflow; outside P01 router",cc15d3b8cb1fa53cfad216122205eb59b9da11a9a64454e25436dd0d6b1aecb1
backend/balance_resolver.py,93,current_balance,resolve_live_balance,exact_symbol,legacy_unrelated,"Existing shared/legacy account, employee, supplier, courier or BNPL workflow; outside P01 router",cc15d3b8cb1fa53cfad216122205eb59b9da11a9a64454e25436dd0d6b1aecb1
backend/balance_resolver.py,96,current_balance,resolve_live_balance,exact_symbol,legacy_unrelated,"Existing shared/legacy account, employee, supplier, courier or BNPL workflow; outside P01 router",cc15d3b8cb1fa53cfad216122205eb59b9da11a9a64454e25436dd0d6b1aecb1
backend/balance_resolver.py,112,current_balance,resolve_live_balance_by_id,exact_symbol,legacy_unrelated,"Existing shared/legacy account, employee, supplier, courier or BNPL workflow; outside P01 router",cc15d3b8cb1fa53cfad216122205eb59b9da11a9a64454e25436dd0d6b1aecb1
backend/balances.py,44,compute_balance,compute_balances,substring_only,legacy_unrelated,"Existing shared/legacy account, employee, supplier, courier or BNPL workflow; outside P01 router",26fd08b6cebbbeae78957aed2d13b685b617ea824fa096bb9a88caeda3dd7a7e
backend/bank_balance_subaccount_diagnostic_routes.py,5,current_balance,<module/JS source>,exact_symbol,legacy_unrelated,Existing general-ledger/account diagnostic or legacy reconciliation; preserve,1654a8fd6bda0ae474e7ad0b0d24714a17c95132a3fab7ecfa642c222a79795f
backend/bank_balance_subaccount_diagnostic_routes.py,8,current_balance,<module/JS source>,exact_symbol,legacy_unrelated,Existing general-ledger/account diagnostic or legacy reconciliation; preserve,1654a8fd6bda0ae474e7ad0b0d24714a17c95132a3fab7ecfa642c222a79795f
backend/bank_balance_subaccount_diagnostic_routes.py,10,current_balance,<module/JS source>,exact_symbol,legacy_unrelated,Existing general-ledger/account diagnostic or legacy reconciliation; preserve,1654a8fd6bda0ae474e7ad0b0d24714a17c95132a3fab7ecfa642c222a79795f
backend/bank_balance_subaccount_diagnostic_routes.py,11,current_balance,<module/JS source>,exact_symbol,legacy_unrelated,Existing general-ledger/account diagnostic or legacy reconciliation; preserve,1654a8fd6bda0ae474e7ad0b0d24714a17c95132a3fab7ecfa642c222a79795f
backend/bank_balance_subaccount_diagnostic_routes.py,49,current_balance,diag,exact_symbol,legacy_unrelated,Existing general-ledger/account diagnostic or legacy reconciliation; preserve,1654a8fd6bda0ae474e7ad0b0d24714a17c95132a3fab7ecfa642c222a79795f
backend/bank_balance_subaccount_diagnostic_routes.py,62,current_balance,diag,exact_symbol,legacy_unrelated,Existing general-ledger/account diagnostic or legacy reconciliation; preserve,1654a8fd6bda0ae474e7ad0b0d24714a17c95132a3fab7ecfa642c222a79795f
backend/bank_balance_subaccount_diagnostic_routes.py,172,current_balance,diag,exact_symbol,legacy_unrelated,Existing general-ledger/account diagnostic or legacy reconciliation; preserve,1654a8fd6bda0ae474e7ad0b0d24714a17c95132a3fab7ecfa642c222a79795f
backend/bank_balance_subaccount_diagnostic_routes.py,173,current_balance,diag,exact_symbol,legacy_unrelated,Existing general-ledger/account diagnostic or legacy reconciliation; preserve,1654a8fd6bda0ae474e7ad0b0d24714a17c95132a3fab7ecfa642c222a79795f
backend/bank_balance_subaccount_diagnostic_routes.py,174,current_balance,diag,exact_symbol,legacy_unrelated,Existing general-ledger/account diagnostic or legacy reconciliation; preserve,1654a8fd6bda0ae474e7ad0b0d24714a17c95132a3fab7ecfa642c222a79795f
backend/bank_balance_subaccount_diagnostic_routes.py,175,current_balance,diag,exact_symbol,legacy_unrelated,Existing general-ledger/account diagnostic or legacy reconciliation; preserve,1654a8fd6bda0ae474e7ad0b0d24714a17c95132a3fab7ecfa642c222a79795f
backend/bank_balance_subaccount_diagnostic_routes.py,181,current_balance,diag,exact_symbol,legacy_unrelated,Existing general-ledger/account diagnostic or legacy reconciliation; preserve,1654a8fd6bda0ae474e7ad0b0d24714a17c95132a3fab7ecfa642c222a79795f
backend/bank_balance_subaccount_diagnostic_routes.py,182,current_balance,diag,exact_symbol,legacy_unrelated,Existing general-ledger/account diagnostic or legacy reconciliation; preserve,1654a8fd6bda0ae474e7ad0b0d24714a17c95132a3fab7ecfa642c222a79795f
backend/bank_balance_subaccount_diagnostic_routes.py,185,current_balance,diag,exact_symbol,legacy_unrelated,Existing general-ledger/account diagnostic or legacy reconciliation; preserve,1654a8fd6bda0ae474e7ad0b0d24714a17c95132a3fab7ecfa642c222a79795f
backend/bank_balance_subaccount_diagnostic_routes.py,189,current_balance,diag,exact_symbol,legacy_unrelated,Existing general-ledger/account diagnostic or legacy reconciliation; preserve,1654a8fd6bda0ae474e7ad0b0d24714a17c95132a3fab7ecfa642c222a79795f
backend/bank_balance_subaccount_diagnostic_routes.py,212,current_balance,diag,exact_symbol,legacy_unrelated,Existing general-ledger/account diagnostic or legacy reconciliation; preserve,1654a8fd6bda0ae474e7ad0b0d24714a17c95132a3fab7ecfa642c222a79795f
backend/bank_balance_subaccount_diagnostic_routes.py,219,current_balance,diag,exact_symbol,legacy_unrelated,Existing general-ledger/account diagnostic or legacy reconciliation; preserve,1654a8fd6bda0ae474e7ad0b0d24714a17c95132a3fab7ecfa642c222a79795f
backend/bank_balance_subaccount_diagnostic_routes.py,226,current_balance,diag,exact_symbol,legacy_unrelated,Existing general-ledger/account diagnostic or legacy reconciliation; preserve,1654a8fd6bda0ae474e7ad0b0d24714a17c95132a3fab7ecfa642c222a79795f
backend/bank_balance_subaccount_diagnostic_routes.py,247,current_balance,diag,exact_symbol,legacy_unrelated,Existing general-ledger/account diagnostic or legacy reconciliation; preserve,1654a8fd6bda0ae474e7ad0b0d24714a17c95132a3fab7ecfa642c222a79795f
backend/bank_balance_subaccount_diagnostic_routes.py,250,current_balance,diag,exact_symbol,legacy_unrelated,Existing general-ledger/account diagnostic or legacy reconciliation; preserve,1654a8fd6bda0ae474e7ad0b0d24714a17c95132a3fab7ecfa642c222a79795f
backend/bank_balance_subaccount_diagnostic_routes.py,283,current_balance,diag,exact_symbol,legacy_unrelated,Existing general-ledger/account diagnostic or legacy reconciliation; preserve,1654a8fd6bda0ae474e7ad0b0d24714a17c95132a3fab7ecfa642c222a79795f
backend/bank_balance_subaccount_diagnostic_routes.py,296,current_balance,diag,exact_symbol,legacy_unrelated,Existing general-ledger/account diagnostic or legacy reconciliation; preserve,1654a8fd6bda0ae474e7ad0b0d24714a17c95132a3fab7ecfa642c222a79795f
backend/bank_balance_subaccount_diagnostic_routes.py,301,current_balance,diag,substring_only,legacy_unrelated,Existing general-ledger/account diagnostic or legacy reconciliation; preserve,1654a8fd6bda0ae474e7ad0b0d24714a17c95132a3fab7ecfa642c222a79795f
backend/bank_balance_subaccount_diagnostic_routes.py,337,current_balance,diag,exact_symbol,legacy_unrelated,Existing general-ledger/account diagnostic or legacy reconciliation; preserve,1654a8fd6bda0ae474e7ad0b0d24714a17c95132a3fab7ecfa642c222a79795f
backend/bank_current_balance_source_routes.py,1,current_balance,<module/JS source>,exact_symbol,legacy_unrelated,"Existing shared/legacy account, employee, supplier, courier or BNPL workflow; outside P01 router",f5c27d2ea03124859fae8c8864d8baf8240b2bdab99f933a304e7078a87861e0
backend/bank_current_balance_source_routes.py,4,current_balance,<module/JS source>,exact_symbol,legacy_unrelated,"Existing shared/legacy account, employee, supplier, courier or BNPL workflow; outside P01 router",f5c27d2ea03124859fae8c8864d8baf8240b2bdab99f933a304e7078a87861e0
backend/bank_current_balance_source_routes.py,8,current_balance,<module/JS source>,exact_symbol,legacy_unrelated,"Existing shared/legacy account, employee, supplier, courier or BNPL workflow; outside P01 router",f5c27d2ea03124859fae8c8864d8baf8240b2bdab99f933a304e7078a87861e0
backend/bank_current_balance_source_routes.py,9,account_balance_ssot,<module/JS source>,exact_symbol,legacy_unrelated,"Existing shared/legacy account, employee, supplier, courier or BNPL workflow; outside P01 router",f5c27d2ea03124859fae8c8864d8baf8240b2bdab99f933a304e7078a87861e0
backend/bank_current_balance_source_routes.py,39,current_balance,make_bank_current_balance_source_router,substring_only,legacy_unrelated,"Existing shared/legacy account, employee, supplier, courier or BNPL workflow; outside P01 router",f5c27d2ea03124859fae8c8864d8baf8240b2bdab99f933a304e7078a87861e0
backend/bank_current_balance_source_routes.py,61,current_balance,diag,exact_symbol,legacy_unrelated,"Existing shared/legacy account, employee, supplier, courier or BNPL workflow; outside P01 router",f5c27d2ea03124859fae8c8864d8baf8240b2bdab99f933a304e7078a87861e0
backend/bank_current_balance_source_routes.py,65,account_balance_ssot,diag,exact_symbol,legacy_unrelated,"Existing shared/legacy account, employee, supplier, courier or BNPL workflow; outside P01 router",f5c27d2ea03124859fae8c8864d8baf8240b2bdab99f933a304e7078a87861e0
backend/bank_current_balance_source_routes.py,69,account_balance_ssot,diag,exact_symbol,legacy_unrelated,"Existing shared/legacy account, employee, supplier, courier or BNPL workflow; outside P01 router",f5c27d2ea03124859fae8c8864d8baf8240b2bdab99f933a304e7078a87861e0
backend/bank_current_balance_source_routes.py,70,account_balance_ssot,diag,exact_symbol,legacy_unrelated,"Existing shared/legacy account, employee, supplier, courier or BNPL workflow; outside P01 router",f5c27d2ea03124859fae8c8864d8baf8240b2bdab99f933a304e7078a87861e0
backend/bank_current_balance_source_routes.py,203,compute_balance,diag,substring_only,legacy_unrelated,"Existing shared/legacy account, employee, supplier, courier or BNPL workflow; outside P01 router",f5c27d2ea03124859fae8c8864d8baf8240b2bdab99f933a304e7078a87861e0
backend/bank_current_balance_source_routes.py,242,current_balance,diag,exact_symbol,legacy_unrelated,"Existing shared/legacy account, employee, supplier, courier or BNPL workflow; outside P01 router",f5c27d2ea03124859fae8c8864d8baf8240b2bdab99f933a304e7078a87861e0
backend/bank_current_balance_source_routes.py,252,current_balance,diag,substring_only,legacy_unrelated,"Existing shared/legacy account, employee, supplier, courier or BNPL workflow; outside P01 router",f5c27d2ea03124859fae8c8864d8baf8240b2bdab99f933a304e7078a87861e0
backend/bank_current_balance_source_routes.py,253,current_balance,diag,exact_symbol,legacy_unrelated,"Existing shared/legacy account, employee, supplier, courier or BNPL workflow; outside P01 router",f5c27d2ea03124859fae8c8864d8baf8240b2bdab99f933a304e7078a87861e0
backend/bank_current_balance_source_routes.py,264,current_balance,diag,substring_only,legacy_unrelated,"Existing shared/legacy account, employee, supplier, courier or BNPL workflow; outside P01 router",f5c27d2ea03124859fae8c8864d8baf8240b2bdab99f933a304e7078a87861e0
backend/bank_current_balance_source_routes.py,265,current_balance,diag,exact_symbol,legacy_unrelated,"Existing shared/legacy account, employee, supplier, courier or BNPL workflow; outside P01 router",f5c27d2ea03124859fae8c8864d8baf8240b2bdab99f933a304e7078a87861e0
backend/bank_current_balance_source_routes.py,279,current_balance,diag,substring_only,legacy_unrelated,"Existing shared/legacy account, employee, supplier, courier or BNPL workflow; outside P01 router",f5c27d2ea03124859fae8c8864d8baf8240b2bdab99f933a304e7078a87861e0
backend/bank_current_balance_source_routes.py,280,current_balance,diag,exact_symbol,legacy_unrelated,"Existing shared/legacy account, employee, supplier, courier or BNPL workflow; outside P01 router",f5c27d2ea03124859fae8c8864d8baf8240b2bdab99f933a304e7078a87861e0
backend/bank_current_balance_source_routes.py,289,current_balance,diag,exact_symbol,legacy_unrelated,"Existing shared/legacy account, employee, supplier, courier or BNPL workflow; outside P01 router",f5c27d2ea03124859fae8c8864d8baf8240b2bdab99f933a304e7078a87861e0
backend/bank_current_balance_source_routes.py,307,current_balance,diag,exact_symbol,legacy_unrelated,"Existing shared/legacy account, employee, supplier, courier or BNPL workflow; outside P01 router",f5c27d2ea03124859fae8c8864d8baf8240b2bdab99f933a304e7078a87861e0
backend/bank_current_balance_source_routes.py,310,current_balance,diag,exact_symbol,legacy_unrelated,"Existing shared/legacy account, employee, supplier, courier or BNPL workflow; outside P01 router",f5c27d2ea03124859fae8c8864d8baf8240b2bdab99f933a304e7078a87861e0
backend/bank_current_balance_source_routes.py,320,current_balance,diag,substring_only,legacy_unrelated,"Existing shared/legacy account, employee, supplier, courier or BNPL workflow; outside P01 router",f5c27d2ea03124859fae8c8864d8baf8240b2bdab99f933a304e7078a87861e0
backend/bank_current_balance_source_routes.py,321,current_balance,diag,exact_symbol,legacy_unrelated,"Existing shared/legacy account, employee, supplier, courier or BNPL workflow; outside P01 router",f5c27d2ea03124859fae8c8864d8baf8240b2bdab99f933a304e7078a87861e0
backend/bank_current_balance_source_routes.py,326,compute_balance;current_balance,diag,exact_symbol,legacy_unrelated,"Existing shared/legacy account, employee, supplier, courier or BNPL workflow; outside P01 router",f5c27d2ea03124859fae8c8864d8baf8240b2bdab99f933a304e7078a87861e0
backend/bank_current_balance_source_routes.py,331,current_balance,diag,substring_only,legacy_unrelated,"Existing shared/legacy account, employee, supplier, courier or BNPL workflow; outside P01 router",f5c27d2ea03124859fae8c8864d8baf8240b2bdab99f933a304e7078a87861e0
backend/bank_current_balance_source_routes.py,332,current_balance,diag,exact_symbol,legacy_unrelated,"Existing shared/legacy account, employee, supplier, courier or BNPL workflow; outside P01 router",f5c27d2ea03124859fae8c8864d8baf8240b2bdab99f933a304e7078a87861e0
backend/bank_current_balance_source_routes.py,338,current_balance,diag,exact_symbol,legacy_unrelated,"Existing shared/legacy account, employee, supplier, courier or BNPL workflow; outside P01 router",f5c27d2ea03124859fae8c8864d8baf8240b2bdab99f933a304e7078a87861e0
backend/bank_current_balance_source_routes.py,339,current_balance,diag,substring_only,legacy_unrelated,"Existing shared/legacy account, employee, supplier, courier or BNPL workflow; outside P01 router",f5c27d2ea03124859fae8c8864d8baf8240b2bdab99f933a304e7078a87861e0
backend/bank_current_balance_source_routes.py,341,current_balance,diag,exact_symbol,legacy_unrelated,"Existing shared/legacy account, employee, supplier, courier or BNPL workflow; outside P01 router",f5c27d2ea03124859fae8c8864d8baf8240b2bdab99f933a304e7078a87861e0
backend/bank_current_balance_source_routes.py,344,compute_balance,diag,substring_only,legacy_unrelated,"Existing shared/legacy account, employee, supplier, courier or BNPL workflow; outside P01 router",f5c27d2ea03124859fae8c8864d8baf8240b2bdab99f933a304e7078a87861e0
backend/bank_current_balance_source_routes.py,347,current_balance,diag,exact_symbol,legacy_unrelated,"Existing shared/legacy account, employee, supplier, courier or BNPL workflow; outside P01 router",f5c27d2ea03124859fae8c8864d8baf8240b2bdab99f933a304e7078a87861e0
backend/bank_current_balance_source_routes.py,348,current_balance,diag,substring_only,legacy_unrelated,"Existing shared/legacy account, employee, supplier, courier or BNPL workflow; outside P01 router",f5c27d2ea03124859fae8c8864d8baf8240b2bdab99f933a304e7078a87861e0
backend/bank_current_balance_source_routes.py,350,current_balance,diag,exact_symbol,legacy_unrelated,"Existing shared/legacy account, employee, supplier, courier or BNPL workflow; outside P01 router",f5c27d2ea03124859fae8c8864d8baf8240b2bdab99f933a304e7078a87861e0
backend/bank_current_balance_source_routes.py,354,current_balance,diag,exact_symbol,legacy_unrelated,"Existing shared/legacy account, employee, supplier, courier or BNPL workflow; outside P01 router",f5c27d2ea03124859fae8c8864d8baf8240b2bdab99f933a304e7078a87861e0
backend/bank_current_balance_source_routes.py,356,current_balance,diag,substring_only,legacy_unrelated,"Existing shared/legacy account, employee, supplier, courier or BNPL workflow; outside P01 router",f5c27d2ea03124859fae8c8864d8baf8240b2bdab99f933a304e7078a87861e0
backend/bank_current_balance_source_routes.py,360,current_balance,diag,exact_symbol,legacy_unrelated,"Existing shared/legacy account, employee, supplier, courier or BNPL workflow; outside P01 router",f5c27d2ea03124859fae8c8864d8baf8240b2bdab99f933a304e7078a87861e0
backend/bank_current_balance_source_routes.py,364,current_balance,diag,exact_symbol,legacy_unrelated,"Existing shared/legacy account, employee, supplier, courier or BNPL workflow; outside P01 router",f5c27d2ea03124859fae8c8864d8baf8240b2bdab99f933a304e7078a87861e0
backend/bank_current_balance_source_routes.py,368,current_balance,diag,exact_symbol,legacy_unrelated,"Existing shared/legacy account, employee, supplier, courier or BNPL workflow; outside P01 router",f5c27d2ea03124859fae8c8864d8baf8240b2bdab99f933a304e7078a87861e0
backend/bank_current_balance_source_routes.py,377,current_balance,diag,exact_symbol,legacy_unrelated,"Existing shared/legacy account, employee, supplier, courier or BNPL workflow; outside P01 router",f5c27d2ea03124859fae8c8864d8baf8240b2bdab99f933a304e7078a87861e0
backend/bank_current_balance_source_routes.py,380,current_balance,diag,exact_symbol,legacy_unrelated,"Existing shared/legacy account, employee, supplier, courier or BNPL workflow; outside P01 router",f5c27d2ea03124859fae8c8864d8baf8240b2bdab99f933a304e7078a87861e0
backend/bank_current_balance_source_routes.py,383,current_balance,diag,exact_symbol,legacy_unrelated,"Existing shared/legacy account, employee, supplier, courier or BNPL workflow; outside P01 router",f5c27d2ea03124859fae8c8864d8baf8240b2bdab99f933a304e7078a87861e0
backend/bank_current_balance_source_routes.py,406,current_balance,diag,exact_symbol,legacy_unrelated,"Existing shared/legacy account, employee, supplier, courier or BNPL workflow; outside P01 router",f5c27d2ea03124859fae8c8864d8baf8240b2bdab99f933a304e7078a87861e0
backend/bank_current_balance_source_routes.py,407,account_balance_ssot,diag,substring_only,legacy_unrelated,"Existing shared/legacy account, employee, supplier, courier or BNPL workflow; outside P01 router",f5c27d2ea03124859fae8c8864d8baf8240b2bdab99f933a304e7078a87861e0
backend/bank_current_balance_source_routes.py,408,account_balance_ssot,diag,substring_only,legacy_unrelated,"Existing shared/legacy account, employee, supplier, courier or BNPL workflow; outside P01 router",f5c27d2ea03124859fae8c8864d8baf8240b2bdab99f933a304e7078a87861e0
backend/bank_current_balance_source_routes.py,441,current_balance,diag,substring_only,legacy_unrelated,"Existing shared/legacy account, employee, supplier, courier or BNPL workflow; outside P01 router",f5c27d2ea03124859fae8c8864d8baf8240b2bdab99f933a304e7078a87861e0
backend/bank_current_balance_source_routes.py,442,current_balance,diag,exact_symbol,legacy_unrelated,"Existing shared/legacy account, employee, supplier, courier or BNPL workflow; outside P01 router",f5c27d2ea03124859fae8c8864d8baf8240b2bdab99f933a304e7078a87861e0
backend/bank_current_balance_source_routes.py,443,compute_balance,diag,substring_only,legacy_unrelated,"Existing shared/legacy account, employee, supplier, courier or BNPL workflow; outside P01 router",f5c27d2ea03124859fae8c8864d8baf8240b2bdab99f933a304e7078a87861e0
backend/bank_current_balance_source_routes.py,452,current_balance,diag,substring_only,legacy_unrelated,"Existing shared/legacy account, employee, supplier, courier or BNPL workflow; outside P01 router",f5c27d2ea03124859fae8c8864d8baf8240b2bdab99f933a304e7078a87861e0
backend/bank_current_balance_source_routes.py,453,current_balance,diag,exact_symbol,legacy_unrelated,"Existing shared/legacy account, employee, supplier, courier or BNPL workflow; outside P01 router",f5c27d2ea03124859fae8c8864d8baf8240b2bdab99f933a304e7078a87861e0
backend/bank_current_balance_source_routes.py,457,current_balance,diag,substring_only,legacy_unrelated,"Existing shared/legacy account, employee, supplier, courier or BNPL workflow; outside P01 router",f5c27d2ea03124859fae8c8864d8baf8240b2bdab99f933a304e7078a87861e0
backend/bank_current_balance_source_routes.py,463,current_balance,diag,exact_symbol,legacy_unrelated,"Existing shared/legacy account, employee, supplier, courier or BNPL workflow; outside P01 router",f5c27d2ea03124859fae8c8864d8baf8240b2bdab99f933a304e7078a87861e0
backend/bnpl/settlement_bridge.py,58,compute_balance,_current_receivable,exact_symbol,legacy_unrelated,"Existing shared/legacy account, employee, supplier, courier or BNPL workflow; outside P01 router",1c0a9971434f30921a7e182d770fabf06dfd7185802ee3b542d3b7f060f78723
backend/bnpl/settlement_bridge.py,59,compute_balance,_current_receivable,exact_symbol,legacy_unrelated,"Existing shared/legacy account, employee, supplier, courier or BNPL workflow; outside P01 router",1c0a9971434f30921a7e182d770fabf06dfd7185802ee3b542d3b7f060f78723
backend/bnpl/settlement_bridge.py,372,current_balance,post_bnpl_settlement_to_ledger,exact_symbol,legacy_unrelated,"Existing shared/legacy account, employee, supplier, courier or BNPL workflow; outside P01 router",1c0a9971434f30921a7e182d770fabf06dfd7185802ee3b542d3b7f060f78723
backend/bnpl/settlements_routes.py,205,compute_balance,register_settlement,substring_only,legacy_unrelated,"Existing shared/legacy account, employee, supplier, courier or BNPL workflow; outside P01 router",163219b11066a902de012fb342e5baef35ed1a7ada319f72bd4d3463f6ae55b4
backend/bnpl/settlements_routes.py,206,compute_balance,register_settlement,substring_only,legacy_unrelated,"Existing shared/legacy account, employee, supplier, courier or BNPL workflow; outside P01 router",163219b11066a902de012fb342e5baef35ed1a7ada319f72bd4d3463f6ae55b4
backend/bnpl/settlements_routes.py,311,compute_balance,backfill_bank_transactions,substring_only,legacy_unrelated,"Existing shared/legacy account, employee, supplier, courier or BNPL workflow; outside P01 router",163219b11066a902de012fb342e5baef35ed1a7ada319f72bd4d3463f6ae55b4
backend/bnpl/settlements_routes.py,314,compute_balance,backfill_bank_transactions,substring_only,legacy_unrelated,"Existing shared/legacy account, employee, supplier, courier or BNPL workflow; outside P01 router",163219b11066a902de012fb342e5baef35ed1a7ada319f72bd4d3463f6ae55b4
backend/bnpl/settlements_routes.py,726,compute_balance,registration_overview,exact_symbol,legacy_unrelated,"Existing shared/legacy account, employee, supplier, courier or BNPL workflow; outside P01 router",163219b11066a902de012fb342e5baef35ed1a7ada319f72bd4d3463f6ae55b4
backend/bnpl/settlements_routes.py,742,compute_balance,registration_overview,exact_symbol,legacy_unrelated,"Existing shared/legacy account, employee, supplier, courier or BNPL workflow; outside P01 router",163219b11066a902de012fb342e5baef35ed1a7ada319f72bd4d3463f6ae55b4
backend/bnpl_settlement_banktx_routes.py,171,current_balance,apply,exact_symbol,legacy_unrelated,"Existing shared/legacy account, employee, supplier, courier or BNPL workflow; outside P01 router",391e5126c99f25e64e1c7b80372d8b041c9f46cd23de067324c0c56a2857e1c7
backend/bnpl_settlement_health_routes.py,35,compute_balance,_provider_health,exact_symbol,legacy_unrelated,"Existing shared/legacy account, employee, supplier, courier or BNPL workflow; outside P01 router",bf32a14433d5bf9314746c8ace94675cd122e07be246368855bed86f9f2f074f
backend/bnpl_settlement_health_routes.py,36,compute_balance,_provider_health,exact_symbol,legacy_unrelated,"Existing shared/legacy account, employee, supplier, courier or BNPL workflow; outside P01 router",bf32a14433d5bf9314746c8ace94675cd122e07be246368855bed86f9f2f074f
backend/bnpl_settlement_trace_routes.py,79,current_balance,trace,exact_symbol,legacy_unrelated,Existing general-ledger/account diagnostic or legacy reconciliation; preserve,c5ffb089ac06a149390a96586595a9b81dba2f1dc3d5ee5588fd1fb7b37060d1
backend/bnpl_settlement_trace_routes.py,123,current_balance,trace,exact_symbol,legacy_unrelated,Existing general-ledger/account diagnostic or legacy reconciliation; preserve,c5ffb089ac06a149390a96586595a9b81dba2f1dc3d5ee5588fd1fb7b37060d1
backend/bnpl_statement_ui_audit_routes.py,474,current_balance,trace_account_statement,exact_symbol,legacy_unrelated,Existing general-ledger/account diagnostic or legacy reconciliation; preserve,79d9d3d630d05c459ae7e780c576ed4c4fc8002ff508dd4a4f961563db60b946
backend/bnpl_statement_ui_audit_routes.py,557,current_balance,trace_account_statement,exact_symbol,legacy_unrelated,Existing general-ledger/account diagnostic or legacy reconciliation; preserve,79d9d3d630d05c459ae7e780c576ed4c4fc8002ff508dd4a4f961563db60b946
backend/cod_diagnostic_routes.py,74,current_balance,cod_source_breakdown,exact_symbol,legacy_unrelated,Existing general-ledger/account diagnostic or legacy reconciliation; preserve,6174f328804b91b1b2f74bdc42440bdc1e761d41b994bf3ff2769d612c7578c5
backend/cod_diagnostic_routes.py,125,current_balance,cod_source_breakdown,exact_symbol,legacy_unrelated,Existing general-ledger/account diagnostic or legacy reconciliation; preserve,6174f328804b91b1b2f74bdc42440bdc1e761d41b994bf3ff2769d612c7578c5
backend/cod_diagnostic_routes.py,185,current_balance,cod_source_breakdown,exact_symbol,legacy_unrelated,Existing general-ledger/account diagnostic or legacy reconciliation; preserve,6174f328804b91b1b2f74bdc42440bdc1e761d41b994bf3ff2769d612c7578c5
backend/cod_diagnostic_routes.py,261,current_balance,cod_source_breakdown,exact_symbol,legacy_unrelated,Existing general-ledger/account diagnostic or legacy reconciliation; preserve,6174f328804b91b1b2f74bdc42440bdc1e761d41b994bf3ff2769d612c7578c5
backend/cod_diagnostic_routes.py,266,current_balance,cod_source_breakdown,exact_symbol,legacy_unrelated,Existing general-ledger/account diagnostic or legacy reconciliation; preserve,6174f328804b91b1b2f74bdc42440bdc1e761d41b994bf3ff2769d612c7578c5
backend/cod_diagnostic_routes.py,307,current_balance,cod_source_breakdown,exact_symbol,legacy_unrelated,Existing general-ledger/account diagnostic or legacy reconciliation; preserve,6174f328804b91b1b2f74bdc42440bdc1e761d41b994bf3ff2769d612c7578c5
backend/cod_diagnostic_routes.py,310,current_balance,cod_source_breakdown,exact_symbol,legacy_unrelated,Existing general-ledger/account diagnostic or legacy reconciliation; preserve,6174f328804b91b1b2f74bdc42440bdc1e761d41b994bf3ff2769d612c7578c5
backend/cod_diagnostic_routes.py,322,current_balance,cod_source_breakdown,exact_symbol,legacy_unrelated,Existing general-ledger/account diagnostic or legacy reconciliation; preserve,6174f328804b91b1b2f74bdc42440bdc1e761d41b994bf3ff2769d612c7578c5
backend/cod_diagnostic_routes.py,347,current_balance,cod_source_breakdown,exact_symbol,legacy_unrelated,Existing general-ledger/account diagnostic or legacy reconciliation; preserve,6174f328804b91b1b2f74bdc42440bdc1e761d41b994bf3ff2769d612c7578c5
backend/cod_diagnostic_routes.py,352,current_balance,cod_source_breakdown,exact_symbol,legacy_unrelated,Existing general-ledger/account diagnostic or legacy reconciliation; preserve,6174f328804b91b1b2f74bdc42440bdc1e761d41b994bf3ff2769d612c7578c5
backend/cod_diagnostic_routes.py,361,current_balance,cod_source_breakdown,exact_symbol,legacy_unrelated,Existing general-ledger/account diagnostic or legacy reconciliation; preserve,6174f328804b91b1b2f74bdc42440bdc1e761d41b994bf3ff2769d612c7578c5
backend/cod_diagnostic_routes.py,373,current_balance,cod_source_breakdown,exact_symbol,legacy_unrelated,Existing general-ledger/account diagnostic or legacy reconciliation; preserve,6174f328804b91b1b2f74bdc42440bdc1e761d41b994bf3ff2769d612c7578c5
backend/cod_diagnostic_routes.py,380,current_balance,cod_source_breakdown,exact_symbol,legacy_unrelated,Existing general-ledger/account diagnostic or legacy reconciliation; preserve,6174f328804b91b1b2f74bdc42440bdc1e761d41b994bf3ff2769d612c7578c5
backend/employee_orphan_diagnostic_routes.py,168,current_balance,employee_orphan_openings,exact_symbol,legacy_unrelated,Existing general-ledger/account diagnostic or legacy reconciliation; preserve,2228b53e9666417d6772f4188f8cd8116e748ac6fae7da969e3698efa4ba8669
backend/employee_orphan_diagnostic_routes.py,415,current_balance,employee_orphan_openings,exact_symbol,legacy_unrelated,Existing general-ledger/account diagnostic or legacy reconciliation; preserve,2228b53e9666417d6772f4188f8cd8116e748ac6fae7da969e3698efa4ba8669
backend/employee_orphan_diagnostic_routes.py,444,current_balance,employee_orphan_openings,substring_only,legacy_unrelated,Existing general-ledger/account diagnostic or legacy reconciliation; preserve,2228b53e9666417d6772f4188f8cd8116e748ac6fae7da969e3698efa4ba8669
backend/employee_orphan_diagnostic_routes.py,446,compute_balance,employee_orphan_openings,exact_symbol,legacy_unrelated,Existing general-ledger/account diagnostic or legacy reconciliation; preserve,2228b53e9666417d6772f4188f8cd8116e748ac6fae7da969e3698efa4ba8669
backend/employee_orphan_diagnostic_routes.py,447,compute_balance,employee_orphan_openings,exact_symbol,legacy_unrelated,Existing general-ledger/account diagnostic or legacy reconciliation; preserve,2228b53e9666417d6772f4188f8cd8116e748ac6fae7da969e3698efa4ba8669
backend/employee_orphan_diagnostic_routes.py,448,compute_balance,employee_orphan_openings,exact_symbol,legacy_unrelated,Existing general-ledger/account diagnostic or legacy reconciliation; preserve,2228b53e9666417d6772f4188f8cd8116e748ac6fae7da969e3698efa4ba8669
backend/employee_orphan_diagnostic_routes.py,452,current_balance,employee_orphan_openings,exact_symbol,legacy_unrelated,Existing general-ledger/account diagnostic or legacy reconciliation; preserve,2228b53e9666417d6772f4188f8cd8116e748ac6fae7da969e3698efa4ba8669
backend/employee_orphan_diagnostic_routes.py,457,current_balance,employee_orphan_openings,exact_symbol,legacy_unrelated,Existing general-ledger/account diagnostic or legacy reconciliation; preserve,2228b53e9666417d6772f4188f8cd8116e748ac6fae7da969e3698efa4ba8669
backend/employee_orphan_diagnostic_routes.py,496,current_balance,employee_orphan_openings,exact_symbol,legacy_unrelated,Existing general-ledger/account diagnostic or legacy reconciliation; preserve,2228b53e9666417d6772f4188f8cd8116e748ac6fae7da969e3698efa4ba8669
backend/employee_orphan_diagnostic_routes.py,670,compute_balance;compute_balances_bulk,archive_legacy_orphans,exact_symbol,legacy_unrelated,Existing general-ledger/account diagnostic or legacy reconciliation; preserve,2228b53e9666417d6772f4188f8cd8116e748ac6fae7da969e3698efa4ba8669
backend/expenses_routes.py,232,current_balance,_recompute_account_balance_for_expense,exact_symbol,legacy_unrelated,"Existing shared/legacy account, employee, supplier, courier or BNPL workflow; outside P01 router",02f63d85bacc5b6049341d8d5bdb09dc0b0ca63547ad7c4e34b700715dd64302
backend/expenses_routes.py,233,compute_balance,_recompute_account_balance_for_expense,substring_only,legacy_unrelated,"Existing shared/legacy account, employee, supplier, courier or BNPL workflow; outside P01 router",02f63d85bacc5b6049341d8d5bdb09dc0b0ca63547ad7c4e34b700715dd64302
backend/expenses_routes.py,257,current_balance,_recompute_account_balance_for_expense,exact_symbol,legacy_unrelated,"Existing shared/legacy account, employee, supplier, courier or BNPL workflow; outside P01 router",02f63d85bacc5b6049341d8d5bdb09dc0b0ca63547ad7c4e34b700715dd64302
backend/financial_movements_routes.py,145,current_balance,_resolve_account,exact_symbol,legacy_unrelated,"Existing shared/legacy account, employee, supplier, courier or BNPL workflow; outside P01 router",31329f7f72f90713d6c7c551cad4f918a1a6a6ba9067687993b4c269743d500d
backend/financial_movements_routes.py,450,account_balance_ssot,accounts_with_availability,exact_symbol,legacy_unrelated,"Existing shared/legacy account, employee, supplier, courier or BNPL workflow; outside P01 router",31329f7f72f90713d6c7c551cad4f918a1a6a6ba9067687993b4c269743d500d
backend/financial_movements_routes.py,453,current_balance,accounts_with_availability,exact_symbol,legacy_unrelated,"Existing shared/legacy account, employee, supplier, courier or BNPL workflow; outside P01 router",31329f7f72f90713d6c7c551cad4f918a1a6a6ba9067687993b4c269743d500d
backend/financial_movements_routes.py,454,compute_balance,accounts_with_availability,substring_only,legacy_unrelated,"Existing shared/legacy account, employee, supplier, courier or BNPL workflow; outside P01 router",31329f7f72f90713d6c7c551cad4f918a1a6a6ba9067687993b4c269743d500d
backend/financial_movements_routes.py,460,current_balance,accounts_with_availability,exact_symbol,legacy_unrelated,"Existing shared/legacy account, employee, supplier, courier or BNPL workflow; outside P01 router",31329f7f72f90713d6c7c551cad4f918a1a6a6ba9067687993b4c269743d500d
backend/financial_movements_routes.py,469,account_balance_ssot,accounts_with_availability,exact_symbol,legacy_unrelated,"Existing shared/legacy account, employee, supplier, courier or BNPL workflow; outside P01 router",31329f7f72f90713d6c7c551cad4f918a1a6a6ba9067687993b4c269743d500d
backend/financial_movements_routes.py,471,account_balance_ssot,accounts_with_availability,exact_symbol,legacy_unrelated,"Existing shared/legacy account, employee, supplier, courier or BNPL workflow; outside P01 router",31329f7f72f90713d6c7c551cad4f918a1a6a6ba9067687993b4c269743d500d
backend/financial_movements_routes.py,475,current_balance,accounts_with_availability,exact_symbol,legacy_unrelated,"Existing shared/legacy account, employee, supplier, courier or BNPL workflow; outside P01 router",31329f7f72f90713d6c7c551cad4f918a1a6a6ba9067687993b4c269743d500d
backend/financial_movements_routes.py,478,account_balance_ssot,accounts_with_availability,exact_symbol,legacy_unrelated,"Existing shared/legacy account, employee, supplier, courier or BNPL workflow; outside P01 router",31329f7f72f90713d6c7c551cad4f918a1a6a6ba9067687993b4c269743d500d
backend/financial_movements_routes.py,482,account_balance_ssot,accounts_with_availability,exact_symbol,legacy_unrelated,"Existing shared/legacy account, employee, supplier, courier or BNPL workflow; outside P01 router",31329f7f72f90713d6c7c551cad4f918a1a6a6ba9067687993b4c269743d500d
backend/financial_movements_routes.py,494,compute_balance,accounts_with_availability,exact_symbol,legacy_unrelated,"Existing shared/legacy account, employee, supplier, courier or BNPL workflow; outside P01 router",31329f7f72f90713d6c7c551cad4f918a1a6a6ba9067687993b4c269743d500d
backend/financial_movements_routes.py,495,compute_balance,accounts_with_availability,exact_symbol,legacy_unrelated,"Existing shared/legacy account, employee, supplier, courier or BNPL workflow; outside P01 router",31329f7f72f90713d6c7c551cad4f918a1a6a6ba9067687993b4c269743d500d
backend/financial_movements_routes.py,675,compute_balance,create_movement,exact_symbol,legacy_unrelated,"Existing shared/legacy account, employee, supplier, courier or BNPL workflow; outside P01 router",31329f7f72f90713d6c7c551cad4f918a1a6a6ba9067687993b4c269743d500d
backend/financial_movements_routes.py,705,current_balance,create_movement,exact_symbol,legacy_unrelated,"Existing shared/legacy account, employee, supplier, courier or BNPL workflow; outside P01 router",31329f7f72f90713d6c7c551cad4f918a1a6a6ba9067687993b4c269743d500d
backend/financial_movements_routes.py,890,compute_balance,create_movement,exact_symbol,legacy_unrelated,"Existing shared/legacy account, employee, supplier, courier or BNPL workflow; outside P01 router",31329f7f72f90713d6c7c551cad4f918a1a6a6ba9067687993b4c269743d500d
backend/financial_movements_routes.py,893,current_balance,create_movement,exact_symbol,legacy_unrelated,"Existing shared/legacy account, employee, supplier, courier or BNPL workflow; outside P01 router",31329f7f72f90713d6c7c551cad4f918a1a6a6ba9067687993b4c269743d500d
backend/financial_movements_routes.py,895,compute_balance,create_movement,substring_only,legacy_unrelated,"Existing shared/legacy account, employee, supplier, courier or BNPL workflow; outside P01 router",31329f7f72f90713d6c7c551cad4f918a1a6a6ba9067687993b4c269743d500d
backend/financial_movements_routes.py,964,compute_balance,create_movement,substring_only,legacy_unrelated,"Existing shared/legacy account, employee, supplier, courier or BNPL workflow; outside P01 router",31329f7f72f90713d6c7c551cad4f918a1a6a6ba9067687993b4c269743d500d
backend/financial_movements_routes.py,965,compute_balance,create_movement,substring_only,legacy_unrelated,"Existing shared/legacy account, employee, supplier, courier or BNPL workflow; outside P01 router",31329f7f72f90713d6c7c551cad4f918a1a6a6ba9067687993b4c269743d500d
backend/financial_pages_inventory_data.py,18,current_balance,<module/JS source>,exact_symbol,legacy_unrelated,"Existing shared/legacy account, employee, supplier, courier or BNPL workflow; outside P01 router",19119c0a8d481478123570afb0620e19d5c8839a76e82e5dbbe47a5584112318
backend/financial_pages_inventory_data.py,54,account_balance_ssot,<module/JS source>,exact_symbol,legacy_unrelated,"Existing shared/legacy account, employee, supplier, courier or BNPL workflow; outside P01 router",19119c0a8d481478123570afb0620e19d5c8839a76e82e5dbbe47a5584112318
backend/financial_pages_inventory_data.py,339,current_balance,<module/JS source>,exact_symbol,legacy_unrelated,"Existing shared/legacy account, employee, supplier, courier or BNPL workflow; outside P01 router",19119c0a8d481478123570afb0620e19d5c8839a76e82e5dbbe47a5584112318
backend/financial_pages_inventory_data.py,409,current_balance,<module/JS source>,exact_symbol,legacy_unrelated,"Existing shared/legacy account, employee, supplier, courier or BNPL workflow; outside P01 router",19119c0a8d481478123570afb0620e19d5c8839a76e82e5dbbe47a5584112318
backend/financial_position_ssot.py,5,current_balance,<module/JS source>,exact_symbol,legacy_unrelated,Shared financial position and legacy account-balance fallback; MZ2 no longer consumes these in #1110,99df7da81c7a0881e38d4f733a107059e6e6f820f29906cf4abf371315b6ffef
backend/financial_position_ssot.py,22,compute_balance,<module/JS source>,exact_symbol,legacy_unrelated,Shared financial position and legacy account-balance fallback; MZ2 no longer consumes these in #1110,99df7da81c7a0881e38d4f733a107059e6e6f820f29906cf4abf371315b6ffef
backend/financial_position_ssot.py,79,account_balance_ssot,account_balance_ssot,exact_symbol,legacy_unrelated,Shared financial position and legacy account-balance fallback; MZ2 no longer consumes these in #1110,99df7da81c7a0881e38d4f733a107059e6e6f820f29906cf4abf371315b6ffef
backend/financial_position_ssot.py,85,current_balance,account_balance_ssot,exact_symbol,legacy_unrelated,Shared financial position and legacy account-balance fallback; MZ2 no longer consumes these in #1110,99df7da81c7a0881e38d4f733a107059e6e6f820f29906cf4abf371315b6ffef
backend/financial_position_ssot.py,89,current_balance,account_balance_ssot,exact_symbol,legacy_unrelated,Shared financial position and legacy account-balance fallback; MZ2 no longer consumes these in #1110,99df7da81c7a0881e38d4f733a107059e6e6f820f29906cf4abf371315b6ffef
backend/financial_position_ssot.py,115,compute_balance,account_balance_ssot,exact_symbol,legacy_unrelated,Shared financial position and legacy account-balance fallback; MZ2 no longer consumes these in #1110,99df7da81c7a0881e38d4f733a107059e6e6f820f29906cf4abf371315b6ffef
backend/financial_position_ssot.py,120,current_balance,account_balance_ssot,exact_symbol,legacy_unrelated,Shared financial position and legacy account-balance fallback; MZ2 no longer consumes these in #1110,99df7da81c7a0881e38d4f733a107059e6e6f820f29906cf4abf371315b6ffef
backend/financial_position_ssot.py,122,current_balance,account_balance_ssot,exact_symbol,legacy_unrelated,Shared financial position and legacy account-balance fallback; MZ2 no longer consumes these in #1110,99df7da81c7a0881e38d4f733a107059e6e6f820f29906cf4abf371315b6ffef
backend/financial_position_ssot.py,132,current_balance,account_balance_ssot,exact_symbol,legacy_unrelated,Shared financial position and legacy account-balance fallback; MZ2 no longer consumes these in #1110,99df7da81c7a0881e38d4f733a107059e6e6f820f29906cf4abf371315b6ffef
backend/financial_position_ssot.py,135,compute_balance,account_balance_ssot,substring_only,legacy_unrelated,Shared financial position and legacy account-balance fallback; MZ2 no longer consumes these in #1110,99df7da81c7a0881e38d4f733a107059e6e6f820f29906cf4abf371315b6ffef
backend/financial_position_ssot.py,138,current_balance,account_balance_ssot,exact_symbol,legacy_unrelated,Shared financial position and legacy account-balance fallback; MZ2 no longer consumes these in #1110,99df7da81c7a0881e38d4f733a107059e6e6f820f29906cf4abf371315b6ffef
backend/financial_position_ssot.py,139,current_balance,account_balance_ssot,exact_symbol,legacy_unrelated,Shared financial position and legacy account-balance fallback; MZ2 no longer consumes these in #1110,99df7da81c7a0881e38d4f733a107059e6e6f820f29906cf4abf371315b6ffef
backend/financial_position_ssot.py,151,current_balance,account_balance_ssot,exact_symbol,legacy_unrelated,Shared financial position and legacy account-balance fallback; MZ2 no longer consumes these in #1110,99df7da81c7a0881e38d4f733a107059e6e6f820f29906cf4abf371315b6ffef
backend/financial_position_ssot.py,156,current_balance,account_balance_ssot,exact_symbol,legacy_unrelated,Shared financial position and legacy account-balance fallback; MZ2 no longer consumes these in #1110,99df7da81c7a0881e38d4f733a107059e6e6f820f29906cf4abf371315b6ffef
backend/financial_position_ssot.py,367,current_balance,compute_financial_position,exact_symbol,legacy_unrelated,Shared financial position and legacy account-balance fallback; MZ2 no longer consumes these in #1110,99df7da81c7a0881e38d4f733a107059e6e6f820f29906cf4abf371315b6ffef
backend/financial_position_ssot.py,373,current_balance,compute_financial_position,exact_symbol,legacy_unrelated,Shared financial position and legacy account-balance fallback; MZ2 no longer consumes these in #1110,99df7da81c7a0881e38d4f733a107059e6e6f820f29906cf4abf371315b6ffef
backend/financial_position_ssot.py,378,account_balance_ssot,compute_financial_position,exact_symbol,legacy_unrelated,Shared financial position and legacy account-balance fallback; MZ2 no longer consumes these in #1110,99df7da81c7a0881e38d4f733a107059e6e6f820f29906cf4abf371315b6ffef
backend/financial_position_ssot.py,383,account_balance_ssot,compute_financial_position,exact_symbol,legacy_unrelated,Shared financial position and legacy account-balance fallback; MZ2 no longer consumes these in #1110,99df7da81c7a0881e38d4f733a107059e6e6f820f29906cf4abf371315b6ffef
backend/financial_position_ssot.py,429,account_balance_ssot,<module/JS source>,exact_symbol,legacy_unrelated,Shared financial position and legacy account-balance fallback; MZ2 no longer consumes these in #1110,99df7da81c7a0881e38d4f733a107059e6e6f820f29906cf4abf371315b6ffef
backend/ledger_core.py,496,compute_balance,compute_balance,exact_symbol,legacy_unrelated,Shared legacy primitive definitions; do not change globally,032c806880f34de7d719dbc9bb959a2a352d977e4100c3c682cfd969ffa040ac
backend/ledger_core.py,564,compute_balances_bulk,compute_balances_bulk,exact_symbol,legacy_unrelated,Shared legacy primitive definitions; do not change globally,032c806880f34de7d719dbc9bb959a2a352d977e4100c3c682cfd969ffa040ac
backend/ledger_core.py,567,compute_balance,compute_balances_bulk,exact_symbol,legacy_unrelated,Shared legacy primitive definitions; do not change globally,032c806880f34de7d719dbc9bb959a2a352d977e4100c3c682cfd969ffa040ac
backend/ledger_routes.py,19,compute_balance,<module/JS source>,exact_symbol,legacy_unrelated,"Existing shared/legacy account, employee, supplier, courier or BNPL workflow; outside P01 router",eae04fcf98d4f421a04210c3da021a785afd9a69fddd33e39f71304469770867
backend/ledger_routes.py,422,compute_balance,get_balance,exact_symbol,legacy_unrelated,"Existing shared/legacy account, employee, supplier, courier or BNPL workflow; outside P01 router",eae04fcf98d4f421a04210c3da021a785afd9a69fddd33e39f71304469770867
backend/liabilities_routes.py,251,current_balance,_recompute_account_balance,exact_symbol,legacy_unrelated,"Existing shared/legacy account, employee, supplier, courier or BNPL workflow; outside P01 router",cc864f1bcc344d14be755ef544460bbc822265eda357e3a28a4874e7ccfff32c
backend/liabilities_routes.py,934,current_balance,employee_settlement,exact_symbol,legacy_unrelated,"Existing shared/legacy account, employee, supplier, courier or BNPL workflow; outside P01 router",cc864f1bcc344d14be755ef544460bbc822265eda357e3a28a4874e7ccfff32c
backend/liabilities_routes.py,939,current_balance,employee_settlement,exact_symbol,legacy_unrelated,"Existing shared/legacy account, employee, supplier, courier or BNPL workflow; outside P01 router",cc864f1bcc344d14be755ef544460bbc822265eda357e3a28a4874e7ccfff32c
backend/liabilities_routes.py,943,current_balance,employee_settlement,exact_symbol,legacy_unrelated,"Existing shared/legacy account, employee, supplier, courier or BNPL workflow; outside P01 router",cc864f1bcc344d14be755ef544460bbc822265eda357e3a28a4874e7ccfff32c
backend/liabilities_routes.py,1356,current_balance,summary,exact_symbol,legacy_unrelated,"Existing shared/legacy account, employee, supplier, courier or BNPL workflow; outside P01 router",cc864f1bcc344d14be755ef544460bbc822265eda357e3a28a4874e7ccfff32c
backend/liabilities_routes.py,1357,current_balance,summary,exact_symbol,legacy_unrelated,"Existing shared/legacy account, employee, supplier, courier or BNPL workflow; outside P01 router",cc864f1bcc344d14be755ef544460bbc822265eda357e3a28a4874e7ccfff32c
backend/liabilities_routes.py,1363,current_balance,summary,exact_symbol,legacy_unrelated,"Existing shared/legacy account, employee, supplier, courier or BNPL workflow; outside P01 router",cc864f1bcc344d14be755ef544460bbc822265eda357e3a28a4874e7ccfff32c
backend/liabilities_routes.py,1400,current_balance,summary,exact_symbol,legacy_unrelated,"Existing shared/legacy account, employee, supplier, courier or BNPL workflow; outside P01 router",cc864f1bcc344d14be755ef544460bbc822265eda357e3a28a4874e7ccfff32c
backend/liabilities_routes.py,1408,current_balance,summary,exact_symbol,legacy_unrelated,"Existing shared/legacy account, employee, supplier, courier or BNPL workflow; outside P01 router",cc864f1bcc344d14be755ef544460bbc822265eda357e3a28a4874e7ccfff32c
backend/liabilities_routes.py,1424,current_balance,summary,exact_symbol,legacy_unrelated,"Existing shared/legacy account, employee, supplier, courier or BNPL workflow; outside P01 router",cc864f1bcc344d14be755ef544460bbc822265eda357e3a28a4874e7ccfff32c
backend/migration_routes.py,32,compute_balance,<module/JS source>,exact_symbol,legacy_unrelated,"Existing shared/legacy account, employee, supplier, courier or BNPL workflow; outside P01 router",0e06555d822b4d4dc85f57c9885b13053c0c2af05ea864eada60fa99be2710df
backend/migration_routes.py,231,compute_balance;current_balance,_legacy_bank_balances,exact_symbol,legacy_unrelated,"Existing shared/legacy account, employee, supplier, courier or BNPL workflow; outside P01 router",0e06555d822b4d4dc85f57c9885b13053c0c2af05ea864eada60fa99be2710df
backend/migration_routes.py,242,current_balance,_legacy_bank_balances,exact_symbol,legacy_unrelated,"Existing shared/legacy account, employee, supplier, courier or BNPL workflow; outside P01 router",0e06555d822b4d4dc85f57c9885b13053c0c2af05ea864eada60fa99be2710df
backend/migration_routes.py,245,current_balance,_legacy_bank_balances,exact_symbol,legacy_unrelated,"Existing shared/legacy account, employee, supplier, courier or BNPL workflow; outside P01 router",0e06555d822b4d4dc85f57c9885b13053c0c2af05ea864eada60fa99be2710df
backend/migration_routes.py,273,current_balance,_legacy_payment_platform_balances,exact_symbol,legacy_unrelated,"Existing shared/legacy account, employee, supplier, courier or BNPL workflow; outside P01 router",0e06555d822b4d4dc85f57c9885b13053c0c2af05ea864eada60fa99be2710df
backend/migration_routes.py,274,current_balance,_legacy_payment_platform_balances,exact_symbol,legacy_unrelated,"Existing shared/legacy account, employee, supplier, courier or BNPL workflow; outside P01 router",0e06555d822b4d4dc85f57c9885b13053c0c2af05ea864eada60fa99be2710df
backend/migration_routes.py,328,current_balance,_legacy_payment_platform_balances,exact_symbol,legacy_unrelated,"Existing shared/legacy account, employee, supplier, courier or BNPL workflow; outside P01 router",0e06555d822b4d4dc85f57c9885b13053c0c2af05ea864eada60fa99be2710df
backend/migration_routes.py,329,current_balance,_legacy_payment_platform_balances,exact_symbol,legacy_unrelated,"Existing shared/legacy account, employee, supplier, courier or BNPL workflow; outside P01 router",0e06555d822b4d4dc85f57c9885b13053c0c2af05ea864eada60fa99be2710df
backend/migration_routes.py,337,current_balance,_legacy_payment_platform_balances,exact_symbol,legacy_unrelated,"Existing shared/legacy account, employee, supplier, courier or BNPL workflow; outside P01 router",0e06555d822b4d4dc85f57c9885b13053c0c2af05ea864eada60fa99be2710df
backend/migration_routes.py,394,compute_balance,_new_ledger_balance,exact_symbol,legacy_unrelated,"Existing shared/legacy account, employee, supplier, courier or BNPL workflow; outside P01 router",0e06555d822b4d4dc85f57c9885b13053c0c2af05ea864eada60fa99be2710df
backend/migration_routes.py,804,compute_balance,_ledger_bal,exact_symbol,legacy_unrelated,"Existing shared/legacy account, employee, supplier, courier or BNPL workflow; outside P01 router",0e06555d822b4d4dc85f57c9885b13053c0c2af05ea864eada60fa99be2710df
backend/migration_routes.py,901,compute_balance,reconciliation_report,exact_symbol,legacy_unrelated,"Existing shared/legacy account, employee, supplier, courier or BNPL workflow; outside P01 router",0e06555d822b4d4dc85f57c9885b13053c0c2af05ea864eada60fa99be2710df
backend/migration_routes.py,921,current_balance,reconciliation_report,exact_symbol,legacy_unrelated,"Existing shared/legacy account, employee, supplier, courier or BNPL workflow; outside P01 router",0e06555d822b4d4dc85f57c9885b13053c0c2af05ea864eada60fa99be2710df
backend/migration_routes.py,934,current_balance,reconciliation_report,exact_symbol,legacy_unrelated,"Existing shared/legacy account, employee, supplier, courier or BNPL workflow; outside P01 router",0e06555d822b4d4dc85f57c9885b13053c0c2af05ea864eada60fa99be2710df
backend/migration_routes.py,957,current_balance,reconciliation_report,exact_symbol,legacy_unrelated,"Existing shared/legacy account, employee, supplier, courier or BNPL workflow; outside P01 router",0e06555d822b4d4dc85f57c9885b13053c0c2af05ea864eada60fa99be2710df
backend/reconciliation_forensic_routes.py,86,compute_balance,reconciliation_forensic,exact_symbol,legacy_unrelated,Existing general-ledger/account diagnostic or legacy reconciliation; preserve,08fed7c68e819a1c0b3055ce5fcb93d196ea19bf8e2b5a7cb7cc5472ad0b53fe
backend/reconciliation_forensic_routes.py,167,compute_balance,_ledger_balance,exact_symbol,legacy_unrelated,Existing general-ledger/account diagnostic or legacy reconciliation; preserve,08fed7c68e819a1c0b3055ce5fcb93d196ea19bf8e2b5a7cb7cc5472ad0b53fe
backend/reconciliation_routes.py,144,current_balance,_platform_row,exact_symbol,legacy_unrelated,Existing general-ledger/account diagnostic or legacy reconciliation; preserve,701f9037c13504825d14836d8212ab648262fd1ff49510a88c15262644513de5
backend/reconciliation_routes.py,158,current_balance,_platform_row,exact_symbol,legacy_unrelated,Existing general-ledger/account diagnostic or legacy reconciliation; preserve,701f9037c13504825d14836d8212ab648262fd1ff49510a88c15262644513de5
backend/reconciliation_routes.py,166,current_balance,_platform_row,exact_symbol,legacy_unrelated,Existing general-ledger/account diagnostic or legacy reconciliation; preserve,701f9037c13504825d14836d8212ab648262fd1ff49510a88c15262644513de5
backend/reconciliation_routes.py,194,current_balance,_platform_row,exact_symbol,legacy_unrelated,Existing general-ledger/account diagnostic or legacy reconciliation; preserve,701f9037c13504825d14836d8212ab648262fd1ff49510a88c15262644513de5
backend/reconciliation_routes.py,213,current_balance,reconciliation_summary,exact_symbol,legacy_unrelated,Existing general-ledger/account diagnostic or legacy reconciliation; preserve,701f9037c13504825d14836d8212ab648262fd1ff49510a88c15262644513de5
backend/reversal_impact_audit_routes.py,3,compute_balance,<module/JS source>,exact_symbol,legacy_unrelated,Existing general-ledger/account diagnostic or legacy reconciliation; preserve,8143dbef88eb92553bb4159099d6cca5494902c2708e63cc06f2924fe355b044
backend/reversal_impact_audit_routes.py,9,compute_balance,<module/JS source>,exact_symbol,legacy_unrelated,Existing general-ledger/account diagnostic or legacy reconciliation; preserve,8143dbef88eb92553bb4159099d6cca5494902c2708e63cc06f2924fe355b044
backend/reversal_impact_audit_routes.py,11,compute_balance,<module/JS source>,exact_symbol,legacy_unrelated,Existing general-ledger/account diagnostic or legacy reconciliation; preserve,8143dbef88eb92553bb4159099d6cca5494902c2708e63cc06f2924fe355b044
backend/reversal_impact_audit_routes.py,68,compute_balance,reversal_impact_report,exact_symbol,legacy_unrelated,Existing general-ledger/account diagnostic or legacy reconciliation; preserve,8143dbef88eb92553bb4159099d6cca5494902c2708e63cc06f2924fe355b044
backend/reversal_impact_audit_routes.py,78,compute_balance,reversal_impact_report,exact_symbol,legacy_unrelated,Existing general-ledger/account diagnostic or legacy reconciliation; preserve,8143dbef88eb92553bb4159099d6cca5494902c2708e63cc06f2924fe355b044
backend/reversal_impact_audit_routes.py,111,compute_balance,reversal_impact_report,exact_symbol,legacy_unrelated,Existing general-ledger/account diagnostic or legacy reconciliation; preserve,8143dbef88eb92553bb4159099d6cca5494902c2708e63cc06f2924fe355b044
backend/reversal_impact_audit_routes.py,194,compute_balance,reversal_impact_report,exact_symbol,legacy_unrelated,Existing general-ledger/account diagnostic or legacy reconciliation; preserve,8143dbef88eb92553bb4159099d6cca5494902c2708e63cc06f2924fe355b044
backend/salla_balance_forensic_routes.py,5,current_balance,<module/JS source>,exact_symbol,legacy_unrelated,Existing general-ledger/account diagnostic or legacy reconciliation; preserve,39a34a060959b209a5ced7dc3d63ae92bfe243a3c7179619e4b19843a3a6f63d
backend/salla_balance_forensic_routes.py,10,current_balance,<module/JS source>,exact_symbol,legacy_unrelated,Existing general-ledger/account diagnostic or legacy reconciliation; preserve,39a34a060959b209a5ced7dc3d63ae92bfe243a3c7179619e4b19843a3a6f63d
backend/salla_balance_forensic_routes.py,13,account_balance_ssot,<module/JS source>,exact_symbol,legacy_unrelated,Existing general-ledger/account diagnostic or legacy reconciliation; preserve,39a34a060959b209a5ced7dc3d63ae92bfe243a3c7179619e4b19843a3a6f63d
backend/salla_balance_forensic_routes.py,95,current_balance,salla_forensic,exact_symbol,legacy_unrelated,Existing general-ledger/account diagnostic or legacy reconciliation; preserve,39a34a060959b209a5ced7dc3d63ae92bfe243a3c7179619e4b19843a3a6f63d
backend/salla_balance_forensic_routes.py,107,account_balance_ssot,salla_forensic,exact_symbol,legacy_unrelated,Existing general-ledger/account diagnostic or legacy reconciliation; preserve,39a34a060959b209a5ced7dc3d63ae92bfe243a3c7179619e4b19843a3a6f63d
backend/salla_balance_forensic_routes.py,487,current_balance,salla_forensic,exact_symbol,legacy_unrelated,Existing general-ledger/account diagnostic or legacy reconciliation; preserve,39a34a060959b209a5ced7dc3d63ae92bfe243a3c7179619e4b19843a3a6f63d
backend/salla_balance_forensic_routes.py,490,current_balance,salla_forensic,exact_symbol,legacy_unrelated,Existing general-ledger/account diagnostic or legacy reconciliation; preserve,39a34a060959b209a5ced7dc3d63ae92bfe243a3c7179619e4b19843a3a6f63d
backend/salla_balance_forensic_routes.py,639,current_balance,salla_forensic,substring_only,legacy_unrelated,Existing general-ledger/account diagnostic or legacy reconciliation; preserve,39a34a060959b209a5ced7dc3d63ae92bfe243a3c7179619e4b19843a3a6f63d
backend/salla_balance_forensic_routes.py,706,current_balance,salla_forensic,exact_symbol,legacy_unrelated,Existing general-ledger/account diagnostic or legacy reconciliation; preserve,39a34a060959b209a5ced7dc3d63ae92bfe243a3c7179619e4b19843a3a6f63d
backend/salla_balance_forensic_routes.py,722,current_balance,salla_forensic,substring_only,legacy_unrelated,Existing general-ledger/account diagnostic or legacy reconciliation; preserve,39a34a060959b209a5ced7dc3d63ae92bfe243a3c7179619e4b19843a3a6f63d
backend/salla_balance_forensic_routes.py,728,account_balance_ssot,salla_forensic,exact_symbol,legacy_unrelated,Existing general-ledger/account diagnostic or legacy reconciliation; preserve,39a34a060959b209a5ced7dc3d63ae92bfe243a3c7179619e4b19843a3a6f63d
backend/salla_balance_forensic_routes.py,730,current_balance,salla_forensic,exact_symbol,legacy_unrelated,Existing general-ledger/account diagnostic or legacy reconciliation; preserve,39a34a060959b209a5ced7dc3d63ae92bfe243a3c7179619e4b19843a3a6f63d
backend/salla_balance_forensic_routes.py,734,current_balance,salla_forensic,exact_symbol,legacy_unrelated,Existing general-ledger/account diagnostic or legacy reconciliation; preserve,39a34a060959b209a5ced7dc3d63ae92bfe243a3c7179619e4b19843a3a6f63d
backend/salla_balance_forensic_routes.py,741,current_balance,salla_forensic,substring_only,legacy_unrelated,Existing general-ledger/account diagnostic or legacy reconciliation; preserve,39a34a060959b209a5ced7dc3d63ae92bfe243a3c7179619e4b19843a3a6f63d
backend/salla_balance_forensic_routes.py,747,current_balance,salla_forensic,substring_only,legacy_unrelated,Existing general-ledger/account diagnostic or legacy reconciliation; preserve,39a34a060959b209a5ced7dc3d63ae92bfe243a3c7179619e4b19843a3a6f63d
backend/server.py,162,compute_balance,<module/JS source>,substring_only,legacy_unrelated,"Existing shared/legacy account, employee, supplier, courier or BNPL workflow; outside P01 router",967b944bc4f2adc4fb1e0cfb085d386d969142c7bf8f1594bff8573cb4049434
backend/server.py,1778,compute_balance,balances_endpoint,substring_only,legacy_unrelated,"Existing shared/legacy account, employee, supplier, courier or BNPL workflow; outside P01 router",967b944bc4f2adc4fb1e0cfb085d386d969142c7bf8f1594bff8573cb4049434
backend/server.py,2384,compute_balance,dashboard,substring_only,legacy_unrelated,"Existing shared/legacy account, employee, supplier, courier or BNPL workflow; outside P01 router",967b944bc4f2adc4fb1e0cfb085d386d969142c7bf8f1594bff8573cb4049434
backend/server.py,4436,current_balance,<module/JS source>,exact_symbol,legacy_unrelated,"Existing shared/legacy account, employee, supplier, courier or BNPL workflow; outside P01 router",967b944bc4f2adc4fb1e0cfb085d386d969142c7bf8f1594bff8573cb4049434
backend/server.py,4437,current_balance,<module/JS source>,substring_only,legacy_unrelated,"Existing shared/legacy account, employee, supplier, courier or BNPL workflow; outside P01 router",967b944bc4f2adc4fb1e0cfb085d386d969142c7bf8f1594bff8573cb4049434
backend/server.py,4438,current_balance,<module/JS source>,substring_only,legacy_unrelated,"Existing shared/legacy account, employee, supplier, courier or BNPL workflow; outside P01 router",967b944bc4f2adc4fb1e0cfb085d386d969142c7bf8f1594bff8573cb4049434
backend/server.py,4441,current_balance,<module/JS source>,substring_only,legacy_unrelated,"Existing shared/legacy account, employee, supplier, courier or BNPL workflow; outside P01 router",967b944bc4f2adc4fb1e0cfb085d386d969142c7bf8f1594bff8573cb4049434
backend/settlement_file_forensic_routes.py,12,current_balance,<module/JS source>,exact_symbol,legacy_unrelated,Existing general-ledger/account diagnostic or legacy reconciliation; preserve,608afc20300d0592bd59c627bfb2270b560e357cf8996d897fd6d7373b569944
backend/settlement_file_forensic_routes.py,279,current_balance,settlement_file_forensic,exact_symbol,legacy_unrelated,Existing general-ledger/account diagnostic or legacy reconciliation; preserve,608afc20300d0592bd59c627bfb2270b560e357cf8996d897fd6d7373b569944
backend/settlement_file_forensic_routes.py,292,current_balance,settlement_file_forensic,exact_symbol,legacy_unrelated,Existing general-ledger/account diagnostic or legacy reconciliation; preserve,608afc20300d0592bd59c627bfb2270b560e357cf8996d897fd6d7373b569944
backend/settlement_file_forensic_routes.py,310,current_balance,settlement_file_forensic,substring_only,legacy_unrelated,Existing general-ledger/account diagnostic or legacy reconciliation; preserve,608afc20300d0592bd59c627bfb2270b560e357cf8996d897fd6d7373b569944
backend/settlement_file_forensic_routes.py,419,current_balance,settlement_file_forensic,exact_symbol,legacy_unrelated,Existing general-ledger/account diagnostic or legacy reconciliation; preserve,608afc20300d0592bd59c627bfb2270b560e357cf8996d897fd6d7373b569944
backend/settlements_import/service.py,6,current_balance,<module/JS source>,exact_symbol,legacy_unrelated,Comment forbids modifying current_balance; not a balance read,0b0dba26c0bec23a2c4a5c3d1833a9aaebb33974928a2a95a3f03b1349d0ab6c
backend/shipping_accounts.py,54,current_balance,_recompute_shipping_account_balance,exact_symbol,legacy_unrelated,"Existing shared/legacy account, employee, supplier, courier or BNPL workflow; outside P01 router",daacfd569c865bba5ea1702abb3efdc8eb7e3c75409646efcef44c8b2b012eb7
backend/shipping_accounts.py,77,current_balance,_recompute_shipping_account_balance,exact_symbol,legacy_unrelated,"Existing shared/legacy account, employee, supplier, courier or BNPL workflow; outside P01 router",daacfd569c865bba5ea1702abb3efdc8eb7e3c75409646efcef44c8b2b012eb7
backend/shipping_accounts.py,782,current_balance,add_courier_transfer,exact_symbol,legacy_unrelated,"Existing shared/legacy account, employee, supplier, courier or BNPL workflow; outside P01 router",daacfd569c865bba5ea1702abb3efdc8eb7e3c75409646efcef44c8b2b012eb7
backend/shipping_accounts.py,791,current_balance,add_courier_transfer,exact_symbol,legacy_unrelated,"Existing shared/legacy account, employee, supplier, courier or BNPL workflow; outside P01 router",daacfd569c865bba5ea1702abb3efdc8eb7e3c75409646efcef44c8b2b012eb7
backend/store_delivery_accounting.py,17,compute_balance,<module/JS source>,exact_symbol,MZ2_shipping_P02_outside_P01,Driver COD/fee balances used by separate shipping reads and settlements; P02 remains locked,bbacdedb1ffee8e82ea8d7d35f9467a3314a7d259d833e0248a094df66256633
backend/store_delivery_accounting.py,283,compute_balance,store_driver_ledger_balances,exact_symbol,MZ2_shipping_P02_outside_P01,Driver COD/fee balances used by separate shipping reads and settlements; P02 remains locked,bbacdedb1ffee8e82ea8d7d35f9467a3314a7d259d833e0248a094df66256633
backend/store_delivery_accounting.py,290,compute_balance,store_driver_ledger_balances,exact_symbol,MZ2_shipping_P02_outside_P01,Driver COD/fee balances used by separate shipping reads and settlements; P02 remains locked,bbacdedb1ffee8e82ea8d7d35f9467a3314a7d259d833e0248a094df66256633
backend/supplier_ledger_detail_routes.py,42,compute_balance,<module/JS source>,exact_symbol,legacy_unrelated,"Existing shared/legacy account, employee, supplier, courier or BNPL workflow; outside P01 router",1f3c69e40dacb7130922257f581e823210a95498edf47d3a824c15ad54714674
backend/supplier_ledger_detail_routes.py,106,compute_balance,supplier_ledger_detail,exact_symbol,legacy_unrelated,"Existing shared/legacy account, employee, supplier, courier or BNPL workflow; outside P01 router",1f3c69e40dacb7130922257f581e823210a95498edf47d3a824c15ad54714674
backend/supplier_ledger_detail_routes.py,107,compute_balance,supplier_ledger_detail,exact_symbol,legacy_unrelated,"Existing shared/legacy account, employee, supplier, courier or BNPL workflow; outside P01 router",1f3c69e40dacb7130922257f581e823210a95498edf47d3a824c15ad54714674
backend/suppliers_report_routes.py,101,compute_balances_bulk,suppliers_report,exact_symbol,legacy_unrelated,"Existing shared/legacy account, employee, supplier, courier or BNPL workflow; outside P01 router",fcfd060fbb2184b70b0e28943206e76472c455b1683f3589ae2bae0f50c6c9ad
backend/suppliers_report_routes.py,103,compute_balances_bulk,suppliers_report,exact_symbol,legacy_unrelated,"Existing shared/legacy account, employee, supplier, courier or BNPL workflow; outside P01 router",fcfd060fbb2184b70b0e28943206e76472c455b1683f3589ae2bae0f50c6c9ad
backend/suppliers_unification_forensic_routes.py,413,compute_balances_bulk,suppliers_unified,exact_symbol,legacy_unrelated,Existing general-ledger/account diagnostic or legacy reconciliation; preserve,dac2b204ff38c762468804dc5fd98357d9685d9b025b493fc7c17fe9cf05f6e3
backend/tamara_apply_routes.py,606,account_balance_ssot,tamara_apply_execute,exact_symbol,legacy_unrelated,"Existing shared/legacy account, employee, supplier, courier or BNPL workflow; outside P01 router",bd4d6753238416500150039c4dc9052c39e6be5cd172f0c9c65f9c4e0a8f95de
backend/tamara_receivable_diagnostic_routes.py,42,compute_balance,tamara_receivable_breakdown,exact_symbol,legacy_unrelated,Existing general-ledger/account diagnostic or legacy reconciliation; preserve,25618cc584672bbf1d397b566f21a1de81676324e80786aeed703bd12ca2ad5b
backend/tamara_receivable_diagnostic_routes.py,43,compute_balance,tamara_receivable_breakdown,exact_symbol,legacy_unrelated,Existing general-ledger/account diagnostic or legacy reconciliation; preserve,25618cc584672bbf1d397b566f21a1de81676324e80786aeed703bd12ca2ad5b
backend/tests/mz2_report_fixtures.py,9,current_balance,provision_report_opening,exact_symbol,test_only,Verification fixture/assertion; not a production balance decision,0492f10bf99bcd6e28857c9809c3384ca9a35a0b764366717b9c4f40ab2e5bdc
backend/tests/test_accounts_filter_alias_iter170.py,45,current_balance,test_accounts_filter_accepts_short_alias_type,exact_symbol,test_only,Verification fixture/assertion; not a production balance decision,719c6ae1094142955931eb1df9380cb22efc8d3723ca11c5f3fbb855ba4930ed
backend/tests/test_accounts_filter_alias_iter170.py,48,current_balance,test_accounts_filter_accepts_short_alias_type,exact_symbol,test_only,Verification fixture/assertion; not a production balance decision,719c6ae1094142955931eb1df9380cb22efc8d3723ca11c5f3fbb855ba4930ed
backend/tests/test_accounts_filter_alias_iter170.py,51,current_balance,test_accounts_filter_accepts_short_alias_type,exact_symbol,test_only,Verification fixture/assertion; not a production balance decision,719c6ae1094142955931eb1df9380cb22efc8d3723ca11c5f3fbb855ba4930ed
backend/tests/test_accounts_filter_alias_iter170.py,54,current_balance,test_accounts_filter_accepts_short_alias_type,exact_symbol,test_only,Verification fixture/assertion; not a production balance decision,719c6ae1094142955931eb1df9380cb22efc8d3723ca11c5f3fbb855ba4930ed
backend/tests/test_accounts_filter_alias_iter170.py,57,current_balance,test_accounts_filter_accepts_short_alias_type,exact_symbol,test_only,Verification fixture/assertion; not a production balance decision,719c6ae1094142955931eb1df9380cb22efc8d3723ca11c5f3fbb855ba4930ed
backend/tests/test_accounts_iter57.py,60,current_balance,test_create_account_auto_creates_opening_transaction,exact_symbol,test_only,Verification fixture/assertion; not a production balance decision,15721e21e9a86a2915641d642349c673f4bfbe06c00b419127bd4baa939aabee
backend/tests/test_accounts_iter57.py,122,current_balance,test_add_transaction_updates_running_balance,exact_symbol,test_only,Verification fixture/assertion; not a production balance decision,15721e21e9a86a2915641d642349c673f4bfbe06c00b419127bd4baa939aabee
backend/tests/test_ad_account_delete_iter110.py,94,current_balance,test_delete_blocked_when_balance_positive,exact_symbol,test_only,Verification fixture/assertion; not a production balance decision,057c60fbb47c072a77c3ba025c85e2aa807a96a0a3e9321763435c0f20b5f83a
backend/tests/test_ad_account_engine_iter106.py,241,current_balance,test_topup_deducts_bank_balance,exact_symbol,test_only,Verification fixture/assertion; not a production balance decision,e6cd416e67b6b8e9f3538718d66e2930a94441b9987cadc079cf67c69c31caa8
backend/tests/test_ad_account_engine_iter106.py,252,current_balance,test_topup_deducts_bank_balance,exact_symbol,test_only,Verification fixture/assertion; not a production balance decision,e6cd416e67b6b8e9f3538718d66e2930a94441b9987cadc079cf67c69c31caa8
backend/tests/test_ad_account_spend_ssot_iter205.py,80,current_balance,test_ad_spend_ssot_full_lifecycle,exact_symbol,test_only,Verification fixture/assertion; not a production balance decision,eb4ac5819c3255f822a689b79c6411c32940d2173e0d18b513d237cd70397f82
backend/tests/test_ad_account_topup_edit_iter112.py,74,current_balance,test_edit_topup_increases_amount,exact_symbol,test_only,Verification fixture/assertion; not a production balance decision,d6e556e60562c4b899fefcb8da7e8206b8f6f793c1e33e9b9e4db419d64b1a12
backend/tests/test_ad_account_topup_edit_iter112.py,90,current_balance,test_edit_topup_decreases_amount,exact_symbol,test_only,Verification fixture/assertion; not a production balance decision,d6e556e60562c4b899fefcb8da7e8206b8f6f793c1e33e9b9e4db419d64b1a12
backend/tests/test_ad_account_topup_ssot_iter203.py,68,current_balance,test_ad_topup_ssot_asset_transfer,exact_symbol,test_only,Verification fixture/assertion; not a production balance decision,d032bcbdaade623bf37d0268cea03ed82c3ffe5fc1019daf2cf2a68b0c3319e4
backend/tests/test_audit_badges_iter200.py,53,current_balance,test_audit_badge_lineage_in_ledger_feed,exact_symbol,test_only,Verification fixture/assertion; not a production balance decision,4741fb8d69631aacdbede0c32d23aa5e7e78a1a1827aadaa0f21ffd812f6d885
backend/tests/test_balance_no_double_count_iter192.py,7,current_balance,<module/JS source>,exact_symbol,test_only,Verification fixture/assertion; not a production balance decision,6a734a5228abd465bd4f85baf739bc787c6b7452db881b835abf3ad4bf489d0a
backend/tests/test_balance_no_double_count_iter192.py,9,current_balance,<module/JS source>,exact_symbol,test_only,Verification fixture/assertion; not a production balance decision,6a734a5228abd465bd4f85baf739bc787c6b7452db881b835abf3ad4bf489d0a
backend/tests/test_balance_no_double_count_iter192.py,16,current_balance,<module/JS source>,exact_symbol,test_only,Verification fixture/assertion; not a production balance decision,6a734a5228abd465bd4f85baf739bc787c6b7452db881b835abf3ad4bf489d0a
backend/tests/test_balance_no_double_count_iter192.py,50,current_balance,test_no_double_counting_after_migration,exact_symbol,test_only,Verification fixture/assertion; not a production balance decision,6a734a5228abd465bd4f85baf739bc787c6b7452db881b835abf3ad4bf489d0a
backend/tests/test_balance_no_double_count_iter192.py,56,current_balance,test_no_double_counting_after_migration,exact_symbol,test_only,Verification fixture/assertion; not a production balance decision,6a734a5228abd465bd4f85baf739bc787c6b7452db881b835abf3ad4bf489d0a
backend/tests/test_balance_no_double_count_iter192.py,72,current_balance,test_no_double_counting_after_migration,exact_symbol,test_only,Verification fixture/assertion; not a production balance decision,6a734a5228abd465bd4f85baf739bc787c6b7452db881b835abf3ad4bf489d0a
backend/tests/test_balance_no_double_count_iter192.py,77,current_balance,test_no_double_counting_after_migration,exact_symbol,test_only,Verification fixture/assertion; not a production balance decision,6a734a5228abd465bd4f85baf739bc787c6b7452db881b835abf3ad4bf489d0a
backend/tests/test_balance_no_double_count_iter192.py,85,current_balance,test_no_double_counting_after_migration,exact_symbol,test_only,Verification fixture/assertion; not a production balance decision,6a734a5228abd465bd4f85baf739bc787c6b7452db881b835abf3ad4bf489d0a
backend/tests/test_balance_no_double_count_iter192.py,95,current_balance,test_no_double_counting_after_migration,exact_symbol,test_only,Verification fixture/assertion; not a production balance decision,6a734a5228abd465bd4f85baf739bc787c6b7452db881b835abf3ad4bf489d0a
backend/tests/test_balance_no_double_count_iter192.py,102,current_balance,test_no_double_counting_after_migration,exact_symbol,test_only,Verification fixture/assertion; not a production balance decision,6a734a5228abd465bd4f85baf739bc787c6b7452db881b835abf3ad4bf489d0a
backend/tests/test_balance_no_double_count_iter192.py,104,current_balance,test_no_double_counting_after_migration,exact_symbol,test_only,Verification fixture/assertion; not a production balance decision,6a734a5228abd465bd4f85baf739bc787c6b7452db881b835abf3ad4bf489d0a
backend/tests/test_balance_no_double_count_iter192.py,108,current_balance,test_no_double_counting_after_migration,exact_symbol,test_only,Verification fixture/assertion; not a production balance decision,6a734a5228abd465bd4f85baf739bc787c6b7452db881b835abf3ad4bf489d0a
backend/tests/test_balance_no_double_count_iter192.py,111,current_balance,test_no_double_counting_after_migration,exact_symbol,test_only,Verification fixture/assertion; not a production balance decision,6a734a5228abd465bd4f85baf739bc787c6b7452db881b835abf3ad4bf489d0a
backend/tests/test_balance_no_double_count_iter192.py,114,current_balance,test_no_double_counting_after_migration,exact_symbol,test_only,Verification fixture/assertion; not a production balance decision,6a734a5228abd465bd4f85baf739bc787c6b7452db881b835abf3ad4bf489d0a
backend/tests/test_balance_no_double_count_iter192.py,117,current_balance,test_no_double_counting_after_migration,exact_symbol,test_only,Verification fixture/assertion; not a production balance decision,6a734a5228abd465bd4f85baf739bc787c6b7452db881b835abf3ad4bf489d0a
backend/tests/test_balance_no_double_count_iter192.py,119,current_balance,test_no_double_counting_after_migration,exact_symbol,test_only,Verification fixture/assertion; not a production balance decision,6a734a5228abd465bd4f85baf739bc787c6b7452db881b835abf3ad4bf489d0a
backend/tests/test_balance_no_double_count_iter192.py,123,current_balance,test_no_double_counting_after_migration,exact_symbol,test_only,Verification fixture/assertion; not a production balance decision,6a734a5228abd465bd4f85baf739bc787c6b7452db881b835abf3ad4bf489d0a
backend/tests/test_balance_no_double_count_iter192.py,152,current_balance,test_no_double_counting_after_migration,exact_symbol,test_only,Verification fixture/assertion; not a production balance decision,6a734a5228abd465bd4f85baf739bc787c6b7452db881b835abf3ad4bf489d0a
backend/tests/test_balance_no_double_count_iter192.py,155,current_balance,test_no_double_counting_after_migration,exact_symbol,test_only,Verification fixture/assertion; not a production balance decision,6a734a5228abd465bd4f85baf739bc787c6b7452db881b835abf3ad4bf489d0a
backend/tests/test_balance_no_double_count_iter192.py,160,current_balance,test_no_double_counting_after_migration,exact_symbol,test_only,Verification fixture/assertion; not a production balance decision,6a734a5228abd465bd4f85baf739bc787c6b7452db881b835abf3ad4bf489d0a
backend/tests/test_balance_no_double_count_iter192.py,165,current_balance,test_no_double_counting_after_migration,exact_symbol,test_only,Verification fixture/assertion; not a production balance decision,6a734a5228abd465bd4f85baf739bc787c6b7452db881b835abf3ad4bf489d0a
backend/tests/test_bank_balance_migration_iter166.py,5,current_balance,<module/JS source>,exact_symbol,test_only,Verification fixture/assertion; not a production balance decision,90a2159d52fea5d96033e9bfb747fe519e6ea09d9f422444976471d55589b691
backend/tests/test_bank_balance_migration_iter166.py,7,compute_balance,<module/JS source>,substring_only,test_only,Verification fixture/assertion; not a production balance decision,90a2159d52fea5d96033e9bfb747fe519e6ea09d9f422444976471d55589b691
backend/tests/test_bank_balance_migration_iter166.py,14,current_balance,<module/JS source>,exact_symbol,test_only,Verification fixture/assertion; not a production balance decision,90a2159d52fea5d96033e9bfb747fe519e6ea09d9f422444976471d55589b691
backend/tests/test_bank_balance_migration_iter166.py,30,current_balance,test_bank_balance_reads_current_balance_field,substring_only,test_only,Verification fixture/assertion; not a production balance decision,90a2159d52fea5d96033e9bfb747fe519e6ea09d9f422444976471d55589b691
backend/tests/test_bank_balance_migration_iter166.py,31,current_balance,test_bank_balance_reads_current_balance_field,exact_symbol,test_only,Verification fixture/assertion; not a production balance decision,90a2159d52fea5d96033e9bfb747fe519e6ea09d9f422444976471d55589b691
backend/tests/test_bank_balance_migration_iter166.py,41,current_balance,test_bank_balance_reads_current_balance_field,exact_symbol,test_only,Verification fixture/assertion; not a production balance decision,90a2159d52fea5d96033e9bfb747fe519e6ea09d9f422444976471d55589b691
backend/tests/test_bank_balance_migration_iter166.py,50,current_balance,test_bank_balance_reads_current_balance_field,exact_symbol,test_only,Verification fixture/assertion; not a production balance decision,90a2159d52fea5d96033e9bfb747fe519e6ea09d9f422444976471d55589b691
backend/tests/test_bank_balance_migration_iter166.py,61,current_balance,test_bank_balance_falls_back_to_legacy_balance_field,exact_symbol,test_only,Verification fixture/assertion; not a production balance decision,90a2159d52fea5d96033e9bfb747fe519e6ea09d9f422444976471d55589b691
backend/tests/test_bank_balance_migration_iter166.py,72,current_balance,test_bank_balance_falls_back_to_legacy_balance_field,exact_symbol,test_only,Verification fixture/assertion; not a production balance decision,90a2159d52fea5d96033e9bfb747fe519e6ea09d9f422444976471d55589b691
backend/tests/test_bank_balance_migration_iter166.py,82,current_balance,test_bank_balance_prefers_current_over_legacy_balance,exact_symbol,test_only,Verification fixture/assertion; not a production balance decision,90a2159d52fea5d96033e9bfb747fe519e6ea09d9f422444976471d55589b691
backend/tests/test_bank_balance_migration_iter166.py,92,current_balance,test_bank_balance_prefers_current_over_legacy_balance,exact_symbol,test_only,Verification fixture/assertion; not a production balance decision,90a2159d52fea5d96033e9bfb747fe519e6ea09d9f422444976471d55589b691
backend/tests/test_bank_detail_ssot_iter198.py,20,compute_balance,<module/JS source>,exact_symbol,test_only,Verification fixture/assertion; not a production balance decision,23aa30ba61d406f51604dd26b532ee62edd9993f06e221c093e266262ddfef8f
backend/tests/test_bank_detail_ssot_iter198.py,62,current_balance,test_bank_detail_ssot_unification,exact_symbol,test_only,Verification fixture/assertion; not a production balance decision,23aa30ba61d406f51604dd26b532ee62edd9993f06e221c093e266262ddfef8f
backend/tests/test_bank_detail_ssot_iter198.py,66,current_balance,test_bank_detail_ssot_unification,exact_symbol,test_only,Verification fixture/assertion; not a production balance decision,23aa30ba61d406f51604dd26b532ee62edd9993f06e221c093e266262ddfef8f
backend/tests/test_bank_detail_ssot_iter198.py,77,compute_balance,test_bank_detail_ssot_unification,exact_symbol,test_only,Verification fixture/assertion; not a production balance decision,23aa30ba61d406f51604dd26b532ee62edd9993f06e221c093e266262ddfef8f
backend/tests/test_bank_detail_ssot_iter198.py,155,compute_balance,test_bank_detail_ssot_unification,exact_symbol,test_only,Verification fixture/assertion; not a production balance decision,23aa30ba61d406f51604dd26b532ee62edd9993f06e221c093e266262ddfef8f
backend/tests/test_bank_detail_ssot_iter198.py,169,current_balance,test_bank_detail_ssot_unification,exact_symbol,test_only,Verification fixture/assertion; not a production balance decision,23aa30ba61d406f51604dd26b532ee62edd9993f06e221c093e266262ddfef8f
backend/tests/test_bank_detail_ssot_iter198.py,170,current_balance,test_bank_detail_ssot_unification,exact_symbol,test_only,Verification fixture/assertion; not a production balance decision,23aa30ba61d406f51604dd26b532ee62edd9993f06e221c093e266262ddfef8f
backend/tests/test_bank_detail_ssot_iter198.py,171,current_balance,test_bank_detail_ssot_unification,substring_only,test_only,Verification fixture/assertion; not a production balance decision,23aa30ba61d406f51604dd26b532ee62edd9993f06e221c093e266262ddfef8f
backend/tests/test_bank_detail_ssot_iter198.py,244,current_balance,test_bank_detail_ssot_unification,exact_symbol,test_only,Verification fixture/assertion; not a production balance decision,23aa30ba61d406f51604dd26b532ee62edd9993f06e221c093e266262ddfef8f
backend/tests/test_bank_detail_ssot_iter198.py,246,current_balance,test_bank_detail_ssot_unification,exact_symbol,test_only,Verification fixture/assertion; not a production balance decision,23aa30ba61d406f51604dd26b532ee62edd9993f06e221c093e266262ddfef8f
backend/tests/test_bank_detail_ssot_iter198.py,249,current_balance,test_bank_detail_ssot_unification,exact_symbol,test_only,Verification fixture/assertion; not a production balance decision,23aa30ba61d406f51604dd26b532ee62edd9993f06e221c093e266262ddfef8f
backend/tests/test_bank_detail_ssot_iter198.py,256,current_balance,test_bank_detail_ssot_unification,exact_symbol,test_only,Verification fixture/assertion; not a production balance decision,23aa30ba61d406f51604dd26b532ee62edd9993f06e221c093e266262ddfef8f
backend/tests/test_bank_detail_ssot_iter198.py,261,current_balance,test_bank_detail_ssot_unification,substring_only,test_only,Verification fixture/assertion; not a production balance decision,23aa30ba61d406f51604dd26b532ee62edd9993f06e221c093e266262ddfef8f
backend/tests/test_bank_detail_ssot_iter198.py,262,current_balance,test_bank_detail_ssot_unification,exact_symbol,test_only,Verification fixture/assertion; not a production balance decision,23aa30ba61d406f51604dd26b532ee62edd9993f06e221c093e266262ddfef8f
backend/tests/test_bank_detail_ssot_iter198.py,271,current_balance,test_bank_detail_ssot_unification,exact_symbol,test_only,Verification fixture/assertion; not a production balance decision,23aa30ba61d406f51604dd26b532ee62edd9993f06e221c093e266262ddfef8f
backend/tests/test_bank_routing_iter111.py,188,current_balance,test_routing_change_recomputes_balance,exact_symbol,test_only,Verification fixture/assertion; not a production balance decision,9ae703ddcf512c1be84316c8c5835c87fdf798f70e29177136472cda679dc7c5
backend/tests/test_bnpl_phase4_iter119.py,110,current_balance,test_accounts_list_bnpl_have_ssot_metadata,substring_only,test_only,Verification fixture/assertion; not a production balance decision,8e9e96c03bf4cee2a2c6102cf7e53845b7a0d105f05cfd5263c9bc825134eadf
backend/tests/test_bnpl_phase4_iter119.py,111,current_balance,test_accounts_list_bnpl_have_ssot_metadata,substring_only,test_only,Verification fixture/assertion; not a production balance decision,8e9e96c03bf4cee2a2c6102cf7e53845b7a0d105f05cfd5263c9bc825134eadf
backend/tests/test_bnpl_phase4_iter119.py,113,current_balance,test_accounts_list_bnpl_have_ssot_metadata,exact_symbol,test_only,Verification fixture/assertion; not a production balance decision,8e9e96c03bf4cee2a2c6102cf7e53845b7a0d105f05cfd5263c9bc825134eadf
backend/tests/test_bnpl_phase4_iter119.py,116,current_balance,test_accounts_list_bnpl_have_ssot_metadata,exact_symbol,test_only,Verification fixture/assertion; not a production balance decision,8e9e96c03bf4cee2a2c6102cf7e53845b7a0d105f05cfd5263c9bc825134eadf
backend/tests/test_bnpl_phase4_iter119.py,117,current_balance,test_accounts_list_bnpl_have_ssot_metadata,exact_symbol,test_only,Verification fixture/assertion; not a production balance decision,8e9e96c03bf4cee2a2c6102cf7e53845b7a0d105f05cfd5263c9bc825134eadf
backend/tests/test_bnpl_phase4_iter119.py,194,current_balance,test_reconciliation_summary_ssot,exact_symbol,test_only,Verification fixture/assertion; not a production balance decision,8e9e96c03bf4cee2a2c6102cf7e53845b7a0d105f05cfd5263c9bc825134eadf
backend/tests/test_bnpl_phase4_iter119.py,195,current_balance,test_reconciliation_summary_ssot,exact_symbol,test_only,Verification fixture/assertion; not a production balance decision,8e9e96c03bf4cee2a2c6102cf7e53845b7a0d105f05cfd5263c9bc825134eadf
backend/tests/test_bnpl_register_iter221_e2e.py,78,current_balance,_seed_receivable_and_bank,exact_symbol,test_only,Verification fixture/assertion; not a production balance decision,37e0079ed432e1de643621c564f99b44a0467afb7081c46c810061a26131dd2b
backend/tests/test_bnpl_settlement_iter220.py,32,compute_balance,<module/JS source>,exact_symbol,test_only,Verification fixture/assertion; not a production balance decision,64ef15d28aff1e37bbdd5c244ba5624bdd4888dd0f450c6210b3109353b62706
backend/tests/test_bnpl_settlement_iter220.py,63,current_balance,_seed_bank,exact_symbol,test_only,Verification fixture/assertion; not a production balance decision,64ef15d28aff1e37bbdd5c244ba5624bdd4888dd0f450c6210b3109353b62706
backend/tests/test_bnpl_settlement_iter220.py,113,compute_balance,test_full_settlement_closes_receivable,exact_symbol,test_only,Verification fixture/assertion; not a production balance decision,64ef15d28aff1e37bbdd5c244ba5624bdd4888dd0f450c6210b3109353b62706
backend/tests/test_bnpl_settlement_iter220.py,120,compute_balance,test_full_settlement_closes_receivable,exact_symbol,test_only,Verification fixture/assertion; not a production balance decision,64ef15d28aff1e37bbdd5c244ba5624bdd4888dd0f450c6210b3109353b62706
backend/tests/test_bnpl_settlement_iter220.py,130,compute_balance,test_full_settlement_closes_receivable,exact_symbol,test_only,Verification fixture/assertion; not a production balance decision,64ef15d28aff1e37bbdd5c244ba5624bdd4888dd0f450c6210b3109353b62706
backend/tests/test_bnpl_settlement_iter220.py,160,compute_balance,test_partial_settlement_keeps_remaining_receivable,exact_symbol,test_only,Verification fixture/assertion; not a production balance decision,64ef15d28aff1e37bbdd5c244ba5624bdd4888dd0f450c6210b3109353b62706
backend/tests/test_bnpl_settlement_iter220.py,194,compute_balance,test_idempotent_re_register,exact_symbol,test_only,Verification fixture/assertion; not a production balance decision,64ef15d28aff1e37bbdd5c244ba5624bdd4888dd0f450c6210b3109353b62706
backend/tests/test_bnpl_settlement_iter220.py,225,compute_balance,test_over_settlement_rejected,exact_symbol,test_only,Verification fixture/assertion; not a production balance decision,64ef15d28aff1e37bbdd5c244ba5624bdd4888dd0f450c6210b3109353b62706
backend/tests/test_bnpl_settlement_iter220.py,275,compute_balance,test_tamara_settlement_works,exact_symbol,test_only,Verification fixture/assertion; not a production balance decision,64ef15d28aff1e37bbdd5c244ba5624bdd4888dd0f450c6210b3109353b62706
backend/tests/test_bnpl_settlement_iter220.py,281,compute_balance,test_tamara_settlement_works,exact_symbol,test_only,Verification fixture/assertion; not a production balance decision,64ef15d28aff1e37bbdd5c244ba5624bdd4888dd0f450c6210b3109353b62706
backend/tests/test_bnpl_settlement_iter220.py,348,compute_balance,test_no_expense_zero_legs,exact_symbol,test_only,Verification fixture/assertion; not a production balance decision,64ef15d28aff1e37bbdd5c244ba5624bdd4888dd0f450c6210b3109353b62706
backend/tests/test_bnpl_settlement_iter220.py,352,compute_balance,test_no_expense_zero_legs,exact_symbol,test_only,Verification fixture/assertion; not a production balance decision,64ef15d28aff1e37bbdd5c244ba5624bdd4888dd0f450c6210b3109353b62706
backend/tests/test_bnpl_ssot_iter219.py,32,compute_balance,<module/JS source>,exact_symbol,test_only,Verification fixture/assertion; not a production balance decision,8a193517f5a5c1bc127f2a977d7c8c45c2cc0f68f2da36f1933ea0416d16cf36
backend/tests/test_bnpl_ssot_iter219.py,107,compute_balance,test_tabby_sale_creates_balanced_entry,exact_symbol,test_only,Verification fixture/assertion; not a production balance decision,8a193517f5a5c1bc127f2a977d7c8c45c2cc0f68f2da36f1933ea0416d16cf36
backend/tests/test_bnpl_ssot_iter219.py,114,compute_balance,test_tabby_sale_creates_balanced_entry,exact_symbol,test_only,Verification fixture/assertion; not a production balance decision,8a193517f5a5c1bc127f2a977d7c8c45c2cc0f68f2da36f1933ea0416d16cf36
backend/tests/test_bnpl_ssot_iter219.py,163,compute_balance,test_tabby_refund_flips_signs,exact_symbol,test_only,Verification fixture/assertion; not a production balance decision,8a193517f5a5c1bc127f2a977d7c8c45c2cc0f68f2da36f1933ea0416d16cf36
backend/tests/test_bnpl_ssot_iter219.py,171,compute_balance,test_tabby_refund_flips_signs,exact_symbol,test_only,Verification fixture/assertion; not a production balance decision,8a193517f5a5c1bc127f2a977d7c8c45c2cc0f68f2da36f1933ea0416d16cf36
backend/tests/test_bnpl_ssot_iter219.py,269,compute_balance,test_tamara_sale_books_correctly,exact_symbol,test_only,Verification fixture/assertion; not a production balance decision,8a193517f5a5c1bc127f2a977d7c8c45c2cc0f68f2da36f1933ea0416d16cf36
backend/tests/test_bnpl_ssot_iter219.py,274,compute_balance,test_tamara_sale_books_correctly,exact_symbol,test_only,Verification fixture/assertion; not a production balance decision,8a193517f5a5c1bc127f2a977d7c8c45c2cc0f68f2da36f1933ea0416d16cf36
backend/tests/test_bnpl_ssot_iter219.py,297,compute_balance,test_provider_isolation,exact_symbol,test_only,Verification fixture/assertion; not a production balance decision,8a193517f5a5c1bc127f2a977d7c8c45c2cc0f68f2da36f1933ea0416d16cf36
backend/tests/test_bnpl_ssot_iter219.py,301,compute_balance,test_provider_isolation,exact_symbol,test_only,Verification fixture/assertion; not a production balance decision,8a193517f5a5c1bc127f2a977d7c8c45c2cc0f68f2da36f1933ea0416d16cf36
backend/tests/test_cash_account_iter187.py,8,current_balance,<module/JS source>,exact_symbol,test_only,Verification fixture/assertion; not a production balance decision,086efd67614e5fa3e7c81de23227da3e24bdc10b48281bd0a8e474d0c3f15402
backend/tests/test_cash_account_iter187.py,152,current_balance,test_cash_account_lifecycle_and_operations,exact_symbol,test_only,Verification fixture/assertion; not a production balance decision,086efd67614e5fa3e7c81de23227da3e24bdc10b48281bd0a8e474d0c3f15402
backend/tests/test_cod_excluded_from_migration_iter179.py,54,current_balance,test_cod_account_excluded_by_arabic_name,exact_symbol,test_only,Verification fixture/assertion; not a production balance decision,1528b6171f4388d826015480bd181926e0eb4c41dc6335fa5e8979363adfcb3f
backend/tests/test_cod_excluded_from_migration_iter179.py,57,current_balance,test_cod_account_excluded_by_arabic_name,exact_symbol,test_only,Verification fixture/assertion; not a production balance decision,1528b6171f4388d826015480bd181926e0eb4c41dc6335fa5e8979363adfcb3f
backend/tests/test_cod_excluded_from_migration_iter179.py,76,current_balance,test_cod_account_excluded_by_hamza_variant,exact_symbol,test_only,Verification fixture/assertion; not a production balance decision,1528b6171f4388d826015480bd181926e0eb4c41dc6335fa5e8979363adfcb3f
backend/tests/test_cod_excluded_from_migration_iter179.py,90,current_balance,test_cod_account_excluded_by_english_name,exact_symbol,test_only,Verification fixture/assertion; not a production balance decision,1528b6171f4388d826015480bd181926e0eb4c41dc6335fa5e8979363adfcb3f
backend/tests/test_cod_excluded_from_migration_iter179.py,107,current_balance,test_cod_excluded_by_normalized_payment_method,exact_symbol,test_only,Verification fixture/assertion; not a production balance decision,1528b6171f4388d826015480bd181926e0eb4c41dc6335fa5e8979363adfcb3f
backend/tests/test_cod_excluded_from_migration_iter179.py,122,current_balance,test_non_cod_platforms_still_migrate,exact_symbol,test_only,Verification fixture/assertion; not a production balance decision,1528b6171f4388d826015480bd181926e0eb4c41dc6335fa5e8979363adfcb3f
backend/tests/test_cod_excluded_from_migration_iter179.py,125,current_balance,test_non_cod_platforms_still_migrate,exact_symbol,test_only,Verification fixture/assertion; not a production balance decision,1528b6171f4388d826015480bd181926e0eb4c41dc6335fa5e8979363adfcb3f
backend/tests/test_cod_excluded_from_migration_iter179.py,128,current_balance,test_non_cod_platforms_still_migrate,exact_symbol,test_only,Verification fixture/assertion; not a production balance decision,1528b6171f4388d826015480bd181926e0eb4c41dc6335fa5e8979363adfcb3f
backend/tests/test_cod_excluded_from_migration_iter179.py,131,current_balance,test_non_cod_platforms_still_migrate,exact_symbol,test_only,Verification fixture/assertion; not a production balance decision,1528b6171f4388d826015480bd181926e0eb4c41dc6335fa5e8979363adfcb3f
backend/tests/test_cod_net_and_dedupe_iter98.py,73,current_balance,_seed_cod,exact_symbol,test_only,Verification fixture/assertion; not a production balance decision,8d724e9f2e6d7eb8c39bc1c9345daa38bf8c642084ce165a132255df28cd54c4
backend/tests/test_cod_net_and_dedupe_iter98.py,168,current_balance,test_net_cod_with_shipping_payable,exact_symbol,test_only,Verification fixture/assertion; not a production balance decision,8d724e9f2e6d7eb8c39bc1c9345daa38bf8c642084ce165a132255df28cd54c4
backend/tests/test_cod_net_and_dedupe_iter98.py,174,current_balance,test_net_cod_with_shipping_payable,exact_symbol,test_only,Verification fixture/assertion; not a production balance decision,8d724e9f2e6d7eb8c39bc1c9345daa38bf8c642084ce165a132255df28cd54c4
backend/tests/test_cod_net_and_dedupe_iter98.py,268,current_balance,test_plain_cod_transfer_still_works,exact_symbol,test_only,Verification fixture/assertion; not a production balance decision,8d724e9f2e6d7eb8c39bc1c9345daa38bf8c642084ce165a132255df28cd54c4
backend/tests/test_cod_net_and_dedupe_iter98.py,270,current_balance,test_plain_cod_transfer_still_works,exact_symbol,test_only,Verification fixture/assertion; not a production balance decision,8d724e9f2e6d7eb8c39bc1c9345daa38bf8c642084ce165a132255df28cd54c4
backend/tests/test_cod_transfer_shipping_tag_iter96.py,46,current_balance,_seed_cod_account,exact_symbol,test_only,Verification fixture/assertion; not a production balance decision,01016388430c5858b90abadfc8e09c6cda44030888b68a2d5bf07d4600eec8d9
backend/tests/test_courier_cod_settle_iter190.py,60,current_balance,test_courier_cod_settlement_all_scenarios,exact_symbol,test_only,Verification fixture/assertion; not a production balance decision,419ba175b25d470de28f882b35f69faa95431961263d720d17ec1d72e89207c4
backend/tests/test_courier_cod_settle_iter190.py,62,current_balance,test_courier_cod_settlement_all_scenarios,exact_symbol,test_only,Verification fixture/assertion; not a production balance decision,419ba175b25d470de28f882b35f69faa95431961263d720d17ec1d72e89207c4
backend/tests/test_courier_cod_settle_iter190.py,224,current_balance,test_courier_cod_settlement_all_scenarios,exact_symbol,test_only,Verification fixture/assertion; not a production balance decision,419ba175b25d470de28f882b35f69faa95431961263d720d17ec1d72e89207c4
backend/tests/test_custody_transfer_iter183.py,59,current_balance,test_custody_transfer_and_open_balances_report,exact_symbol,test_only,Verification fixture/assertion; not a production balance decision,dbf555387104e0ff35c0e77c20247a660fb5d7e71bc80ed27d53e8d40820292d
backend/tests/test_daily_expenses_bank_link_iter94.py,5,current_balance,<module/JS source>,exact_symbol,test_only,Verification fixture/assertion; not a production balance decision,647a656f633b38b14b1638afce77a36047e16934388644312138a792360b229f
backend/tests/test_daily_expenses_bank_link_iter94.py,57,current_balance,_bank_balance,exact_symbol,test_only,Verification fixture/assertion; not a production balance decision,647a656f633b38b14b1638afce77a36047e16934388644312138a792360b229f
backend/tests/test_employee_correction_iter196.py,33,current_balance,_bank_balance,exact_symbol,test_only,Verification fixture/assertion; not a production balance decision,12f92233ad221a785fe9c44d68ea99000535160ca8427359e42971eabaabba8a
backend/tests/test_employee_correction_iter196.py,35,current_balance,_bank_balance,exact_symbol,test_only,Verification fixture/assertion; not a production balance decision,12f92233ad221a785fe9c44d68ea99000535160ca8427359e42971eabaabba8a
backend/tests/test_employee_correction_iter196.py,94,current_balance,test_employee_correction_full_lifecycle,exact_symbol,test_only,Verification fixture/assertion; not a production balance decision,12f92233ad221a785fe9c44d68ea99000535160ca8427359e42971eabaabba8a
backend/tests/test_expense_reversal_iter201.py,43,current_balance,test_expense_reversal_full_lifecycle,exact_symbol,test_only,Verification fixture/assertion; not a production balance decision,70ea3edae4f45877dcf419ea58ff70f69c0bfb866531d941e20fe770f760d6dc
backend/tests/test_financial_position_double_counting_iter100.py,8,current_balance,<module/JS source>,exact_symbol,test_only,Verification fixture/assertion; not a production balance decision,7ff15d1a08cba40f508773ea20bea803dbb38e0aebfcef5eb94863ae75952584
backend/tests/test_financial_position_double_counting_iter100.py,83,current_balance,_seed_platform,exact_symbol,test_only,Verification fixture/assertion; not a production balance decision,7ff15d1a08cba40f508773ea20bea803dbb38e0aebfcef5eb94863ae75952584
backend/tests/test_financial_position_double_counting_iter100.py,155,current_balance,test_assets_total_matches_accounts_summary,exact_symbol,test_only,Verification fixture/assertion; not a production balance decision,7ff15d1a08cba40f508773ea20bea803dbb38e0aebfcef5eb94863ae75952584
backend/tests/test_financial_position_double_counting_iter100.py,218,current_balance,test_platform_remaining_matches_reconciliation_expected,exact_symbol,test_only,Verification fixture/assertion; not a production balance decision,7ff15d1a08cba40f508773ea20bea803dbb38e0aebfcef5eb94863ae75952584
backend/tests/test_financial_position_double_counting_iter100.py,222,current_balance,test_platform_remaining_matches_reconciliation_expected,exact_symbol,test_only,Verification fixture/assertion; not a production balance decision,7ff15d1a08cba40f508773ea20bea803dbb38e0aebfcef5eb94863ae75952584
backend/tests/test_financial_position_double_counting_iter100.py,226,current_balance,test_platform_remaining_matches_reconciliation_expected,exact_symbol,test_only,Verification fixture/assertion; not a production balance decision,7ff15d1a08cba40f508773ea20bea803dbb38e0aebfcef5eb94863ae75952584
backend/tests/test_financial_position_ssot_iter217.py,31,account_balance_ssot,<module/JS source>,exact_symbol,test_only,Verification fixture/assertion; not a production balance decision,eb2a8bca287dd6d11f834202c885e7ffbaa4a772d5edbf3e0cc802ffaabf1345
backend/tests/test_financial_position_ssot_iter217.py,46,current_balance,_seed_user_and_bank,exact_symbol,test_only,Verification fixture/assertion; not a production balance decision,eb2a8bca287dd6d11f834202c885e7ffbaa4a772d5edbf3e0cc802ffaabf1345
backend/tests/test_financial_position_ssot_iter217.py,60,current_balance,test_iter217_financial_position_ssot_contract,exact_symbol,test_only,Verification fixture/assertion; not a production balance decision,eb2a8bca287dd6d11f834202c885e7ffbaa4a772d5edbf3e0cc802ffaabf1345
backend/tests/test_financial_position_ssot_iter217.py,81,current_balance,test_iter217_financial_position_ssot_contract,exact_symbol,test_only,Verification fixture/assertion; not a production balance decision,eb2a8bca287dd6d11f834202c885e7ffbaa4a772d5edbf3e0cc802ffaabf1345
backend/tests/test_financial_position_ssot_iter217.py,106,compute_balance,test_iter217_financial_position_ssot_contract,exact_symbol,test_only,Verification fixture/assertion; not a production balance decision,eb2a8bca287dd6d11f834202c885e7ffbaa4a772d5edbf3e0cc802ffaabf1345
backend/tests/test_financial_position_ssot_iter217.py,109,current_balance,test_iter217_financial_position_ssot_contract,exact_symbol,test_only,Verification fixture/assertion; not a production balance decision,eb2a8bca287dd6d11f834202c885e7ffbaa4a772d5edbf3e0cc802ffaabf1345
backend/tests/test_financial_position_ssot_iter217.py,118,account_balance_ssot,test_iter217_financial_position_ssot_contract,exact_symbol,test_only,Verification fixture/assertion; not a production balance decision,eb2a8bca287dd6d11f834202c885e7ffbaa4a772d5edbf3e0cc802ffaabf1345
backend/tests/test_financial_position_ssot_iter217.py,121,current_balance,test_iter217_financial_position_ssot_contract,exact_symbol,test_only,Verification fixture/assertion; not a production balance decision,eb2a8bca287dd6d11f834202c885e7ffbaa4a772d5edbf3e0cc802ffaabf1345
backend/tests/test_financial_position_ssot_iter217.py,142,current_balance,test_iter217_financial_position_ssot_contract,exact_symbol,test_only,Verification fixture/assertion; not a production balance decision,eb2a8bca287dd6d11f834202c885e7ffbaa4a772d5edbf3e0cc802ffaabf1345
backend/tests/test_golden_rule_iter188.py,58,current_balance,test_golden_rule_blocks_advance_when_salary_is_pending,exact_symbol,test_only,Verification fixture/assertion; not a production balance decision,64845b8ed54e4637d3915173b49ed70f38010e50911c18d9ff334701b7be8945
backend/tests/test_insufficient_funds_iter185.py,68,current_balance,test_insufficient_funds_and_employee_summary,exact_symbol,test_only,Verification fixture/assertion; not a production balance decision,57a274bf5aabdca9dc4c99ba8f97df4220180a7565c90a026dc1e0a1a45e9486
backend/tests/test_insufficient_funds_iter185.py,71,current_balance,test_insufficient_funds_and_employee_summary,exact_symbol,test_only,Verification fixture/assertion; not a production balance decision,57a274bf5aabdca9dc4c99ba8f97df4220180a7565c90a026dc1e0a1a45e9486
backend/tests/test_insufficient_funds_iter185.py,74,current_balance,test_insufficient_funds_and_employee_summary,exact_symbol,test_only,Verification fixture/assertion; not a production balance decision,57a274bf5aabdca9dc4c99ba8f97df4220180a7565c90a026dc1e0a1a45e9486
backend/tests/test_iter196_preview_e2e.py,43,current_balance,_bank_balance,exact_symbol,test_only,Verification fixture/assertion; not a production balance decision,3a2f36e537dd4a4acd761055a2fa4c906bdb834b1d9d6b354d83730bcb37779c
backend/tests/test_iter196_preview_e2e.py,46,current_balance,_bank_balance,exact_symbol,test_only,Verification fixture/assertion; not a production balance decision,3a2f36e537dd4a4acd761055a2fa4c906bdb834b1d9d6b354d83730bcb37779c
backend/tests/test_iter196_preview_e2e.py,61,current_balance,seed,exact_symbol,test_only,Verification fixture/assertion; not a production balance decision,3a2f36e537dd4a4acd761055a2fa4c906bdb834b1d9d6b354d83730bcb37779c
backend/tests/test_iter196_preview_e2e.py,105,current_balance,test_full_correction_flow_preview,exact_symbol,test_only,Verification fixture/assertion; not a production balance decision,3a2f36e537dd4a4acd761055a2fa4c906bdb834b1d9d6b354d83730bcb37779c
backend/tests/test_iter246i_balance_ssot.py,7,current_balance,<module/JS source>,exact_symbol,test_only,Verification fixture/assertion; not a production balance decision,d03e8c095b34643ec10d185011ffeb333af146f721db98afd1763f5bd791ccd9
backend/tests/test_iter246i_balance_ssot.py,8,account_balance_ssot,<module/JS source>,exact_symbol,test_only,Verification fixture/assertion; not a production balance decision,d03e8c095b34643ec10d185011ffeb333af146f721db98afd1763f5bd791ccd9
backend/tests/test_iter246i_balance_ssot.py,84,current_balance,_balances_from_each_surface,exact_symbol,test_only,Verification fixture/assertion; not a production balance decision,d03e8c095b34643ec10d185011ffeb333af146f721db98afd1763f5bd791ccd9
backend/tests/test_iter246j_balance_parity.py,7,current_balance,<module/JS source>,exact_symbol,test_only,Verification fixture/assertion; not a production balance decision,142015cd6ade148113d06686bd01692c2be827c6221013b5e795a390485fe674
backend/tests/test_iter246j_balance_parity.py,78,current_balance,_all_surfaces,exact_symbol,test_only,Verification fixture/assertion; not a production balance decision,142015cd6ade148113d06686bd01692c2be827c6221013b5e795a390485fe674
backend/tests/test_iter246j_balance_parity.py,82,current_balance,_all_surfaces,exact_symbol,test_only,Verification fixture/assertion; not a production balance decision,142015cd6ade148113d06686bd01692c2be827c6221013b5e795a390485fe674
backend/tests/test_iter246x_bnpl_ssot.py,59,current_balance,ctx,exact_symbol,test_only,Verification fixture/assertion; not a production balance decision,d4981cb819045d2a97110b8f2bfb9e7f3a916e547327d6445b214d1a103ed431
backend/tests/test_iter246x_bnpl_ssot.py,65,current_balance,ctx,exact_symbol,test_only,Verification fixture/assertion; not a production balance decision,d4981cb819045d2a97110b8f2bfb9e7f3a916e547327d6445b214d1a103ed431
backend/tests/test_iter248_bnpl_banktx.py,5,current_balance,<module/JS source>,exact_symbol,test_only,Verification fixture/assertion; not a production balance decision,759b007c8c7ad7f0c0e0827b9816d7b01d3b1cde87fd87d92d4fcb4d67de7c49
backend/tests/test_iter248_bnpl_banktx.py,53,current_balance,ctx,exact_symbol,test_only,Verification fixture/assertion; not a production balance decision,759b007c8c7ad7f0c0e0827b9816d7b01d3b1cde87fd87d92d4fcb4d67de7c49
backend/tests/test_iter248_bnpl_banktx.py,125,current_balance,test_apply_inserts_only_account_transactions,exact_symbol,test_only,Verification fixture/assertion; not a production balance decision,759b007c8c7ad7f0c0e0827b9816d7b01d3b1cde87fd87d92d4fcb4d67de7c49
backend/tests/test_iter248_bnpl_banktx.py,142,current_balance,test_apply_inserts_only_account_transactions,exact_symbol,test_only,Verification fixture/assertion; not a production balance decision,759b007c8c7ad7f0c0e0827b9816d7b01d3b1cde87fd87d92d4fcb4d67de7c49
backend/tests/test_iter248_bnpl_banktx.py,144,current_balance,test_apply_inserts_only_account_transactions,exact_symbol,test_only,Verification fixture/assertion; not a production balance decision,759b007c8c7ad7f0c0e0827b9816d7b01d3b1cde87fd87d92d4fcb4d67de7c49
backend/tests/test_liabilities_iter92.py,222,current_balance,_bank_balance,exact_symbol,test_only,Verification fixture/assertion; not a production balance decision,56141a9885906837aa454007c8077876ea8cc6516841ad76b02fe347b049e4b0
backend/tests/test_mz2_atomic_recovery.py,13,compute_balance,<module/JS source>,exact_symbol,test_only,Verification fixture/assertion; not a production balance decision,a98c16e9d7885b681d5a937a2b65bd798471cda2ff1069a913629d0dc304a4ff
backend/tests/test_mz2_atomic_recovery.py,58,compute_balance,assert_one_balanced_sale,exact_symbol,test_only,Verification fixture/assertion; not a production balance decision,a98c16e9d7885b681d5a937a2b65bd798471cda2ff1069a913629d0dc304a4ff
backend/tests/test_mz2_atomic_recovery.py,68,compute_balance,test_process_death_after_first_leg_then_restart_retry,exact_symbol,test_only,Verification fixture/assertion; not a production balance decision,a98c16e9d7885b681d5a937a2b65bd798471cda2ff1069a913629d0dc304a4ff
backend/tests/test_mz2_atomic_recovery.py,140,compute_balance,test_settlement_failure_after_ledger_before_status_aborts_all,exact_symbol,test_only,Verification fixture/assertion; not a production balance decision,a98c16e9d7885b681d5a937a2b65bd798471cda2ff1069a913629d0dc304a4ff
backend/tests/test_mz2_atomic_recovery.py,144,compute_balance,test_settlement_failure_after_ledger_before_status_aborts_all,exact_symbol,test_only,Verification fixture/assertion; not a production balance decision,a98c16e9d7885b681d5a937a2b65bd798471cda2ff1069a913629d0dc304a4ff
backend/tests/test_mz2_daily_refunds.py,11,compute_balance,<module/JS source>,exact_symbol,test_only,Verification fixture/assertion; not a production balance decision,d945a70124bdfb9431bac037272040749cf1d1240b43962cd07a91ae082a394a
backend/tests/test_mz2_daily_refunds.py,94,compute_balance,test_bank_two_payments_30_20_webhook_first_and_daily_first,exact_symbol,test_only,Verification fixture/assertion; not a production balance decision,d945a70124bdfb9431bac037272040749cf1d1240b43962cd07a91ae082a394a
backend/tests/test_mz2_daily_refunds.py,96,compute_balance,test_bank_two_payments_30_20_webhook_first_and_daily_first,exact_symbol,test_only,Verification fixture/assertion; not a production balance decision,d945a70124bdfb9431bac037272040749cf1d1240b43962cd07a91ae082a394a
backend/tests/test_mz2_historical_position.py,42,current_balance,test_august_115_september_75_then_zero_and_august_unchanged,exact_symbol,test_only,Verification fixture/assertion; not a production balance decision,e6bd7f030dc98721fc817e1cd9f166a0235820024e45d8c337d47f1a1f9112ac
backend/tests/test_mz2_receivable_workflow.py,293,compute_balance,test_new_sale_to_existing_settlement_service_and_balance_guard,exact_symbol,test_only,Verification fixture/assertion; not a production balance decision,c2d68b698308e6885e53218f2de03771fdeabe21e9097074e4a945665122cfb8
backend/tests/test_mz2_receivable_workflow.py,309,compute_balance,test_new_sale_to_existing_settlement_service_and_balance_guard,exact_symbol,test_only,Verification fixture/assertion; not a production balance decision,c2d68b698308e6885e53218f2de03771fdeabe21e9097074e4a945665122cfb8
backend/tests/test_mz2_receivable_workflow.py,315,compute_balance,test_new_sale_to_existing_settlement_service_and_balance_guard,exact_symbol,test_only,Verification fixture/assertion; not a production balance decision,c2d68b698308e6885e53218f2de03771fdeabe21e9097074e4a945665122cfb8
backend/tests/test_mz2_receivable_workflow.py,318,compute_balance,test_new_sale_to_existing_settlement_service_and_balance_guard,exact_symbol,test_only,Verification fixture/assertion; not a production balance decision,c2d68b698308e6885e53218f2de03771fdeabe21e9097074e4a945665122cfb8
backend/tests/test_mz2_refund_entitlements.py,9,compute_balance,<module/JS source>,exact_symbol,test_only,Verification fixture/assertion; not a production balance decision,4e7004913683af6f6b7ed542bf870c9b1fb8feb62c58384fb2100cc848b2c599
backend/tests/test_mz2_refund_entitlements.py,48,compute_balance,test_month_end_entitlement_next_month_payment_dates_and_no_repeat_tax,exact_symbol,test_only,Verification fixture/assertion; not a production balance decision,4e7004913683af6f6b7ed542bf870c9b1fb8feb62c58384fb2100cc848b2c599
backend/tests/test_mz2_refund_entitlements.py,67,compute_balance,test_month_end_entitlement_next_month_payment_dates_and_no_repeat_tax,exact_symbol,test_only,Verification fixture/assertion; not a production balance decision,4e7004913683af6f6b7ed542bf870c9b1fb8feb62c58384fb2100cc848b2c599
backend/tests/test_mz2_refund_entitlements.py,68,compute_balance,test_month_end_entitlement_next_month_payment_dates_and_no_repeat_tax,exact_symbol,test_only,Verification fixture/assertion; not a production balance decision,4e7004913683af6f6b7ed542bf870c9b1fb8feb62c58384fb2100cc848b2c599
backend/tests/test_mz2_report_isolation.py,24,current_balance,legacy_sentinels,exact_symbol,test_only,Verification fixture/assertion; not a production balance decision,f5636f7370db0be2a8764b437063443373886f9920684e8185a9d8825868fb42
backend/tests/test_mz2_report_isolation.py,167,current_balance,test_existing_bank_without_approved_opening_is_not_an_approved_zero,exact_symbol,test_only,Verification fixture/assertion; not a production balance decision,f5636f7370db0be2a8764b437063443373886f9920684e8185a9d8825868fb42
backend/tests/test_mz2_report_isolation.py,182,current_balance,test_legacy_control_reproduces_current_balance_leak_before_cutover,substring_only,test_only,Verification fixture/assertion; not a production balance decision,f5636f7370db0be2a8764b437063443373886f9920684e8185a9d8825868fb42
backend/tests/test_mz2_report_isolation.py,184,current_balance,test_legacy_control_reproduces_current_balance_leak_before_cutover,exact_symbol,test_only,Verification fixture/assertion; not a production balance decision,f5636f7370db0be2a8764b437063443373886f9920684e8185a9d8825868fb42
backend/tests/test_mz2_write_balance_isolation.py,98,current_balance,test_bank_refund_legacy_cash_cannot_fund_then_qualified_settlement_can,exact_symbol,test_only,Verification fixture/assertion; not a production balance decision,e896803f328e87a89d0f24dd34ad02d1bae6c77c908d312c45981686ff9d1cf4
backend/tests/test_op_account_binding_iter184.py,55,current_balance,test_operation_account_binding_enforcement,exact_symbol,test_only,Verification fixture/assertion; not a production balance decision,36e70b0979e184aeee934ff270514b59bc1f0d3ad48e5b7c029f8151e0352093
backend/tests/test_op_account_binding_iter184.py,57,current_balance,test_operation_account_binding_enforcement,exact_symbol,test_only,Verification fixture/assertion; not a production balance decision,36e70b0979e184aeee934ff270514b59bc1f0d3ad48e5b7c029f8151e0352093
backend/tests/test_payment_method_idempotency_iter68.py,191,current_balance,test_sync_preserves_transfer_balance,exact_symbol,test_only,Verification fixture/assertion; not a production balance decision,0c8e3c5240c839ef888bb995cffd1934349b46c1ef7b2af85d539d2b44b7a4b3
backend/tests/test_payment_method_idempotency_iter68.py,193,compute_balance,test_sync_preserves_transfer_balance,substring_only,test_only,Verification fixture/assertion; not a production balance decision,0c8e3c5240c839ef888bb995cffd1934349b46c1ef7b2af85d539d2b44b7a4b3
backend/tests/test_payment_method_idempotency_iter68.py,201,current_balance,test_sync_preserves_transfer_balance,exact_symbol,test_only,Verification fixture/assertion; not a production balance decision,0c8e3c5240c839ef888bb995cffd1934349b46c1ef7b2af85d539d2b44b7a4b3
backend/tests/test_payment_method_idempotency_iter68.py,211,current_balance,test_sync_preserves_transfer_balance,exact_symbol,test_only,Verification fixture/assertion; not a production balance decision,0c8e3c5240c839ef888bb995cffd1934349b46c1ef7b2af85d539d2b44b7a4b3
backend/tests/test_payment_method_idempotency_iter68.py,212,current_balance,test_sync_preserves_transfer_balance,exact_symbol,test_only,Verification fixture/assertion; not a production balance decision,0c8e3c5240c839ef888bb995cffd1934349b46c1ef7b2af85d539d2b44b7a4b3
backend/tests/test_payment_method_idempotency_iter68.py,255,current_balance,test_unique_index_blocks_duplicate_ghost,exact_symbol,test_only,Verification fixture/assertion; not a production balance decision,0c8e3c5240c839ef888bb995cffd1934349b46c1ef7b2af85d539d2b44b7a4b3
backend/tests/test_payment_method_idempotency_iter68.py,292,current_balance,test_sync_deletes_pre_existing_ghost_with_no_tx,exact_symbol,test_only,Verification fixture/assertion; not a production balance decision,0c8e3c5240c839ef888bb995cffd1934349b46c1ef7b2af85d539d2b44b7a4b3
backend/tests/test_platforms_couriers_migration_iter167.py,5,current_balance,<module/JS source>,exact_symbol,test_only,Verification fixture/assertion; not a production balance decision,a4ad5ed2d50cf3536bea540bb218ddee73e9813e766a3b101cfa6d0b00e9b966
backend/tests/test_platforms_couriers_migration_iter167.py,30,current_balance,test_payment_platforms_legacy_reads_current_balance,substring_only,test_only,Verification fixture/assertion; not a production balance decision,a4ad5ed2d50cf3536bea540bb218ddee73e9813e766a3b101cfa6d0b00e9b966
backend/tests/test_platforms_couriers_migration_iter167.py,39,current_balance,test_payment_platforms_legacy_reads_current_balance,exact_symbol,test_only,Verification fixture/assertion; not a production balance decision,a4ad5ed2d50cf3536bea540bb218ddee73e9813e766a3b101cfa6d0b00e9b966
backend/tests/test_platforms_couriers_migration_iter167.py,43,current_balance,test_payment_platforms_legacy_reads_current_balance,exact_symbol,test_only,Verification fixture/assertion; not a production balance decision,a4ad5ed2d50cf3536bea540bb218ddee73e9813e766a3b101cfa6d0b00e9b966
backend/tests/test_platforms_couriers_migration_iter167.py,51,current_balance,test_payment_platforms_legacy_reads_current_balance,exact_symbol,test_only,Verification fixture/assertion; not a production balance decision,a4ad5ed2d50cf3536bea540bb218ddee73e9813e766a3b101cfa6d0b00e9b966
backend/tests/test_platforms_couriers_migration_iter167.py,114,current_balance,test_migration_executes_for_platforms_and_couriers,exact_symbol,test_only,Verification fixture/assertion; not a production balance decision,a4ad5ed2d50cf3536bea540bb218ddee73e9813e766a3b101cfa6d0b00e9b966
backend/tests/test_receivable_collect_iter104.py,91,current_balance,test_collect_increments_bank_and_reduces_receivable,exact_symbol,test_only,Verification fixture/assertion; not a production balance decision,6811098b581a05b50156f83d6c4a2ada4f121fe658ed08de7cddedd754700184
backend/tests/test_receivable_collect_iter104.py,112,current_balance,test_collect_increments_bank_and_reduces_receivable,exact_symbol,test_only,Verification fixture/assertion; not a production balance decision,6811098b581a05b50156f83d6c4a2ada4f121fe658ed08de7cddedd754700184
backend/tests/test_reconciliation_phase22.py,55,current_balance,test_summary_shape,exact_symbol,test_only,Verification fixture/assertion; not a production balance decision,bb831537f7c68143f58764289622fc4f9130953b52d104c1e29a3b9ac703d8b0
backend/tests/test_refund_assets_deduction_iter91.py,174,current_balance,test_reconciliation_summary_uses_central_expected,exact_symbol,test_only,Verification fixture/assertion; not a production balance decision,fdba07b08bac689fa315aaeb82fe1f7dd61ef6efd8f7c74b69ccb617e8e2eb5a
backend/tests/test_salary_payment_reversal_iter199.py,27,current_balance,_bank_live_via_api,exact_symbol,test_only,Verification fixture/assertion; not a production balance decision,a7bea3f81754eeb644ed2e7ec59ddb14aefa8ce046a34677fc050a116ef794d3
backend/tests/test_salary_payment_reversal_iter199.py,57,current_balance,test_reverse_salary_payment_full_lifecycle,exact_symbol,test_only,Verification fixture/assertion; not a production balance decision,a7bea3f81754eeb644ed2e7ec59ddb14aefa8ce046a34677fc050a116ef794d3
backend/tests/test_settlements_iter70_1.py,310,current_balance,test_70_1_did_not_change_any_money_number,exact_symbol,test_only,Verification fixture/assertion; not a production balance decision,e2f94a2aa8e287411166f73068463e89333d41f1500eb54840c3b6194e6fd9e6
backend/tests/test_settlements_iter70_1.py,320,current_balance,test_70_1_did_not_change_any_money_number,exact_symbol,test_only,Verification fixture/assertion; not a production balance decision,e2f94a2aa8e287411166f73068463e89333d41f1500eb54840c3b6194e6fd9e6
backend/tests/test_settlements_iter70_1.py,326,current_balance,test_70_1_did_not_change_any_money_number,exact_symbol,test_only,Verification fixture/assertion; not a production balance decision,e2f94a2aa8e287411166f73068463e89333d41f1500eb54840c3b6194e6fd9e6
backend/tests/test_shipping_cost_ssot.py,185,compute_balance,<module/JS source>,substring_only,test_only,Verification fixture/assertion; not a production balance decision,ad3da63ddbc14f06fc0ce56730b191c30a4974f28fa5f05ecde11c140cb4a7ca
backend/tests/test_shipping_cost_ssot.py,187,compute_balance,test_compute_balances_uses_total_with_tax,substring_only,test_only,Verification fixture/assertion; not a production balance decision,ad3da63ddbc14f06fc0ce56730b191c30a4974f28fa5f05ecde11c140cb4a7ca
backend/tests/test_shipping_cost_ssot.py,188,compute_balance,test_compute_balances_uses_total_with_tax,substring_only,test_only,Verification fixture/assertion; not a production balance decision,ad3da63ddbc14f06fc0ce56730b191c30a4974f28fa5f05ecde11c140cb4a7ca
backend/tests/test_shipping_cost_ssot.py,199,compute_balance,test_compute_balances_uses_total_with_tax,substring_only,test_only,Verification fixture/assertion; not a production balance decision,ad3da63ddbc14f06fc0ce56730b191c30a4974f28fa5f05ecde11c140cb4a7ca
backend/tests/test_shipping_cost_ssot.py,207,compute_balance,test_compute_balances_without_cfgs_falls_back_to_base,substring_only,test_only,Verification fixture/assertion; not a production balance decision,ad3da63ddbc14f06fc0ce56730b191c30a4974f28fa5f05ecde11c140cb4a7ca
backend/tests/test_shipping_cost_ssot.py,209,compute_balance,test_compute_balances_without_cfgs_falls_back_to_base,substring_only,test_only,Verification fixture/assertion; not a production balance decision,ad3da63ddbc14f06fc0ce56730b191c30a4974f28fa5f05ecde11c140cb4a7ca
backend/tests/test_shipping_cost_ssot.py,214,compute_balance,test_compute_balances_without_cfgs_falls_back_to_base,substring_only,test_only,Verification fixture/assertion; not a production balance decision,ad3da63ddbc14f06fc0ce56730b191c30a4974f28fa5f05ecde11c140cb4a7ca
backend/tests/test_shipping_diff_vs_salla_audit_only.py,6,compute_balance,<module/JS source>,substring_only,test_only,Verification fixture/assertion; not a production balance decision,8867ec5fb5a6fba06b0ca8081a4590f0c76599f29818bdb8a703307c5eca399e
backend/tests/test_shipping_liability_in_fp_iter101.py,226,current_balance,test_cod_net_fee_reduces_shipping_liability_via_transfer,exact_symbol,test_only,Verification fixture/assertion; not a production balance decision,5cd69a7d97db080ea3b8b0fd07b732538b2fa36224b3e8a0445872a780c50db3
backend/tests/test_shipping_payments_bank_link_iter95.py,58,current_balance,_bank_balance,exact_symbol,test_only,Verification fixture/assertion; not a production balance decision,fd7d934ea163bf35e2d23cba27f1df52fe5e00cb6660207c41a961e217fcf0fc
backend/tests/test_store_delivery_accounting.py,6,compute_balance,<module/JS source>,exact_symbol,test_only,Verification fixture/assertion; not a production balance decision,4681088a098d86d3e794dd51eb6666db923056591dbb92b62dbff9014c06d612
backend/tests/test_store_delivery_accounting.py,144,current_balance,test_driver_delivery_and_net_settlement_reach_ledger_and_financial_position,exact_symbol,test_only,Verification fixture/assertion; not a production balance decision,4681088a098d86d3e794dd51eb6666db923056591dbb92b62dbff9014c06d612
backend/tests/test_store_delivery_accounting.py,169,compute_balance,test_driver_delivery_and_net_settlement_reach_ledger_and_financial_position,exact_symbol,test_only,Verification fixture/assertion; not a production balance decision,4681088a098d86d3e794dd51eb6666db923056591dbb92b62dbff9014c06d612
backend/tests/test_tabby_ssot_phase1_iter195.py,5,current_balance,<module/JS source>,exact_symbol,test_only,Verification fixture/assertion; not a production balance decision,79ccf5efbdd35121caaa941875636d176e9b22b8aa820d45852691a21e5f13c0
backend/tests/test_tabby_ssot_phase1_iter195.py,9,current_balance,<module/JS source>,exact_symbol,test_only,Verification fixture/assertion; not a production balance decision,79ccf5efbdd35121caaa941875636d176e9b22b8aa820d45852691a21e5f13c0
backend/tests/test_tabby_ssot_phase1_iter195.py,31,current_balance,_seed_user_and_tabby,substring_only,test_only,Verification fixture/assertion; not a production balance decision,79ccf5efbdd35121caaa941875636d176e9b22b8aa820d45852691a21e5f13c0
backend/tests/test_tabby_ssot_phase1_iter195.py,33,current_balance,_seed_user_and_tabby,exact_symbol,test_only,Verification fixture/assertion; not a production balance decision,79ccf5efbdd35121caaa941875636d176e9b22b8aa820d45852691a21e5f13c0
backend/tests/test_tabby_ssot_phase1_iter195.py,53,current_balance,_seed_user_and_tabby,exact_symbol,test_only,Verification fixture/assertion; not a production balance decision,79ccf5efbdd35121caaa941875636d176e9b22b8aa820d45852691a21e5f13c0
backend/tests/test_tabby_ssot_phase1_iter195.py,82,current_balance,test_tabby_phase1_quick_fix_complete,exact_symbol,test_only,Verification fixture/assertion; not a production balance decision,79ccf5efbdd35121caaa941875636d176e9b22b8aa820d45852691a21e5f13c0
backend/tests/test_tabby_ssot_phase1_iter195.py,84,current_balance,test_tabby_phase1_quick_fix_complete,exact_symbol,test_only,Verification fixture/assertion; not a production balance decision,79ccf5efbdd35121caaa941875636d176e9b22b8aa820d45852691a21e5f13c0
backend/tests/test_tabby_ssot_phase1_iter195.py,97,current_balance,test_tabby_phase1_quick_fix_complete,substring_only,test_only,Verification fixture/assertion; not a production balance decision,79ccf5efbdd35121caaa941875636d176e9b22b8aa820d45852691a21e5f13c0
backend/tests/test_tabby_ssot_phase1_iter195.py,105,current_balance,test_tabby_phase1_quick_fix_complete,exact_symbol,test_only,Verification fixture/assertion; not a production balance decision,79ccf5efbdd35121caaa941875636d176e9b22b8aa820d45852691a21e5f13c0
backend/tests/test_tabby_ssot_phase1_iter195.py,134,current_balance,test_tabby_phase1_quick_fix_complete,exact_symbol,test_only,Verification fixture/assertion; not a production balance decision,79ccf5efbdd35121caaa941875636d176e9b22b8aa820d45852691a21e5f13c0
backend/tests/test_tabby_ssot_phase1_iter195.py,136,current_balance,test_tabby_phase1_quick_fix_complete,exact_symbol,test_only,Verification fixture/assertion; not a production balance decision,79ccf5efbdd35121caaa941875636d176e9b22b8aa820d45852691a21e5f13c0
backend/tests/test_tabby_ssot_phase1_iter195.py,152,current_balance,test_tabby_phase1_quick_fix_complete,exact_symbol,test_only,Verification fixture/assertion; not a production balance decision,79ccf5efbdd35121caaa941875636d176e9b22b8aa820d45852691a21e5f13c0
backend/tests/test_tabby_ssot_phase1_iter195.py,156,current_balance,test_tabby_phase1_quick_fix_complete,substring_only,test_only,Verification fixture/assertion; not a production balance decision,79ccf5efbdd35121caaa941875636d176e9b22b8aa820d45852691a21e5f13c0
backend/tests/test_tabby_ssot_phase1_iter195.py,157,current_balance,test_tabby_phase1_quick_fix_complete,substring_only,test_only,Verification fixture/assertion; not a production balance decision,79ccf5efbdd35121caaa941875636d176e9b22b8aa820d45852691a21e5f13c0
backend/tests/test_tabby_ssot_phase1_iter195.py,158,current_balance,test_tabby_phase1_quick_fix_complete,substring_only,test_only,Verification fixture/assertion; not a production balance decision,79ccf5efbdd35121caaa941875636d176e9b22b8aa820d45852691a21e5f13c0
backend/tests/test_tabby_ssot_phase1_iter195.py,186,current_balance,test_tabby_phase1_quick_fix_complete,exact_symbol,test_only,Verification fixture/assertion; not a production balance decision,79ccf5efbdd35121caaa941875636d176e9b22b8aa820d45852691a21e5f13c0
backend/tests/test_tabby_ssot_phase1_iter195.py,187,current_balance,test_tabby_phase1_quick_fix_complete,exact_symbol,test_only,Verification fixture/assertion; not a production balance decision,79ccf5efbdd35121caaa941875636d176e9b22b8aa820d45852691a21e5f13c0
backend/tests/test_tabby_ssot_phase1_iter195.py,219,current_balance,test_tabby_phase1_quick_fix_complete,exact_symbol,test_only,Verification fixture/assertion; not a production balance decision,79ccf5efbdd35121caaa941875636d176e9b22b8aa820d45852691a21e5f13c0
backend/tests/test_tabby_ssot_phase1_iter195.py,220,current_balance,test_tabby_phase1_quick_fix_complete,exact_symbol,test_only,Verification fixture/assertion; not a production balance decision,79ccf5efbdd35121caaa941875636d176e9b22b8aa820d45852691a21e5f13c0
backend/tests/test_tabby_ssot_phase1_iter195.py,222,current_balance,test_tabby_phase1_quick_fix_complete,exact_symbol,test_only,Verification fixture/assertion; not a production balance decision,79ccf5efbdd35121caaa941875636d176e9b22b8aa820d45852691a21e5f13c0
backend/tests/test_topup_opening_ssot_iter218.py,28,compute_balance,<module/JS source>,exact_symbol,test_only,Verification fixture/assertion; not a production balance decision,38565530c46f8ed4d495ca8829b81a5f94ce52d8d25eaa68fef5a24be3bd2e0f
backend/tests/test_topup_opening_ssot_iter218.py,41,current_balance,_seed_user_and_bank,exact_symbol,test_only,Verification fixture/assertion; not a production balance decision,38565530c46f8ed4d495ca8829b81a5f94ce52d8d25eaa68fef5a24be3bd2e0f
backend/tests/test_topup_opening_ssot_iter218.py,96,compute_balance,test_iter218_topup_edit_keeps_ssot_in_sync,exact_symbol,test_only,Verification fixture/assertion; not a production balance decision,38565530c46f8ed4d495ca8829b81a5f94ce52d8d25eaa68fef5a24be3bd2e0f
backend/tests/test_topup_opening_ssot_iter218.py,116,compute_balance,test_iter218_topup_edit_keeps_ssot_in_sync,exact_symbol,test_only,Verification fixture/assertion; not a production balance decision,38565530c46f8ed4d495ca8829b81a5f94ce52d8d25eaa68fef5a24be3bd2e0f
backend/tests/test_topup_opening_ssot_iter218.py,135,compute_balance,test_iter218_topup_edit_keeps_ssot_in_sync,exact_symbol,test_only,Verification fixture/assertion; not a production balance decision,38565530c46f8ed4d495ca8829b81a5f94ce52d8d25eaa68fef5a24be3bd2e0f
backend/tests/test_topup_opening_ssot_iter218.py,148,compute_balance,test_iter218_topup_edit_keeps_ssot_in_sync,exact_symbol,test_only,Verification fixture/assertion; not a production balance decision,38565530c46f8ed4d495ca8829b81a5f94ce52d8d25eaa68fef5a24be3bd2e0f
backend/transfers_routes.py,4,current_balance,<module/JS source>,exact_symbol,legacy_unrelated,"Existing shared/legacy account, employee, supplier, courier or BNPL workflow; outside P01 router",a842cbce3b92fcb0d534a66c219e8a9ec1dafe4ea5a8211be3e018e374850989
backend/transfers_routes.py,5,current_balance,<module/JS source>,exact_symbol,legacy_unrelated,"Existing shared/legacy account, employee, supplier, courier or BNPL workflow; outside P01 router",a842cbce3b92fcb0d534a66c219e8a9ec1dafe4ea5a8211be3e018e374850989
backend/transfers_routes.py,9,compute_balance,<module/JS source>,substring_only,legacy_unrelated,"Existing shared/legacy account, employee, supplier, courier or BNPL workflow; outside P01 router",a842cbce3b92fcb0d534a66c219e8a9ec1dafe4ea5a8211be3e018e374850989
backend/transfers_routes.py,64,compute_balance,attach_transfers_routes,substring_only,legacy_unrelated,"Existing shared/legacy account, employee, supplier, courier or BNPL workflow; outside P01 router",a842cbce3b92fcb0d534a66c219e8a9ec1dafe4ea5a8211be3e018e374850989
backend/transfers_routes.py,172,current_balance,create_transfer,exact_symbol,legacy_unrelated,"Existing shared/legacy account, employee, supplier, courier or BNPL workflow; outside P01 router",a842cbce3b92fcb0d534a66c219e8a9ec1dafe4ea5a8211be3e018e374850989
backend/transfers_routes.py,178,current_balance,create_transfer,exact_symbol,legacy_unrelated,"Existing shared/legacy account, employee, supplier, courier or BNPL workflow; outside P01 router",a842cbce3b92fcb0d534a66c219e8a9ec1dafe4ea5a8211be3e018e374850989
backend/transfers_routes.py,217,current_balance,create_transfer,exact_symbol,legacy_unrelated,"Existing shared/legacy account, employee, supplier, courier or BNPL workflow; outside P01 router",a842cbce3b92fcb0d534a66c219e8a9ec1dafe4ea5a8211be3e018e374850989
backend/transfers_routes.py,219,current_balance,create_transfer,exact_symbol,legacy_unrelated,"Existing shared/legacy account, employee, supplier, courier or BNPL workflow; outside P01 router",a842cbce3b92fcb0d534a66c219e8a9ec1dafe4ea5a8211be3e018e374850989
backend/transfers_routes.py,222,current_balance,create_transfer,exact_symbol,legacy_unrelated,"Existing shared/legacy account, employee, supplier, courier or BNPL workflow; outside P01 router",a842cbce3b92fcb0d534a66c219e8a9ec1dafe4ea5a8211be3e018e374850989
backend/transfers_routes.py,367,compute_balance,create_transfer,substring_only,legacy_unrelated,"Existing shared/legacy account, employee, supplier, courier or BNPL workflow; outside P01 router",a842cbce3b92fcb0d534a66c219e8a9ec1dafe4ea5a8211be3e018e374850989
backend/transfers_routes.py,368,compute_balance,create_transfer,substring_only,legacy_unrelated,"Existing shared/legacy account, employee, supplier, courier or BNPL workflow; outside P01 router",a842cbce3b92fcb0d534a66c219e8a9ec1dafe4ea5a8211be3e018e374850989
backend/transfers_routes.py,408,compute_balance,delete_transfer,substring_only,legacy_unrelated,"Existing shared/legacy account, employee, supplier, courier or BNPL workflow; outside P01 router",a842cbce3b92fcb0d534a66c219e8a9ec1dafe4ea5a8211be3e018e374850989
backend/transfers_routes.py,409,compute_balance,delete_transfer,substring_only,legacy_unrelated,"Existing shared/legacy account, employee, supplier, courier or BNPL workflow; outside P01 router",a842cbce3b92fcb0d534a66c219e8a9ec1dafe4ea5a8211be3e018e374850989
backend/universal_accounting_routes.py,31,compute_balance,<module/JS source>,exact_symbol,legacy_unrelated,"Existing shared/legacy account, employee, supplier, courier or BNPL workflow; outside P01 router",c48227aaafc1ceb7272441ea81320b54c181b3ae56b442fd3782ab70419dd74f
backend/universal_accounting_routes.py,32,compute_balances_bulk,<module/JS source>,exact_symbol,legacy_unrelated,"Existing shared/legacy account, employee, supplier, courier or BNPL workflow; outside P01 router",c48227aaafc1ceb7272441ea81320b54c181b3ae56b442fd3782ab70419dd74f
backend/universal_accounting_routes.py,440,current_balance,<module/JS source>,exact_symbol,legacy_unrelated,"Existing shared/legacy account, employee, supplier, courier or BNPL workflow; outside P01 router",c48227aaafc1ceb7272441ea81320b54c181b3ae56b442fd3782ab70419dd74f
backend/universal_accounting_routes.py,441,current_balance,<module/JS source>,exact_symbol,legacy_unrelated,"Existing shared/legacy account, employee, supplier, courier or BNPL workflow; outside P01 router",c48227aaafc1ceb7272441ea81320b54c181b3ae56b442fd3782ab70419dd74f
backend/universal_accounting_routes.py,446,current_balance,<module/JS source>,exact_symbol,legacy_unrelated,"Existing shared/legacy account, employee, supplier, courier or BNPL workflow; outside P01 router",c48227aaafc1ceb7272441ea81320b54c181b3ae56b442fd3782ab70419dd74f
backend/universal_accounting_routes.py,453,current_balance,_account_live_balance,exact_symbol,legacy_unrelated,"Existing shared/legacy account, employee, supplier, courier or BNPL workflow; outside P01 router",c48227aaafc1ceb7272441ea81320b54c181b3ae56b442fd3782ab70419dd74f
backend/universal_accounting_routes.py,473,current_balance,_ensure_opening_balance_seeded,exact_symbol,legacy_unrelated,"Existing shared/legacy account, employee, supplier, courier or BNPL workflow; outside P01 router",c48227aaafc1ceb7272441ea81320b54c181b3ae56b442fd3782ab70419dd74f
backend/universal_accounting_routes.py,485,current_balance,_ensure_opening_balance_seeded,exact_symbol,legacy_unrelated,"Existing shared/legacy account, employee, supplier, courier or BNPL workflow; outside P01 router",c48227aaafc1ceb7272441ea81320b54c181b3ae56b442fd3782ab70419dd74f
backend/universal_accounting_routes.py,489,current_balance,_ensure_opening_balance_seeded,exact_symbol,legacy_unrelated,"Existing shared/legacy account, employee, supplier, courier or BNPL workflow; outside P01 router",c48227aaafc1ceb7272441ea81320b54c181b3ae56b442fd3782ab70419dd74f
backend/universal_accounting_routes.py,663,compute_balance,grant_advance,exact_symbol,legacy_unrelated,"Existing shared/legacy account, employee, supplier, courier or BNPL workflow; outside P01 router",c48227aaafc1ceb7272441ea81320b54c181b3ae56b442fd3782ab70419dd74f
backend/universal_accounting_routes.py,707,compute_balance,grant_advance,exact_symbol,legacy_unrelated,"Existing shared/legacy account, employee, supplier, courier or BNPL workflow; outside P01 router",c48227aaafc1ceb7272441ea81320b54c181b3ae56b442fd3782ab70419dd74f
backend/universal_accounting_routes.py,757,compute_balance,grant_custody,exact_symbol,legacy_unrelated,"Existing shared/legacy account, employee, supplier, courier or BNPL workflow; outside P01 router",c48227aaafc1ceb7272441ea81320b54c181b3ae56b442fd3782ab70419dd74f
backend/universal_accounting_routes.py,772,compute_balance,return_custody,exact_symbol,legacy_unrelated,"Existing shared/legacy account, employee, supplier, courier or BNPL workflow; outside P01 router",c48227aaafc1ceb7272441ea81320b54c181b3ae56b442fd3782ab70419dd74f
backend/universal_accounting_routes.py,815,compute_balance,return_custody,exact_symbol,legacy_unrelated,"Existing shared/legacy account, employee, supplier, courier or BNPL workflow; outside P01 router",c48227aaafc1ceb7272441ea81320b54c181b3ae56b442fd3782ab70419dd74f
backend/universal_accounting_routes.py,843,compute_balance,settle_custody_with_receipts,exact_symbol,legacy_unrelated,"Existing shared/legacy account, employee, supplier, courier or BNPL workflow; outside P01 router",c48227aaafc1ceb7272441ea81320b54c181b3ae56b442fd3782ab70419dd74f
backend/universal_accounting_routes.py,878,compute_balance,settle_custody_with_receipts,exact_symbol,legacy_unrelated,"Existing shared/legacy account, employee, supplier, courier or BNPL workflow; outside P01 router",c48227aaafc1ceb7272441ea81320b54c181b3ae56b442fd3782ab70419dd74f
backend/universal_accounting_routes.py,910,compute_balance,transfer_custody_between_employees,exact_symbol,legacy_unrelated,"Existing shared/legacy account, employee, supplier, courier or BNPL workflow; outside P01 router",c48227aaafc1ceb7272441ea81320b54c181b3ae56b442fd3782ab70419dd74f
backend/universal_accounting_routes.py,955,compute_balance,transfer_custody_between_employees,exact_symbol,legacy_unrelated,"Existing shared/legacy account, employee, supplier, courier or BNPL workflow; outside P01 router",c48227aaafc1ceb7272441ea81320b54c181b3ae56b442fd3782ab70419dd74f
backend/universal_accounting_routes.py,958,compute_balance,transfer_custody_between_employees,exact_symbol,legacy_unrelated,"Existing shared/legacy account, employee, supplier, courier or BNPL workflow; outside P01 router",c48227aaafc1ceb7272441ea81320b54c181b3ae56b442fd3782ab70419dd74f
backend/universal_accounting_routes.py,1386,current_balance,cash_accounts_with_balances,exact_symbol,legacy_unrelated,"Existing shared/legacy account, employee, supplier, courier or BNPL workflow; outside P01 router",c48227aaafc1ceb7272441ea81320b54c181b3ae56b442fd3782ab70419dd74f
backend/universal_accounting_routes.py,1395,current_balance,cash_accounts_with_balances,exact_symbol,legacy_unrelated,"Existing shared/legacy account, employee, supplier, courier or BNPL workflow; outside P01 router",c48227aaafc1ceb7272441ea81320b54c181b3ae56b442fd3782ab70419dd74f
backend/universal_accounting_routes.py,1396,account_balance_ssot,cash_accounts_with_balances,exact_symbol,legacy_unrelated,"Existing shared/legacy account, employee, supplier, courier or BNPL workflow; outside P01 router",c48227aaafc1ceb7272441ea81320b54c181b3ae56b442fd3782ab70419dd74f
backend/universal_accounting_routes.py,1397,current_balance,cash_accounts_with_balances,exact_symbol,legacy_unrelated,"Existing shared/legacy account, employee, supplier, courier or BNPL workflow; outside P01 router",c48227aaafc1ceb7272441ea81320b54c181b3ae56b442fd3782ab70419dd74f
backend/universal_accounting_routes.py,1401,current_balance,cash_accounts_with_balances,exact_symbol,legacy_unrelated,"Existing shared/legacy account, employee, supplier, courier or BNPL workflow; outside P01 router",c48227aaafc1ceb7272441ea81320b54c181b3ae56b442fd3782ab70419dd74f
backend/universal_accounting_routes.py,1404,account_balance_ssot,cash_accounts_with_balances,exact_symbol,legacy_unrelated,"Existing shared/legacy account, employee, supplier, courier or BNPL workflow; outside P01 router",c48227aaafc1ceb7272441ea81320b54c181b3ae56b442fd3782ab70419dd74f
backend/universal_accounting_routes.py,1407,current_balance,cash_accounts_with_balances,exact_symbol,legacy_unrelated,"Existing shared/legacy account, employee, supplier, courier or BNPL workflow; outside P01 router",c48227aaafc1ceb7272441ea81320b54c181b3ae56b442fd3782ab70419dd74f
backend/universal_accounting_routes.py,1410,account_balance_ssot,cash_accounts_with_balances,exact_symbol,legacy_unrelated,"Existing shared/legacy account, employee, supplier, courier or BNPL workflow; outside P01 router",c48227aaafc1ceb7272441ea81320b54c181b3ae56b442fd3782ab70419dd74f
backend/universal_accounting_routes.py,1419,current_balance,cash_accounts_with_balances,substring_only,legacy_unrelated,"Existing shared/legacy account, employee, supplier, courier or BNPL workflow; outside P01 router",c48227aaafc1ceb7272441ea81320b54c181b3ae56b442fd3782ab70419dd74f
backend/universal_accounting_routes.py,1425,current_balance,cash_accounts_with_balances,exact_symbol,legacy_unrelated,"Existing shared/legacy account, employee, supplier, courier or BNPL workflow; outside P01 router",c48227aaafc1ceb7272441ea81320b54c181b3ae56b442fd3782ab70419dd74f
backend/universal_accounting_routes.py,1452,compute_balance,employee_summary_balance,exact_symbol,legacy_unrelated,"Existing shared/legacy account, employee, supplier, courier or BNPL workflow; outside P01 router",c48227aaafc1ceb7272441ea81320b54c181b3ae56b442fd3782ab70419dd74f
backend/universal_accounting_routes.py,1455,compute_balance,employee_summary_balance,exact_symbol,legacy_unrelated,"Existing shared/legacy account, employee, supplier, courier or BNPL workflow; outside P01 router",c48227aaafc1ceb7272441ea81320b54c181b3ae56b442fd3782ab70419dd74f
backend/universal_accounting_routes.py,1458,compute_balance,employee_summary_balance,exact_symbol,legacy_unrelated,"Existing shared/legacy account, employee, supplier, courier or BNPL workflow; outside P01 router",c48227aaafc1ceb7272441ea81320b54c181b3ae56b442fd3782ab70419dd74f
backend/universal_accounting_routes.py,1544,compute_balance,post_salary_accrual,exact_symbol,legacy_unrelated,"Existing shared/legacy account, employee, supplier, courier or BNPL workflow; outside P01 router",c48227aaafc1ceb7272441ea81320b54c181b3ae56b442fd3782ab70419dd74f
backend/universal_accounting_routes.py,1595,compute_balance,settle_employee,exact_symbol,legacy_unrelated,"Existing shared/legacy account, employee, supplier, courier or BNPL workflow; outside P01 router",c48227aaafc1ceb7272441ea81320b54c181b3ae56b442fd3782ab70419dd74f
backend/universal_accounting_routes.py,1600,compute_balance,settle_employee,exact_symbol,legacy_unrelated,"Existing shared/legacy account, employee, supplier, courier or BNPL workflow; outside P01 router",c48227aaafc1ceb7272441ea81320b54c181b3ae56b442fd3782ab70419dd74f
backend/universal_accounting_routes.py,1685,compute_balance,settle_employee,exact_symbol,legacy_unrelated,"Existing shared/legacy account, employee, supplier, courier or BNPL workflow; outside P01 router",c48227aaafc1ceb7272441ea81320b54c181b3ae56b442fd3782ab70419dd74f
backend/universal_accounting_routes.py,1688,compute_balance,settle_employee,exact_symbol,legacy_unrelated,"Existing shared/legacy account, employee, supplier, courier or BNPL workflow; outside P01 router",c48227aaafc1ceb7272441ea81320b54c181b3ae56b442fd3782ab70419dd74f
backend/universal_accounting_routes.py,1726,compute_balance,supplier_invoice,exact_symbol,legacy_unrelated,"Existing shared/legacy account, employee, supplier, courier or BNPL workflow; outside P01 router",c48227aaafc1ceb7272441ea81320b54c181b3ae56b442fd3782ab70419dd74f
backend/universal_accounting_routes.py,1780,compute_balance,supplier_pay,exact_symbol,legacy_unrelated,"Existing shared/legacy account, employee, supplier, courier or BNPL workflow; outside P01 router",c48227aaafc1ceb7272441ea81320b54c181b3ae56b442fd3782ab70419dd74f
backend/universal_accounting_routes.py,1866,compute_balance,supplier_pay,exact_symbol,legacy_unrelated,"Existing shared/legacy account, employee, supplier, courier or BNPL workflow; outside P01 router",c48227aaafc1ceb7272441ea81320b54c181b3ae56b442fd3782ab70419dd74f
backend/universal_accounting_routes.py,1946,compute_balance,supplier_pay,exact_symbol,legacy_unrelated,"Existing shared/legacy account, employee, supplier, courier or BNPL workflow; outside P01 router",c48227aaafc1ceb7272441ea81320b54c181b3ae56b442fd3782ab70419dd74f
backend/universal_accounting_routes.py,1949,compute_balance,supplier_pay,exact_symbol,legacy_unrelated,"Existing shared/legacy account, employee, supplier, courier or BNPL workflow; outside P01 router",c48227aaafc1ceb7272441ea81320b54c181b3ae56b442fd3782ab70419dd74f
backend/universal_accounting_routes.py,2003,compute_balance,external_grant,exact_symbol,legacy_unrelated,"Existing shared/legacy account, employee, supplier, courier or BNPL workflow; outside P01 router",c48227aaafc1ceb7272441ea81320b54c181b3ae56b442fd3782ab70419dd74f
backend/universal_accounting_routes.py,2052,compute_balance,external_collect,exact_symbol,legacy_unrelated,"Existing shared/legacy account, employee, supplier, courier or BNPL workflow; outside P01 router",c48227aaafc1ceb7272441ea81320b54c181b3ae56b442fd3782ab70419dd74f
backend/universal_accounting_routes.py,2275,compute_balance,record_expense,exact_symbol,legacy_unrelated,"Existing shared/legacy account, employee, supplier, courier or BNPL workflow; outside P01 router",c48227aaafc1ceb7272441ea81320b54c181b3ae56b442fd3782ab70419dd74f
backend/universal_accounting_routes.py,2363,compute_balance,courier_charge,exact_symbol,legacy_unrelated,"Existing shared/legacy account, employee, supplier, courier or BNPL workflow; outside P01 router",c48227aaafc1ceb7272441ea81320b54c181b3ae56b442fd3782ab70419dd74f
backend/universal_accounting_routes.py,2404,compute_balance,courier_pay,exact_symbol,legacy_unrelated,"Existing shared/legacy account, employee, supplier, courier or BNPL workflow; outside P01 router",c48227aaafc1ceb7272441ea81320b54c181b3ae56b442fd3782ab70419dd74f
backend/universal_accounting_routes.py,2453,compute_balance,courier_cod_deposit,exact_symbol,legacy_unrelated,"Existing shared/legacy account, employee, supplier, courier or BNPL workflow; outside P01 router",c48227aaafc1ceb7272441ea81320b54c181b3ae56b442fd3782ab70419dd74f
backend/universal_accounting_routes.py,2499,compute_balance,courier_cod_settle,exact_symbol,legacy_unrelated,"Existing shared/legacy account, employee, supplier, courier or BNPL workflow; outside P01 router",c48227aaafc1ceb7272441ea81320b54c181b3ae56b442fd3782ab70419dd74f
backend/universal_accounting_routes.py,2624,compute_balance,courier_cod_settle,exact_symbol,legacy_unrelated,"Existing shared/legacy account, employee, supplier, courier or BNPL workflow; outside P01 router",c48227aaafc1ceb7272441ea81320b54c181b3ae56b442fd3782ab70419dd74f
backend/universal_accounting_routes.py,2653,compute_balance,entity_statement,exact_symbol,legacy_unrelated,"Existing shared/legacy account, employee, supplier, courier or BNPL workflow; outside P01 router",c48227aaafc1ceb7272441ea81320b54c181b3ae56b442fd3782ab70419dd74f
backend/universal_accounting_routes.py,2671,compute_balance,employee_financial_summary,exact_symbol,legacy_unrelated,"Existing shared/legacy account, employee, supplier, courier or BNPL workflow; outside P01 router",c48227aaafc1ceb7272441ea81320b54c181b3ae56b442fd3782ab70419dd74f
backend/universal_accounting_routes.py,2674,compute_balance,employee_financial_summary,exact_symbol,legacy_unrelated,"Existing shared/legacy account, employee, supplier, courier or BNPL workflow; outside P01 router",c48227aaafc1ceb7272441ea81320b54c181b3ae56b442fd3782ab70419dd74f
backend/universal_accounting_routes.py,2677,compute_balance,employee_financial_summary,exact_symbol,legacy_unrelated,"Existing shared/legacy account, employee, supplier, courier or BNPL workflow; outside P01 router",c48227aaafc1ceb7272441ea81320b54c181b3ae56b442fd3782ab70419dd74f
backend/universal_accounting_routes.py,2734,compute_balance,employees_with_balances,exact_symbol,legacy_unrelated,"Existing shared/legacy account, employee, supplier, courier or BNPL workflow; outside P01 router",c48227aaafc1ceb7272441ea81320b54c181b3ae56b442fd3782ab70419dd74f
backend/universal_accounting_routes.py,2852,compute_balances_bulk,suppliers_with_balances,exact_symbol,legacy_unrelated,"Existing shared/legacy account, employee, supplier, courier or BNPL workflow; outside P01 router",c48227aaafc1ceb7272441ea81320b54c181b3ae56b442fd3782ab70419dd74f
backend/universal_accounting_routes.py,2957,compute_balances_bulk,externals_with_balances,exact_symbol,legacy_unrelated,"Existing shared/legacy account, employee, supplier, courier or BNPL workflow; outside P01 router",c48227aaafc1ceb7272441ea81320b54c181b3ae56b442fd3782ab70419dd74f
backend/universal_accounting_routes.py,2986,compute_balance,couriers_with_balances,exact_symbol,legacy_unrelated,"Existing shared/legacy account, employee, supplier, courier or BNPL workflow; outside P01 router",c48227aaafc1ceb7272441ea81320b54c181b3ae56b442fd3782ab70419dd74f
backend/universal_accounting_routes.py,2989,compute_balance,couriers_with_balances,exact_symbol,legacy_unrelated,"Existing shared/legacy account, employee, supplier, courier or BNPL workflow; outside P01 router",c48227aaafc1ceb7272441ea81320b54c181b3ae56b442fd3782ab70419dd74f
frontend/src/pages/AccountDetails.jsx,223,current_balance,<module/JS source>,exact_symbol,legacy_unrelated,Existing legacy/shared page balance presentation or transaction input; not MZ2 isolated report,aa40d34bc7ab5a4a09146595eda324cbe16d8701961bdaa786c5e93785bb7e9c
frontend/src/pages/AccountDetails.jsx,224,current_balance,<module/JS source>,exact_symbol,legacy_unrelated,Existing legacy/shared page balance presentation or transaction input; not MZ2 isolated report,aa40d34bc7ab5a4a09146595eda324cbe16d8701961bdaa786c5e93785bb7e9c
frontend/src/pages/AccountDetails.jsx,247,current_balance,<module/JS source>,exact_symbol,legacy_unrelated,Existing legacy/shared page balance presentation or transaction input; not MZ2 isolated report,aa40d34bc7ab5a4a09146595eda324cbe16d8701961bdaa786c5e93785bb7e9c
frontend/src/pages/AccountDetails.jsx,248,current_balance,<module/JS source>,exact_symbol,legacy_unrelated,Existing legacy/shared page balance presentation or transaction input; not MZ2 isolated report,aa40d34bc7ab5a4a09146595eda324cbe16d8701961bdaa786c5e93785bb7e9c
frontend/src/pages/Accounts.jsx,172,current_balance,<module/JS source>,exact_symbol,legacy_unrelated,Existing legacy/shared page balance presentation or transaction input; not MZ2 isolated report,e06d364b64237917c2056e08f27328668f6e8b3e5316c504a20083bc775237ea
frontend/src/pages/Accounts.jsx,648,current_balance,<module/JS source>,exact_symbol,legacy_unrelated,Existing legacy/shared page balance presentation or transaction input; not MZ2 isolated report,e06d364b64237917c2056e08f27328668f6e8b3e5316c504a20083bc775237ea
frontend/src/pages/Accounts.jsx,651,current_balance,<module/JS source>,exact_symbol,legacy_unrelated,Existing legacy/shared page balance presentation or transaction input; not MZ2 isolated report,e06d364b64237917c2056e08f27328668f6e8b3e5316c504a20083bc775237ea
frontend/src/pages/AdAccountForensic.jsx,639,current_balance,<module/JS source>,exact_symbol,legacy_unrelated,Existing general-ledger/account diagnostic or legacy reconciliation; preserve,56f6078f25849ed77b2b7ce452e1fb29b83bfbaee9c673b49df63ff854dd2cfc
frontend/src/pages/AdAccountForensic.jsx,642,current_balance,<module/JS source>,substring_only,legacy_unrelated,Existing general-ledger/account diagnostic or legacy reconciliation; preserve,56f6078f25849ed77b2b7ce452e1fb29b83bfbaee9c673b49df63ff854dd2cfc
frontend/src/pages/AdAccountForensic.jsx,1061,current_balance,<module/JS source>,substring_only,legacy_unrelated,Existing general-ledger/account diagnostic or legacy reconciliation; preserve,56f6078f25849ed77b2b7ce452e1fb29b83bfbaee9c673b49df63ff854dd2cfc
frontend/src/pages/AdAccountForensic.jsx,1124,current_balance,<module/JS source>,exact_symbol,legacy_unrelated,Existing general-ledger/account diagnostic or legacy reconciliation; preserve,56f6078f25849ed77b2b7ce452e1fb29b83bfbaee9c673b49df63ff854dd2cfc
frontend/src/pages/AdAccountForensic.jsx,1130,current_balance,<module/JS source>,exact_symbol,legacy_unrelated,Existing general-ledger/account diagnostic or legacy reconciliation; preserve,56f6078f25849ed77b2b7ce452e1fb29b83bfbaee9c673b49df63ff854dd2cfc
frontend/src/pages/AdAccountForensic.jsx,1137,current_balance,<module/JS source>,substring_only,legacy_unrelated,Existing general-ledger/account diagnostic or legacy reconciliation; preserve,56f6078f25849ed77b2b7ce452e1fb29b83bfbaee9c673b49df63ff854dd2cfc
frontend/src/pages/AdAccountForensic.jsx,1142,current_balance,<module/JS source>,substring_only,legacy_unrelated,Existing general-ledger/account diagnostic or legacy reconciliation; preserve,56f6078f25849ed77b2b7ce452e1fb29b83bfbaee9c673b49df63ff854dd2cfc
frontend/src/pages/AdAccountForensic.jsx,1299,current_balance,<module/JS source>,substring_only,legacy_unrelated,Existing general-ledger/account diagnostic or legacy reconciliation; preserve,56f6078f25849ed77b2b7ce452e1fb29b83bfbaee9c673b49df63ff854dd2cfc
frontend/src/pages/AdAccounts.jsx,298,current_balance,<module/JS source>,exact_symbol,legacy_unrelated,Existing legacy/shared page balance presentation or transaction input; not MZ2 isolated report,c03cc63f8e2fd264bc01cf102f57a78068d09908b55048d7f2bb940180b1a0e8
frontend/src/pages/AdAccounts.jsx,760,current_balance,<module/JS source>,exact_symbol,legacy_unrelated,Existing legacy/shared page balance presentation or transaction input; not MZ2 isolated report,c03cc63f8e2fd264bc01cf102f57a78068d09908b55048d7f2bb940180b1a0e8
frontend/src/pages/Advances.jsx,98,current_balance,<module/JS source>,exact_symbol,legacy_unrelated,Existing legacy/shared page balance presentation or transaction input; not MZ2 isolated report,80b86cb3dbda4d4fd92669f401268468b6a065d261b7c96fbf77c0770670a433
frontend/src/pages/BalanceDriftDiagnostic.jsx,7,current_balance,<module/JS source>,exact_symbol,legacy_unrelated,Existing general-ledger/account diagnostic or legacy reconciliation; preserve,b38d797333a241b38a67feae7a4d6d391bbc8f02b61bbf1adaa1db7d87771bad
frontend/src/pages/BalanceDriftDiagnostic.jsx,10,account_balance_ssot,<module/JS source>,exact_symbol,legacy_unrelated,Existing general-ledger/account diagnostic or legacy reconciliation; preserve,b38d797333a241b38a67feae7a4d6d391bbc8f02b61bbf1adaa1db7d87771bad
frontend/src/pages/BalanceDriftDiagnostic.jsx,315,current_balance,<module/JS source>,exact_symbol,legacy_unrelated,Existing general-ledger/account diagnostic or legacy reconciliation; preserve,b38d797333a241b38a67feae7a4d6d391bbc8f02b61bbf1adaa1db7d87771bad
frontend/src/pages/BalanceDriftDiagnostic.jsx,350,current_balance,<module/JS source>,substring_only,legacy_unrelated,Existing general-ledger/account diagnostic or legacy reconciliation; preserve,b38d797333a241b38a67feae7a4d6d391bbc8f02b61bbf1adaa1db7d87771bad
frontend/src/pages/CODDiagnostic.jsx,12,current_balance,<module/JS source>,exact_symbol,legacy_unrelated,Existing general-ledger/account diagnostic or legacy reconciliation; preserve,7302c5a1ec390e88e73896738f49d71537571b1d166157ebf177498ae76580c7
frontend/src/pages/CODDiagnostic.jsx,206,current_balance,<module/JS source>,substring_only,legacy_unrelated,Existing general-ledger/account diagnostic or legacy reconciliation; preserve,7302c5a1ec390e88e73896738f49d71537571b1d166157ebf177498ae76580c7
frontend/src/pages/CODDiagnostic.jsx,430,current_balance,<module/JS source>,exact_symbol,legacy_unrelated,Existing general-ledger/account diagnostic or legacy reconciliation; preserve,7302c5a1ec390e88e73896738f49d71537571b1d166157ebf177498ae76580c7
frontend/src/pages/CODDiagnostic.jsx,431,current_balance,<module/JS source>,exact_symbol,legacy_unrelated,Existing general-ledger/account diagnostic or legacy reconciliation; preserve,7302c5a1ec390e88e73896738f49d71537571b1d166157ebf177498ae76580c7
frontend/src/pages/CODDiagnostic.jsx,486,current_balance,<module/JS source>,exact_symbol,legacy_unrelated,Existing general-ledger/account diagnostic or legacy reconciliation; preserve,7302c5a1ec390e88e73896738f49d71537571b1d166157ebf177498ae76580c7
frontend/src/pages/CODDiagnostic.jsx,487,current_balance,<module/JS source>,substring_only,legacy_unrelated,Existing general-ledger/account diagnostic or legacy reconciliation; preserve,7302c5a1ec390e88e73896738f49d71537571b1d166157ebf177498ae76580c7
frontend/src/pages/CODDiagnostic.jsx,532,current_balance,<module/JS source>,exact_symbol,legacy_unrelated,Existing general-ledger/account diagnostic or legacy reconciliation; preserve,7302c5a1ec390e88e73896738f49d71537571b1d166157ebf177498ae76580c7
frontend/src/pages/CODDiagnostic.jsx,584,current_balance,<module/JS source>,exact_symbol,legacy_unrelated,Existing general-ledger/account diagnostic or legacy reconciliation; preserve,7302c5a1ec390e88e73896738f49d71537571b1d166157ebf177498ae76580c7
frontend/src/pages/FinancialInputHub.jsx,923,current_balance,<module/JS source>,exact_symbol,legacy_unrelated,Existing legacy/shared page balance presentation or transaction input; not MZ2 isolated report,a4fd3b62262c46c16592135dc30a1d41df7e8c0f5503598e6de0bb4d4c7eb755
frontend/src/pages/FinancialInputHub.jsx,982,current_balance,<module/JS source>,exact_symbol,legacy_unrelated,Existing legacy/shared page balance presentation or transaction input; not MZ2 isolated report,a4fd3b62262c46c16592135dc30a1d41df7e8c0f5503598e6de0bb4d4c7eb755
frontend/src/pages/FinancialInputHub.jsx,1292,current_balance,<module/JS source>,exact_symbol,legacy_unrelated,Existing legacy/shared page balance presentation or transaction input; not MZ2 isolated report,a4fd3b62262c46c16592135dc30a1d41df7e8c0f5503598e6de0bb4d4c7eb755
frontend/src/pages/FinancialInputHub.jsx,1487,current_balance,<module/JS source>,exact_symbol,legacy_unrelated,Existing legacy/shared page balance presentation or transaction input; not MZ2 isolated report,a4fd3b62262c46c16592135dc30a1d41df7e8c0f5503598e6de0bb4d4c7eb755
frontend/src/pages/FinancialInputHub.jsx,1560,current_balance,<module/JS source>,exact_symbol,legacy_unrelated,Existing legacy/shared page balance presentation or transaction input; not MZ2 isolated report,a4fd3b62262c46c16592135dc30a1d41df7e8c0f5503598e6de0bb4d4c7eb755
frontend/src/pages/OperatingExpenses.jsx,885,current_balance,<module/JS source>,exact_symbol,legacy_unrelated,Existing legacy/shared page balance presentation or transaction input; not MZ2 isolated report,989475c2bfc5c1a16ef5322356e5520b219ecd3cee625b223511376559984aa1
frontend/src/pages/OperatingExpenses.jsx,886,current_balance,<module/JS source>,exact_symbol,legacy_unrelated,Existing legacy/shared page balance presentation or transaction input; not MZ2 isolated report,989475c2bfc5c1a16ef5322356e5520b219ecd3cee625b223511376559984aa1
frontend/src/pages/Receivables.jsx,178,current_balance,<module/JS source>,exact_symbol,legacy_unrelated,Existing legacy/shared page balance presentation or transaction input; not MZ2 isolated report,e5cfc642b24fb01ad0bdc035e0d8e1c4ab74290da4e6f8f6cdec175106d8a78e
frontend/src/pages/Reconciliation.jsx,168,current_balance,<module/JS source>,exact_symbol,legacy_unrelated,Existing general-ledger/account diagnostic or legacy reconciliation; preserve,322f6413bed6f0a0d8dcc6803bb4ca38b5d55b1c438892e58c93cca9ae4d62ad
frontend/src/pages/Reconciliation.jsx,192,current_balance,<module/JS source>,exact_symbol,legacy_unrelated,Existing general-ledger/account diagnostic or legacy reconciliation; preserve,322f6413bed6f0a0d8dcc6803bb4ca38b5d55b1c438892e58c93cca9ae4d62ad
frontend/src/pages/ReconciliationReport.jsx,437,current_balance,<module/JS source>,exact_symbol,legacy_unrelated,Existing general-ledger/account diagnostic or legacy reconciliation; preserve,d6e14d8db115d375d46cb7ac4403eb259adb3353fe7b834807eb4f4df482007e
frontend/src/pages/ShippingAccounts.jsx,302,current_balance,<module/JS source>,exact_symbol,legacy_unrelated,Existing legacy/shared page balance presentation or transaction input; not MZ2 isolated report,34cffb682f7db7f9f7eeef4843c34c18eadcf249324e1c58b5c59b6922a617e2
frontend/src/pages/ShippingAccounts.jsx,303,current_balance,<module/JS source>,exact_symbol,legacy_unrelated,Existing legacy/shared page balance presentation or transaction input; not MZ2 isolated report,34cffb682f7db7f9f7eeef4843c34c18eadcf249324e1c58b5c59b6922a617e2
frontend/src/pages/ShippingTransfers.jsx,48,current_balance,<module/JS source>,exact_symbol,legacy_unrelated,Existing legacy/shared page balance presentation or transaction input; not MZ2 isolated report,667c8888d2d2810c10f0e0e1b2b1deb621a2f9605bfce3ab209df358d357ff34
frontend/src/pages/ShippingTransfers.jsx,149,current_balance,<module/JS source>,exact_symbol,legacy_unrelated,Existing legacy/shared page balance presentation or transaction input; not MZ2 isolated report,667c8888d2d2810c10f0e0e1b2b1deb621a2f9605bfce3ab209df358d357ff34
frontend/src/pages/Transfers.jsx,39,current_balance,<module/JS source>,exact_symbol,legacy_unrelated,Existing legacy/shared page balance presentation or transaction input; not MZ2 isolated report,ad7c1a3858c7dc66af1cb3809e1d698e2bb53300560c21a428f3c0b373360c95
frontend/src/pages/Transfers.jsx,63,current_balance,<module/JS source>,exact_symbol,legacy_unrelated,Existing legacy/shared page balance presentation or transaction input; not MZ2 isolated report,ad7c1a3858c7dc66af1cb3809e1d698e2bb53300560c21a428f3c0b373360c95
frontend/src/pages/Transfers.jsx,132,current_balance,<module/JS source>,exact_symbol,legacy_unrelated,Existing legacy/shared page balance presentation or transaction input; not MZ2 isolated report,ad7c1a3858c7dc66af1cb3809e1d698e2bb53300560c21a428f3c0b373360c95
frontend/src/pages/Transfers.jsx,138,current_balance,<module/JS source>,exact_symbol,legacy_unrelated,Existing legacy/shared page balance presentation or transaction input; not MZ2 isolated report,ad7c1a3858c7dc66af1cb3809e1d698e2bb53300560c21a428f3c0b373360c95
frontend/src/pages/Transfers.jsx,161,current_balance,<module/JS source>,exact_symbol,legacy_unrelated,Existing legacy/shared page balance presentation or transaction input; not MZ2 isolated report,ad7c1a3858c7dc66af1cb3809e1d698e2bb53300560c21a428f3c0b373360c95
frontend/src/pages/Transfers.jsx,168,current_balance,<module/JS source>,exact_symbol,legacy_unrelated,Existing legacy/shared page balance presentation or transaction input; not MZ2 isolated report,ad7c1a3858c7dc66af1cb3809e1d698e2bb53300560c21a428f3c0b373360c95
frontend/src/pages/Transfers.jsx,363,current_balance,<module/JS source>,exact_symbol,legacy_unrelated,Existing legacy/shared page balance presentation or transaction input; not MZ2 isolated report,ad7c1a3858c7dc66af1cb3809e1d698e2bb53300560c21a428f3c0b373360c95
