============================= test session starts =============================
platform win32 -- Python 3.13.15, pytest-9.1.1, pluggy-1.6.0 -- C:\Users\amasi\mz2-final-integration-owner-20261001\.venv\Scripts\python.exe
cachedir: .pytest_cache
rootdir: C:\Users\amasi\mz2-final-release-1240-1241-20261002
plugins: anyio-4.15.1, asyncio-1.4.0
asyncio: mode=Mode.AUTO, debug=False, asyncio_default_fixture_loop_scope=None, asyncio_default_test_loop_scope=function
collecting ... collected 2172 items

backend/tests/test_accounting_currency.py::test_unlisted_currency_rejected_at_all_entry_boundaries[ZZZ] PASSED [  0%]
backend/tests/test_accounting_currency.py::test_unlisted_currency_rejected_at_all_entry_boundaries[AAA] PASSED [  0%]
backend/tests/test_accounting_currency.py::test_unlisted_currency_rejected_at_all_entry_boundaries[US] PASSED [  0%]
backend/tests/test_accounting_currency.py::test_unlisted_currency_rejected_at_all_entry_boundaries[USDD] PASSED [  0%]
backend/tests/test_accounting_currency.py::test_unlisted_currency_rejected_at_all_entry_boundaries[] PASSED [  0%]
backend/tests/test_accounting_currency.py::test_unlisted_currency_rejected_at_all_entry_boundaries[None] PASSED [  0%]
backend/tests/test_accounting_currency.py::test_unlisted_currency_rejected_at_all_entry_boundaries[123] PASSED [  0%]
backend/tests/test_accounting_currency.py::test_unlisted_currency_rejected_at_all_entry_boundaries[ SAR ] PASSED [  0%]
backend/tests/test_accounting_currency.py::test_sar_default_parity_and_existing_foreign_evidence_requirement PASSED [  0%]
backend/tests/test_accounting_currency.py::test_partial_setup_may_omit_currency_but_not_invent_one PASSED [  0%]
backend/tests/test_accounting_currency.py::test_pinned_current_iso_vocabulary_and_case_compatibility PASSED [  0%]
backend/tests/test_accounting_currency.py::test_financial_account_v2_currency_remains_authoritative PASSED [  0%]
backend/tests/test_accounting_currency.py::test_invalid_currency_returns_http_422_before_request_handler PASSED [  0%]
backend/tests/test_accounting_cutoffs_iter149.py::test_defaults_match_merchant_spec PASSED [  0%]
backend/tests/test_accounting_cutoffs_iter149.py::test_get_cutoff_returns_default_for_new_user PASSED [  0%]
backend/tests/test_accounting_cutoffs_iter149.py::test_get_all_cutoffs_seeds_db PASSED [  0%]
backend/tests/test_accounting_cutoffs_iter149.py::test_set_cutoff_idempotent_upsert PASSED [  0%]
backend/tests/test_accounting_cutoffs_iter149.py::test_set_cutoff_validates_date_shape PASSED [  0%]
backend/tests/test_accounting_cutoffs_iter149.py::test_set_cutoff_rejects_unknown_provider PASSED [  0%]
backend/tests/test_accounting_cutoffs_iter149.py::test_tabby_cutoff_excludes_old_transactions PASSED [  0%]
backend/tests/test_accounting_cutoffs_iter149.py::test_tamara_cutoff_excludes_official_entries PASSED [  0%]
backend/tests/test_accounting_cutoffs_iter149.py::test_is_pre_accounting_flag_skipped PASSED [  1%]
backend/tests/test_accounting_cutoffs_iter149.py::test_recompute_endpoint_flags_pre_cutoff_liabilities PASSED [  1%]
backend/tests/test_accounting_cutoffs_iter149.py::test_shipping_ledger_excludes_pre_accounting_orders PASSED [  1%]
backend/tests/test_accounting_ledger_v2.py::test_verified_source_metadata_rejects_reversed_or_foreign_journal PASSED [  1%]
backend/tests/test_accounting_ledger_v2.py::test_reporting_cannot_silently_omit_a_damaged_whole_journal[delete_all_legs] PASSED [  1%]
backend/tests/test_accounting_ledger_v2.py::test_reporting_cannot_silently_omit_a_damaged_whole_journal[hide_status] PASSED [  1%]
backend/tests/test_accounting_ledger_v2.py::test_reporting_cannot_silently_omit_a_damaged_whole_journal[hide_operation] PASSED [  1%]
backend/tests/test_accounting_ledger_v2.py::test_reporting_cannot_silently_omit_a_damaged_whole_journal[hide_date] PASSED [  1%]
backend/tests/test_accounting_ledger_v2.py::test_post_isolated_balanced_sar_decimal_journal_and_verify PASSED [  1%]
backend/tests/test_accounting_ledger_v2.py::test_validation_fails_before_any_storage_write[2026-09-12T12:00:00-entries0-effective_at_timezone_required] PASSED [  1%]
backend/tests/test_accounting_ledger_v2.py::test_validation_fails_before_any_storage_write[2026-09-12T12:00:00+03:00-entries1-journal_unbalanced] PASSED [  1%]
backend/tests/test_accounting_ledger_v2.py::test_validation_fails_before_any_storage_write[2026-09-12T12:00:00+03:00-entries2-amount_decimal_string_required] PASSED [  1%]
backend/tests/test_accounting_ledger_v2.py::test_validation_fails_before_any_storage_write[2026-09-12T12:00:00+03:00-entries3-ledger_leg_unknown_fields] PASSED [  1%]
backend/tests/test_accounting_ledger_v2.py::test_validation_fails_before_any_storage_write[2026-09-12T12:00:00+03:00-entries4-amount_minor_overflow] PASSED [  1%]
backend/tests/test_accounting_ledger_v2.py::test_balanced_journal_rejects_minor_unit_side_total_overflow PASSED [  1%]
backend/tests/test_accounting_ledger_v2.py::test_operational_post_cannot_bypass_sealed_reserved_type_wrappers[opening_balance] PASSED [  1%]
backend/tests/test_accounting_ledger_v2.py::test_operational_post_cannot_bypass_sealed_reserved_type_wrappers[reversal] PASSED [  1%]
backend/tests/test_accounting_ledger_v2.py::test_operational_post_requires_verified_opening_and_cutover_time PASSED [  1%]
backend/tests/test_accounting_ledger_v2.py::test_fixed_width_effective_time_orders_fractional_cutover_correctly PASSED [  1%]
backend/tests/test_accounting_ledger_v2.py::test_operational_post_rejects_corrupt_or_reversed_opening_but_retries_are_safe PASSED [  1%]
backend/tests/test_accounting_ledger_v2.py::test_every_writer_rejects_missing_or_inactive_caller_transaction PASSED [  1%]
backend/tests/test_accounting_ledger_v2.py::test_unknown_commit_outcome_retries_idempotently_in_a_fresh_session PASSED [  1%]
backend/tests/test_accounting_ledger_v2.py::test_partial_insert_failure_rolls_back_group_legs_audit_and_sequence PASSED [  2%]
backend/tests/test_accounting_ledger_v2.py::test_entry_sequence_exhaustion_fails_before_any_journal_insert PASSED [  2%]
backend/tests/test_accounting_ledger_v2.py::test_idempotent_retry_returns_one_group_and_conflicting_payload_is_rejected PASSED [  2%]
backend/tests/test_accounting_ledger_v2.py::test_concurrent_same_request_commits_exactly_one_group PASSED [  2%]
backend/tests/test_accounting_ledger_v2.py::test_compute_and_append_only_reversal_restore_balance_without_mutating_original PASSED [  2%]
backend/tests/test_accounting_ledger_v2.py::test_reversal_cannot_precede_original_effective_time PASSED [  2%]
backend/tests/test_accounting_ledger_v2.py::test_verifier_detects_tampering PASSED [  2%]
backend/tests/test_accounting_ledger_v2.py::test_verifier_rejects_any_extra_audit_event_for_a_group PASSED [  2%]
backend/tests/test_accounting_ledger_v2.py::test_int64_width_downgrade_is_detected_even_when_numeric_value_matches PASSED [  2%]
backend/tests/test_accounting_ledger_v2.py::test_query_and_aggregate_use_exact_minor_units_and_never_legacy_rows PASSED [  2%]
backend/tests/test_accounting_ledger_v2.py::test_query_and_aggregate_fail_closed_on_v2_provenance_corruption PASSED [  2%]
backend/tests/test_accounting_ledger_v2.py::test_opening_wrapper_is_atomic_hash_bound_and_unique_per_book PASSED [  2%]
backend/tests/test_accounting_ledger_v2.py::test_legacy_mz2_scan_blocks_activation_without_mutation PASSED [  2%]
backend/tests/test_accounting_ledger_v2.py::test_indexes_cover_idempotency_legs_entries_reversal_and_opening PASSED [  2%]
backend/tests/test_accounting_ledger_v2.py::test_startup_index_bootstrap_preserves_legacy_then_installs_v2 PASSED [  2%]
backend/tests/test_accounting_ledger_v2.py::test_v2_collection_names_are_absent_from_other_backend_production_modules PASSED [  2%]
backend/tests/test_accounting_ledger_v2.py::test_raw_access_guard_rejects_alias_reflection_and_private_writers PASSED [  2%]
backend/tests/test_accounting_onboarding_ad_binding.py::test_confirmed_mode_exact_financial_ids_and_explicit_zero_coverage_read_only[prepaid] PASSED [  2%]
backend/tests/test_accounting_onboarding_ad_binding.py::test_confirmed_mode_exact_financial_ids_and_explicit_zero_coverage_read_only[postpaid] PASSED [  2%]
backend/tests/test_accounting_onboarding_ad_binding.py::test_confirmed_mode_exact_financial_ids_and_explicit_zero_coverage_read_only[hybrid] PASSED [  2%]
backend/tests/test_accounting_onboarding_ad_binding.py::test_invalid_current_binding_fails_closed_without_mutation[mz2_ad_account_bindings_v2-changes0-ad_binding_missing] PASSED [  2%]
backend/tests/test_accounting_onboarding_ad_binding.py::test_invalid_current_binding_fails_closed_without_mutation[mz2_ad_account_bindings_v2-changes1-onboarding_native_ad_binding_dependency] PASSED [  2%]
backend/tests/test_accounting_onboarding_ad_binding.py::test_invalid_current_binding_fails_closed_without_mutation[mz2_ad_account_bindings_v2-changes2-onboarding_native_ad_binding_dependency] PASSED [  3%]
backend/tests/test_accounting_onboarding_ad_binding.py::test_invalid_current_binding_fails_closed_without_mutation[mz2_ad_account_bindings_v2-changes3-ad_binding_inactive] PASSED [  3%]
backend/tests/test_accounting_onboarding_ad_binding.py::test_invalid_current_binding_fails_closed_without_mutation[mz2_ad_account_bindings_v2-changes4-ad_binding_identity_or_currency_mismatch] PASSED [  3%]
backend/tests/test_accounting_onboarding_ad_binding.py::test_invalid_current_binding_fails_closed_without_mutation[mz2_ad_account_bindings_v2-changes5-ad_binding_identity_or_currency_mismatch] PASSED [  3%]
backend/tests/test_accounting_onboarding_ad_binding.py::test_invalid_current_binding_fails_closed_without_mutation[mz2_ad_account_bindings_v2-changes6-ad_binding_funding_contract_invalid] PASSED [  3%]
backend/tests/test_accounting_onboarding_ad_binding.py::test_invalid_current_binding_fails_closed_without_mutation[mz2_financial_accounts-changes7-ad_financial_binding_foreign_inactive_or_wrong_type] PASSED [  3%]
backend/tests/test_accounting_onboarding_ad_binding.py::test_invalid_current_binding_fails_closed_without_mutation[mz2_financial_accounts-changes8-ad_financial_binding_foreign_inactive_or_wrong_type] PASSED [  3%]
backend/tests/test_accounting_onboarding_ad_binding.py::test_invalid_current_binding_fails_closed_without_mutation[mz2_financial_accounts-changes9-ad_financial_binding_currency_mismatch] PASSED [  3%]
backend/tests/test_accounting_onboarding_ad_binding.py::test_invalid_current_binding_fails_closed_without_mutation[mezan_integration_accounts_v2-changes10-ad_v2_integration_inactive] PASSED [  3%]
backend/tests/test_accounting_onboarding_ad_binding.py::test_ambiguity_owner_scope_and_external_ref_cannot_authorize PASSED [  3%]
backend/tests/test_accounting_onboarding_ad_binding.py::test_platform_scope_preserves_distinct_bindings_with_same_external_id PASSED [  3%]
backend/tests/test_accounting_onboarding_domains.py::test_discovery_is_tenant_scoped_identity_only_and_p02_locked PASSED [  3%]
backend/tests/test_accounting_onboarding_domains.py::test_legacy_collision_does_not_override_canonical_and_inactive_is_excluded PASSED [  3%]
backend/tests/test_accounting_onboarding_domains.py::test_catalog_keeps_registered_units_variants_and_options_without_financial_readiness PASSED [  3%]
backend/tests/test_accounting_onboarding_domains.py::test_external_person_create_and_select_preserves_phone_and_real_entity_id PASSED [  3%]
backend/tests/test_accounting_onboarding_domains.py::test_external_person_rejects_empty_name_and_financial_fields PASSED [  3%]
backend/tests/test_accounting_onboarding_domains.py::test_domain_helpers_do_not_expose_routes_before_track_a_contract PASSED [  3%]
backend/tests/test_accounting_onboarding_domains.py::test_canonical_financial_accounts_keep_currency_type_and_reference_without_balances PASSED [  3%]
backend/tests/test_accounting_onboarding_domains.py::test_canonical_duplicate_is_excluded_but_legacy_collision_is_irrelevant PASSED [  3%]
backend/tests/test_accounting_onboarding_domains.py::test_ad_financial_identities_are_separate_and_never_joined_by_untyped_external_ref PASSED [  3%]
backend/tests/test_accounting_onboarding_domains.py::test_inventory_v2_sources_images_options_and_strict_component_lifecycle PASSED [  3%]
backend/tests/test_accounting_onboarding_domains.py::test_catalog_normalizes_original_option_shapes_without_inventing_variant_ids PASSED [  4%]
backend/tests/test_accounting_onboarding.py::test_metadata_entire_flow_during_pause_has_zero_other_effects PASSED [  4%]
backend/tests/test_accounting_onboarding.py::test_missing_control_also_allows_metadata_only_and_blocks_financial_handoff PASSED [  4%]
backend/tests/test_accounting_onboarding.py::test_create_resume_idempotency_and_concurrent_cas PASSED [  4%]
backend/tests/test_accounting_onboarding.py::test_permissions_owner_scope_and_fresh_revocation PASSED [  4%]
backend/tests/test_accounting_onboarding.py::test_cutover_timestamp_never_assumed[None] PASSED [  4%]
backend/tests/test_accounting_onboarding.py::test_cutover_timestamp_never_assumed[not-a-date] PASSED [  4%]
backend/tests/test_accounting_onboarding.py::test_cutover_timestamp_never_assumed[2026-10-01T00:00:00] PASSED [  4%]
backend/tests/test_accounting_onboarding.py::test_cutover_timestamp_never_assumed[2026-09-30T21:00:00Z] PASSED [  4%]
backend/tests/test_accounting_onboarding.py::test_explicit_zero_not_missing_and_review_is_locked PASSED [  4%]
backend/tests/test_accounting_onboarding.py::test_account_mapping_and_evidence_snapshot_cannot_change_after_preview PASSED [  4%]
backend/tests/test_accounting_onboarding.py::test_existing_entities_cannot_be_silently_absent_or_netted PASSED [  4%]
backend/tests/test_accounting_onboarding.py::test_handoff_atomic_retry_no_post_activation_or_legacy_leakage PASSED [  4%]
backend/tests/test_accounting_onboarding.py::test_handoff_failure_rolls_back_draft_evidence_and_session PASSED [  4%]
backend/tests/test_accounting_onboarding.py::test_inventory_requires_each_account_and_manifest_evidence PASSED [  4%]
backend/tests/test_accounting_onboarding.py::test_provider_requires_explicit_bank_binding_never_inferred_from_payment_method PASSED [  4%]
backend/tests/test_accounting_onboarding.py::test_supplier_requires_canonical_identity_and_separate_advance_and_payable PASSED [  4%]
backend/tests/test_accounting_onboarding.py::test_duplicate_entity_and_wrong_debit_credit_meaning_reject PASSED [  4%]
backend/tests/test_accounting_onboarding.py::test_fx_snapshot_and_original_evidence_are_required_and_locked PASSED [  4%]
backend/tests/test_accounting_onboarding.py::test_unknown_fields_cannot_mutate_control_or_later_phases PASSED [  4%]
backend/tests/test_accounting_onboarding.py::test_binding_bad_types_fail_at_http_validation[value0] PASSED [  4%]
backend/tests/test_accounting_onboarding.py::test_binding_bad_types_fail_at_http_validation[value1] PASSED [  4%]
backend/tests/test_accounting_onboarding.py::test_binding_bad_types_fail_at_http_validation[1] PASSED [  5%]
backend/tests/test_accounting_onboarding.py::test_binding_bad_types_fail_at_http_validation[None] PASSED [  5%]
backend/tests/test_accounting_onboarding.py::test_binding_bad_types_fail_at_http_validation[unknown] PASSED [  5%]
backend/tests/test_accounting_onboarding.py::test_inventory_decimal_errors_are_stable[1e100] PASSED [  5%]
backend/tests/test_accounting_onboarding.py::test_inventory_decimal_errors_are_stable[1e999999] PASSED [  5%]
backend/tests/test_accounting_onboarding.py::test_inventory_decimal_errors_are_stable[NaN] PASSED [  5%]
backend/tests/test_accounting_onboarding.py::test_inventory_decimal_errors_are_stable[Infinity] PASSED [  5%]
backend/tests/test_accounting_onboarding.py::test_inventory_decimal_errors_are_stable[-1] PASSED [  5%]
backend/tests/test_accounting_onboarding.py::test_inventory_decimal_errors_are_stable[1.001] PASSED [  5%]
backend/tests/test_accounting_onboarding.py::test_inventory_decimal_errors_are_stable[bad] PASSED [  5%]
backend/tests/test_accounting_onboarding.py::test_inventory_decimal_errors_are_stable[None] PASSED [  5%]
backend/tests/test_accounting_onboarding.py::test_mongo_selectors_are_not_entity_identities[provider] PASSED [  5%]
backend/tests/test_accounting_onboarding.py::test_mongo_selectors_are_not_entity_identities[bank_account_id] PASSED [  5%]
backend/tests/test_accounting_onboarding.py::test_mongo_selectors_are_not_entity_identities[evidence_file_id] PASSED [  5%]
backend/tests/test_accounting_onboarding.py::test_employee_and_courier_catalogs_match_financial_ssot_without_activation PASSED [  5%]
backend/tests/test_accounting_onboarding.py::test_operational_employee_without_exact_financial_identity_blocks[None] PASSED [  5%]
backend/tests/test_accounting_onboarding.py::test_operational_employee_without_exact_financial_identity_blocks[legacy-alias] PASSED [  5%]
backend/tests/test_accounting_onboarding.py::test_exact_owner_target_creation_boundary[2026-09-30T23:59:59+03:00-False] PASSED [  5%]
backend/tests/test_accounting_onboarding.py::test_exact_owner_target_creation_boundary[2026-10-01T00:00:00+03:00-True] PASSED [  5%]
backend/tests/test_accounting_onboarding.py::test_exact_owner_target_creation_boundary[2026-10-01T00:00:01+03:00-True] PASSED [  5%]
backend/tests/test_accounting_onboarding.py::test_exact_owner_target_creation_boundary[None-False] PASSED [  5%]
backend/tests/test_accounting_onboarding.py::test_exact_owner_target_creation_boundary[invalid-False] PASSED [  5%]
backend/tests/test_accounting_onboarding.py::test_exact_owner_target_creation_boundary[2026-10-01T00:00:00-False] PASSED [  6%]
backend/tests/test_accounting_onboarding.py::test_ad_accounts_require_native_binding_and_legacy_profile_is_not_authority PASSED [  6%]
backend/tests/test_accounting_onboarding.py::test_courier_driver_external_receivable_exact_mappings_and_coverage PASSED [  6%]
backend/tests/test_accounting_onboarding.py::test_identity_catalog_never_returns_other_owner_or_legacy_money PASSED [  6%]
backend/tests/test_accounting_onboarding.py::test_external_person_setup_select_and_inactive_foreign_rejection PASSED [  6%]
backend/tests/test_accounting_onboarding.py::test_owner_without_grants_can_setup_while_financial_writes_stay_paused PASSED [  6%]
backend/tests/test_accounting_opening_categories.py::test_supplier_advance_and_payable_are_separate_without_netting PASSED [  6%]
backend/tests/test_accounting_opening_categories.py::test_direct_supplier_opening_including_zero_rejects_legacy_identity[False-supplier_payable] PASSED [  6%]
backend/tests/test_accounting_opening_categories.py::test_direct_supplier_opening_including_zero_rejects_legacy_identity[False-supplier_advance] PASSED [  6%]
backend/tests/test_accounting_opening_categories.py::test_direct_supplier_opening_including_zero_rejects_legacy_identity[True-supplier_payable] PASSED [  6%]
backend/tests/test_accounting_opening_categories.py::test_direct_supplier_opening_including_zero_rejects_legacy_identity[True-supplier_advance] PASSED [  6%]
backend/tests/test_accounting_opening_categories.py::test_prepaid_asset_and_accrued_liability_are_not_current_expense PASSED [  6%]
backend/tests/test_accounting_opening_categories.py::test_new_categories_require_explicit_zero_and_create_no_zero_legs[supplier_advance] PASSED [  6%]
backend/tests/test_accounting_opening_categories.py::test_new_categories_require_explicit_zero_and_create_no_zero_legs[prepaid_expense] PASSED [  6%]
backend/tests/test_accounting_opening_categories.py::test_new_categories_require_explicit_zero_and_create_no_zero_legs[accrued_expense] PASSED [  6%]
backend/tests/test_accounting_opening_categories.py::test_new_category_debit_credit_meaning_mismatch_is_rejected[supplier_advance-owed_by_us] PASSED [  6%]
backend/tests/test_accounting_opening_categories.py::test_new_category_debit_credit_meaning_mismatch_is_rejected[prepaid_expense-owed_by_us] PASSED [  6%]
backend/tests/test_accounting_opening_categories.py::test_new_category_debit_credit_meaning_mismatch_is_rejected[accrued_expense-available_to_us] PASSED [  6%]
backend/tests/test_accounting_opening_categories.py::test_duplicate_economic_identity_is_rejected[supplier_advance] PASSED [  6%]
backend/tests/test_accounting_opening_categories.py::test_duplicate_economic_identity_is_rejected[prepaid_expense] PASSED [  6%]
backend/tests/test_accounting_opening_categories.py::test_duplicate_economic_identity_is_rejected[accrued_expense] PASSED [  6%]
backend/tests/test_accounting_opening_categories.py::test_new_categories_require_matching_section_evidence[supplier_advance] PASSED [  6%]
backend/tests/test_accounting_opening_categories.py::test_new_categories_require_matching_section_evidence[prepaid_expense] PASSED [  7%]
backend/tests/test_accounting_opening_categories.py::test_new_categories_require_matching_section_evidence[accrued_expense] PASSED [  7%]
backend/tests/test_accounting_opening_categories.py::test_supplier_advance_preserves_fx_snapshot_without_netting PASSED [  7%]
backend/tests/test_accounting_opening_categories.py::test_financial_position_exposes_supplier_asset_and_liability_separately PASSED [  7%]
backend/tests/test_accounting_opening_quarantine.py::test_registered_old_mutations_are_quarantined_without_engine_or_database[/accounting-module/opening-balances/preview] PASSED [  7%]
backend/tests/test_accounting_opening_quarantine.py::test_registered_old_mutations_are_quarantined_without_engine_or_database[/accounting-module/opening-balances/approve] PASSED [  7%]
backend/tests/test_accounting_opening_quarantine.py::test_registered_old_mutations_are_quarantined_without_engine_or_database[/accounting-module/opening-balances/activate] PASSED [  7%]
backend/tests/test_accounting_opening_quarantine.py::test_registered_old_mutations_are_quarantined_without_engine_or_database[/accounting-module/financial-accounts/opening-balances/drafts] PASSED [  7%]
backend/tests/test_accounting_opening_quarantine.py::test_registered_old_mutations_are_quarantined_without_engine_or_database[/accounting-module/financial-accounts/opening-balances/drafts/synthetic/preview] PASSED [  7%]
backend/tests/test_accounting_opening_quarantine.py::test_registered_old_mutations_are_quarantined_without_engine_or_database[/accounting-module/financial-accounts/opening-balances/drafts/synthetic/review] PASSED [  7%]
backend/tests/test_accounting_opening_quarantine.py::test_registered_old_mutations_are_quarantined_without_engine_or_database[/accounting-module/financial-accounts/opening-balances/drafts/synthetic/post] PASSED [  7%]
backend/tests/test_accounting_opening_quarantine.py::test_registered_old_mutations_are_quarantined_without_engine_or_database[/accounting-module/financial-accounts/opening-balances/drafts/synthetic/reverse] PASSED [  7%]
backend/tests/test_accounting_opening_quarantine.py::test_public_activation_transition_is_locked_without_database PASSED [  7%]
backend/tests/test_accounting_opening_quarantine.py::test_retained_historical_evidence_and_setup_routes_have_no_duplicate_mutations PASSED [  7%]
backend/tests/test_accounting_opening_quarantine.py::test_legacy_report_pages_are_visibly_diagnostic PASSED [  7%]
backend/tests/test_accounting_opening_quarantine.py::test_production_router_registration_cannot_shadow_quarantine PASSED [  7%]
backend/tests/test_accounting_source_files.py::test_original_bytes_immutable_and_duplicate_conflict PASSED [  7%]
backend/tests/test_accounting_source_files.py::test_tenant_and_missing_original_fail_closed PASSED [  7%]
backend/tests/test_accounting_source_files.py::test_authenticated_download_and_preview_same_bytes PASSED [  7%]
backend/tests/test_ad_daily_close_proof.py::test_meta_explicit_zero_and_fingerprint PASSED [  7%]
backend/tests/test_ad_daily_close_proof.py::test_meta_incomplete_response_cannot_prove_spend[empty] PASSED [  7%]
backend/tests/test_ad_daily_close_proof.py::test_meta_incomplete_response_cannot_prove_spend[missing] PASSED [  8%]
backend/tests/test_ad_daily_close_proof.py::test_meta_incomplete_response_cannot_prove_spend[null] PASSED [  8%]
backend/tests/test_ad_daily_close_proof.py::test_meta_incomplete_response_cannot_prove_spend[nan] PASSED [  8%]
backend/tests/test_ad_daily_close_proof.py::test_meta_incomplete_response_cannot_prove_spend[negative] PASSED [  8%]
backend/tests/test_ad_daily_close_proof.py::test_meta_incomplete_response_cannot_prove_spend[bool] PASSED [  8%]
backend/tests/test_ad_daily_close_proof.py::test_meta_incomplete_response_cannot_prove_spend[next] PASSED [  8%]
backend/tests/test_ad_daily_close_proof.py::test_meta_incomplete_response_cannot_prove_spend[duplicate] PASSED [  8%]
backend/tests/test_ad_daily_close_proof.py::test_meta_incomplete_response_cannot_prove_spend[date] PASSED [  8%]
backend/tests/test_ad_daily_close_proof.py::test_meta_incomplete_response_cannot_prove_spend[account] PASSED [  8%]
backend/tests/test_ad_daily_close_proof.py::test_tiktok_requires_explicit_advertiser_and_exhausted_page[None] PASSED [  8%]
backend/tests/test_ad_daily_close_proof.py::test_tiktok_requires_explicit_advertiser_and_exhausted_page[empty] PASSED [  8%]
backend/tests/test_ad_daily_close_proof.py::test_tiktok_requires_explicit_advertiser_and_exhausted_page[missing_spend] PASSED [  8%]
backend/tests/test_ad_daily_close_proof.py::test_tiktok_requires_explicit_advertiser_and_exhausted_page[missing_page] PASSED [  8%]
backend/tests/test_ad_daily_close_proof.py::test_tiktok_requires_explicit_advertiser_and_exhausted_page[more_pages] PASSED [  8%]
backend/tests/test_ad_daily_close_proof.py::test_tiktok_requires_explicit_advertiser_and_exhausted_page[foreign] PASSED [  8%]
backend/tests/test_ad_daily_close_proof.py::test_google_requires_complete_stream_and_explicit_provider_identity[None] PASSED [  8%]
backend/tests/test_ad_daily_close_proof.py::test_google_requires_complete_stream_and_explicit_provider_identity[empty] PASSED [  8%]
backend/tests/test_ad_daily_close_proof.py::test_google_requires_complete_stream_and_explicit_provider_identity[missing_cost] PASSED [  8%]
backend/tests/test_ad_daily_close_proof.py::test_google_requires_complete_stream_and_explicit_provider_identity[fractional_micros] PASSED [  8%]
backend/tests/test_ad_daily_close_proof.py::test_google_requires_complete_stream_and_explicit_provider_identity[unproven_timezone] PASSED [  8%]
backend/tests/test_ad_daily_close_proof.py::test_google_requires_complete_stream_and_explicit_provider_identity[invalid_hour] PASSED [  8%]
backend/tests/test_ad_daily_close_proof.py::test_google_requires_complete_stream_and_explicit_provider_identity[foreign] PASSED [  8%]
backend/tests/test_ad_daily_close_proof.py::test_google_requires_complete_stream_and_explicit_provider_identity[foreign_currency] PASSED [  9%]
backend/tests/test_ad_daily_close_proof.py::test_google_requires_complete_stream_and_explicit_provider_identity[duplicate] PASSED [  9%]
backend/tests/test_ad_daily_close_proof.py::test_google_requires_complete_stream_and_explicit_provider_identity[wrong_day] PASSED [  9%]
backend/tests/test_ad_daily_close_proof.py::test_google_requires_complete_stream_and_explicit_provider_identity[incomplete_stream] PASSED [  9%]
backend/tests/test_ad_daily_close_proof.py::test_real_meta_fetch_carries_explicit_zero_proof PASSED [  9%]
backend/tests/test_ad_daily_close_proof.py::test_real_tiktok_fetch_carries_explicit_zero_proof PASSED [  9%]
backend/tests/test_ad_daily_close_proof.py::test_google_search_stream_retains_completion_provenance[payload0-True] PASSED [  9%]
backend/tests/test_ad_daily_close_proof.py::test_google_search_stream_retains_completion_provenance[payload1-False] PASSED [  9%]
backend/tests/test_ad_daily_close_proof.py::test_google_search_stream_retains_completion_provenance[payload2-False] PASSED [  9%]
backend/tests/test_ad_daily_close_proof.py::test_google_search_stream_retains_completion_provenance[payload3-False] PASSED [  9%]
backend/tests/test_ad_daily_close_proof.py::test_google_search_stream_retains_completion_provenance[payload4-False] PASSED [  9%]
backend/tests/test_ad_daily_close_proof.py::test_snapchat_raw_missing_metric_cannot_become_explicit_zero[False] PASSED [  9%]
backend/tests/test_ad_daily_close_proof.py::test_snapchat_raw_missing_metric_cannot_become_explicit_zero[True] PASSED [  9%]
backend/tests/test_ad_daily_close_proof.py::test_snapchat_daily_proof_requires_all_actual_closed_hours[None] PASSED [  9%]
backend/tests/test_ad_daily_close_proof.py::test_snapchat_daily_proof_requires_all_actual_closed_hours[missing_spend] PASSED [  9%]
backend/tests/test_ad_daily_close_proof.py::test_snapchat_daily_proof_requires_all_actual_closed_hours[missing_hour] PASSED [  9%]
backend/tests/test_ad_daily_close_proof.py::test_snapchat_daily_proof_requires_all_actual_closed_hours[provisional] PASSED [  9%]
backend/tests/test_ad_daily_close_proof.py::test_snapchat_daily_proof_requires_all_actual_closed_hours[incomplete] PASSED [  9%]
backend/tests/test_ad_daily_close_proof.py::test_snapchat_daily_proof_requires_all_actual_closed_hours[no_data] PASSED [  9%]
backend/tests/test_auth_cookie_only_browser_v1.py::test_auth_context_never_persists_access_token_to_local_storage PASSED [  9%]
backend/tests/test_auth_cookie_only_browser_v1.py::test_legacy_access_token_is_removed_before_initial_auth_probe PASSED [  9%]
backend/tests/test_auth_cookie_only_browser_v1.py::test_shared_api_uses_credentials_cookie_transport PASSED [  9%]
backend/tests/test_auth_cookie_only_browser_v1.py::test_browser_401_uses_single_flight_cookie_refresh_before_retry PASSED [ 10%]
backend/tests/test_auth_cookie_only_browser_v1.py::test_transient_auth_probe_is_bounded_without_marking_browser_anonymous PASSED [ 10%]
backend/tests/test_auth_cookie_only_browser_v1.py::test_login_and_register_still_refresh_full_user_after_cookie_is_set PASSED [ 10%]
backend/tests/test_component_workspace_derivation.py::test_workspace_derives_multiple_product_usages_and_removes_only_selected_link PASSED [ 10%]
backend/tests/test_component_workspace_derivation.py::test_shared_value_key_keeps_real_option_binding_ids_and_conditions_distinct PASSED [ 10%]
backend/tests/test_component_workspace_derivation.py::test_unknown_option_is_rejected_without_binding_or_usage PASSED [ 10%]
backend/tests/test_counterparty_phone.py::test_create_select_edit_phone_on_existing_general_counterparty_endpoint PASSED [ 10%]
backend/tests/test_counterparty_phone.py::test_omitted_or_null_phone_preserves_existing_and_empty_string_clears PASSED [ 10%]
backend/tests/test_counterparty_phone.py::test_phone_length_bound_and_ownership_checks_precede_writes PASSED [ 10%]
backend/tests/test_counterparty_phone.py::test_phone_does_not_bypass_duplicate_or_kind_rules PASSED [ 10%]
backend/tests/test_dashboard_shipping_ssot.py::test_ssot_aggregate_matches_dashboard_shape PASSED [ 10%]
backend/tests/test_dashboard_shipping_ssot.py::test_dashboard_shipping_row_mirrors_ssot_fields PASSED [ 10%]
backend/tests/test_dashboard_shipping_ssot.py::test_ssot_handles_deferred_flag_correctly PASSED [ 10%]
backend/tests/test_email_otp_security_v1.py::test_owner_never_uses_email_otp PASSED [ 10%]
backend/tests/test_email_otp_security_v1.py::test_every_non_owner_employee_requires_email_otp PASSED [ 10%]
backend/tests/test_email_otp_security_v1.py::test_false_document_flag_cannot_disable_employee_otp PASSED [ 10%]
backend/tests/test_email_otp_security_v1.py::test_meta_reviewer_is_the_only_non_owner_exception PASSED [ 10%]
backend/tests/test_email_otp_security_v1.py::test_deployment_flag_cannot_disable_employee_otp PASSED [ 10%]
backend/tests/test_email_otp_security_v1.py::test_store_driver_is_otp_free_only_for_signed_native_client PASSED [ 10%]
backend/tests/test_email_otp_security_v1.py::test_normal_employee_cannot_claim_native_client_to_skip_otp PASSED [ 10%]
backend/tests/test_email_otp_security_v1.py::test_otp_is_six_digits_and_digest_never_stores_plaintext PASSED [ 10%]
backend/tests/test_email_otp_security_v1.py::test_challenge_token_is_signed_typed_and_short_lived PASSED [ 11%]
backend/tests/test_email_otp_security_v1.py::test_email_mask_does_not_reveal_full_local_part PASSED [ 11%]
backend/tests/test_email_otp_security_v1.py::test_runtime_is_always_fail_closed PASSED [ 11%]
backend/tests/test_email_otp_security_v1.py::test_auth_middleware_order_and_frontend_contract PASSED [ 11%]
backend/tests/test_email_otp_security_v1.py::test_email_message_uses_amasi_brand_and_recipient_name PASSED [ 11%]
backend/tests/test_employee_payroll_v2_cutover.py::test_unpaid_leave_stops_on_first_day_and_resume_has_no_backfill PASSED [ 11%]
backend/tests/test_employee_payroll_v2_cutover.py::test_open_leave_stops_future_daily_accrual PASSED [ 11%]
backend/tests/test_employee_payroll_v2_cutover.py::test_migrated_inactive_contract_keeps_last_paid_day_without_legacy_read PASSED [ 11%]
backend/tests/test_employee_payroll_v2_cutover.py::test_effective_dated_salary_revision_preserves_prior_period_amounts PASSED [ 11%]
backend/tests/test_employee_payroll_v2_cutover.py::test_runtime_salary_loader_never_reads_legacy_employee_salaries PASSED [ 11%]
backend/tests/test_employee_payroll_v2_cutover.py::test_dashboard_expense_uses_v2_employee_salary_and_ignores_old_employee_row PASSED [ 11%]
backend/tests/test_employee_payroll_v2_cutover.py::test_payroll_consumers_have_zero_direct_legacy_employee_salary_reads PASSED [ 11%]
backend/tests/test_employee_salary_contract_management.py::test_create_employee_and_salary_are_real_and_audited PASSED [ 11%]
backend/tests/test_employee_salary_contract_management.py::test_existing_without_contract_preserves_login_permissions_and_balances PASSED [ 11%]
backend/tests/test_employee_salary_contract_management.py::test_effective_history_future_schedule_and_calendar_proration PASSED [ 11%]
backend/tests/test_employee_salary_contract_management.py::test_any_create_audit_failure_aborts_employee_and_contract[employee_created] PASSED [ 11%]
backend/tests/test_employee_salary_contract_management.py::test_any_create_audit_failure_aborts_employee_and_contract[employee_salary_contract_created] PASSED [ 11%]
backend/tests/test_employee_salary_contract_management.py::test_employee_or_contract_insert_failure_rolls_back_all[mezan_employees_v2] PASSED [ 11%]
backend/tests/test_employee_salary_contract_management.py::test_employee_or_contract_insert_failure_rolls_back_all[mezan_employee_salary_contracts_v2] PASSED [ 11%]
backend/tests/test_employee_salary_contract_management.py::test_update_audit_failure_rolls_back_contract_and_employee_version PASSED [ 11%]
backend/tests/test_employee_salary_contract_management.py::test_posted_backdate_and_same_day_fail_closed PASSED [ 11%]
backend/tests/test_employee_salary_contract_management.py::test_concurrent_salary_changes_only_one_wins PASSED [ 11%]
backend/tests/test_employee_salary_contract_management.py::test_invalid_salary_rejected_without_partial_identity[0-2026-10-01] PASSED [ 12%]
backend/tests/test_employee_salary_contract_management.py::test_invalid_salary_rejected_without_partial_identity[-1-2026-10-01] PASSED [ 12%]
backend/tests/test_employee_salary_contract_management.py::test_invalid_salary_rejected_without_partial_identity[NaN-2026-10-01] PASSED [ 12%]
backend/tests/test_employee_salary_contract_management.py::test_invalid_salary_rejected_without_partial_identity[Infinity-2026-10-01] PASSED [ 12%]
backend/tests/test_employee_salary_contract_management.py::test_invalid_salary_rejected_without_partial_identity[True-2026-10-01] PASSED [ 12%]
backend/tests/test_employee_salary_contract_management.py::test_invalid_salary_rejected_without_partial_identity[3000-20261001] PASSED [ 12%]
backend/tests/test_employee_salary_contract_management.py::test_invalid_salary_rejected_without_partial_identity[3000-2026-02-30] PASSED [ 12%]
backend/tests/test_employee_salary_contract_management.py::test_invalid_salary_rejected_without_partial_identity[3000-2026-09-30] PASSED [ 12%]
backend/tests/test_employee_salary_contract_management.py::test_paused_writes_allow_salary_setup_but_non_owner_remains_denied PASSED [ 12%]
backend/tests/test_employee_salary_contract_management.py::test_leave_return_and_salary_revision_preserve_unpaid_days PASSED [ 12%]
backend/tests/test_employee_salary_contract_management.py::test_future_salary_is_not_displayed_as_current PASSED [ 12%]
backend/tests/test_employee_salary_contract_management.py::test_native_inactive_employee_and_cross_tenant_salary_access PASSED [ 12%]
backend/tests/test_employee_salary_contract_management.py::test_invalid_revision_history_fails_closed PASSED [ 12%]
backend/tests/test_employee_salary_contract_management.py::test_http_create_add_and_change_salary_responses_are_json PASSED [ 12%]
backend/tests/test_employee_salary_contract_management.py::test_setup_write_allowlist_aborts_even_if_denial_is_caught[general_ledger] PASSED [ 12%]
backend/tests/test_employee_salary_contract_management.py::test_setup_write_allowlist_aborts_even_if_denial_is_caught[accounts] PASSED [ 12%]
backend/tests/test_employee_salary_contract_management.py::test_setup_write_allowlist_aborts_even_if_denial_is_caught[banks] PASSED [ 12%]
backend/tests/test_employee_salary_contract_management.py::test_setup_write_allowlist_aborts_even_if_denial_is_caught[liabilities] PASSED [ 12%]
backend/tests/test_employee_salary_contract_management.py::test_setup_write_allowlist_aborts_even_if_denial_is_caught[mz2_employee_financial_events] PASSED [ 12%]
backend/tests/test_employee_salary_contract_management.py::test_setup_write_allowlist_aborts_even_if_denial_is_caught[mz2_opening_balance_drafts] PASSED [ 12%]
backend/tests/test_employee_salary_contract_management.py::test_setup_write_allowlist_aborts_even_if_denial_is_caught[settlements] PASSED [ 12%]
backend/tests/test_employee_salary_contract_management.py::test_setup_write_allowlist_aborts_even_if_denial_is_caught[custody] PASSED [ 12%]
backend/tests/test_employee_salary_contract_management.py::test_setup_write_allowlist_aborts_even_if_denial_is_caught[advances] PASSED [ 13%]
backend/tests/test_employee_salary_contract_management.py::test_setup_write_allowlist_aborts_even_if_denial_is_caught[mz2_atomic_owners] PASSED [ 13%]
backend/tests/test_employee_salary_contract_management.py::test_setup_write_allowlist_aborts_even_if_denial_is_caught[users] PASSED [ 13%]
backend/tests/test_employee_salary_contract_management.py::test_setup_write_allowlist_aborts_even_if_denial_is_caught[mezan_role_assignments_v2] PASSED [ 13%]
backend/tests/test_employee_salary_contract_management.py::test_setup_write_allowlist_aborts_even_if_denial_is_caught[unknown_accounting_collection] PASSED [ 13%]
backend/tests/test_employee_salary_contract_management.py::test_setup_cannot_escalate_capability[financial_helper] PASSED [ 13%]
backend/tests/test_employee_salary_contract_management.py::test_setup_cannot_escalate_capability[other_profile] PASSED [ 13%]
backend/tests/test_employee_salary_contract_management.py::test_setup_cannot_escalate_capability[control] PASSED [ 13%]
backend/tests/test_employee_salary_contract_management.py::test_setup_cannot_escalate_capability[out] PASSED [ 13%]
backend/tests/test_employee_salary_contract_management.py::test_setup_cannot_escalate_capability[merge] PASSED [ 13%]
backend/tests/test_employee_salary_contract_management.py::test_setup_cannot_escalate_capability[session] PASSED [ 13%]
backend/tests/test_employee_salary_contract_management.py::test_setup_cannot_escalate_capability[client] PASSED [ 13%]
backend/tests/test_employee_salary_contract_management.py::test_setup_cannot_escalate_capability[command] PASSED [ 13%]
backend/tests/test_employee_salary_contract_management.py::test_setup_cannot_escalate_capability[bulk] PASSED [ 13%]
backend/tests/test_employee_salary_contract_management.py::test_setup_cannot_escalate_capability[audit_update] PASSED [ 13%]
backend/tests/test_employee_salary_contract_management.py::test_setup_cannot_escalate_capability[foreign_owner] PASSED [ 13%]
backend/tests/test_employee_salary_contract_management.py::test_missing_control_allows_setup_without_enabling_finance PASSED [ 13%]
backend/tests/test_employee_salary_contract_management.py::test_paused_financial_http_posts_remain_blocked_after_setup PASSED [ 13%]
backend/tests/test_employee_salary_contract_management.py::test_setup_serializes_with_financial_posting_and_rechecks_history PASSED [ 13%]
backend/tests/test_financial_accounts_real_mongo.py::test_real_mongo_supports_sessions_and_read_only_transaction PASSED [ 13%]
backend/tests/test_financial_accounts_real_mongo.py::test_http_account_crud_idempotency_and_tenant_isolation PASSED [ 13%]
backend/tests/test_financial_accounts_real_mongo.py::test_permissions_separate_owner_setup_from_explicit_financial_authority PASSED [ 13%]
backend/tests/test_financial_accounts_real_mongo.py::test_opening_replacement_and_evidence_is_immutable PASSED [ 14%]
backend/tests/test_financial_accounts_real_mongo.py::test_http_review_post_concurrency_retry_and_append_only_reverse PASSED [ 14%]
backend/tests/test_financial_accounts_real_mongo.py::test_zero_opening_can_be_reversed_then_replaced_by_first_v2_journal PASSED [ 14%]
backend/tests/test_financial_accounts_real_mongo.py::test_evidence_mismatch_fails_closed[owner] PASSED [ 14%]
backend/tests/test_financial_accounts_real_mongo.py::test_evidence_mismatch_fails_closed[hash] PASSED [ 14%]
backend/tests/test_financial_accounts_real_mongo.py::test_evidence_mismatch_fails_closed[size] PASSED [ 14%]
backend/tests/test_financial_accounts_real_mongo.py::test_evidence_mismatch_fails_closed[version] PASSED [ 14%]
backend/tests/test_financial_accounts_real_mongo.py::test_closed_period_fails_before_any_journal PASSED [ 14%]
backend/tests/test_financial_accounts_real_mongo.py::test_post_failure_rolls_back_and_never_falls_back_to_legacy PASSED [ 14%]
backend/tests/test_financial_accounts_real_mongo.py::test_transition_gate_blocks_all_channels_and_invalid_revision PASSED [ 14%]
backend/tests/test_financial_accounts_real_mongo.py::test_unknown_tenant_and_opening_draft_are_isolated PASSED [ 14%]
backend/tests/test_financial_accounts_real_mongo.py::test_ledger_error_does_not_trigger_legacy_fallback PASSED [ 14%]
backend/tests/test_financial_accounts.py::test_transition_contract_is_fail_closed_and_one_writer_only PASSED [ 14%]
backend/tests/test_financial_accounts.py::test_financial_account_and_opening_schemas_are_explicit PASSED [ 14%]
backend/tests/test_financial_accounts.py::test_owner_setup_permissions_do_not_grant_financial_execution PASSED [ 14%]
backend/tests/test_financial_accounts.py::test_opening_money_and_fx_are_decimal_strings_with_sar_parity PASSED [ 14%]
backend/tests/test_financial_accounts.py::test_opening_requires_exact_evidence_sections_and_riyadh_cutover PASSED [ 14%]
backend/tests/test_financial_accounts.py::test_frontend_and_backend_explicit_authority_policies_match PASSED [ 14%]
backend/tests/test_financial_identity_foundation.py::test_bank_cash_listing_is_canonical_and_readonly PASSED [ 14%]
backend/tests/test_financial_identity_foundation.py::test_invalid_identity_fails_closed[changes0] PASSED [ 14%]
backend/tests/test_financial_identity_foundation.py::test_invalid_identity_fails_closed[changes1] PASSED [ 14%]
backend/tests/test_financial_identity_foundation.py::test_invalid_identity_fails_closed[changes2] PASSED [ 15%]
backend/tests/test_financial_identity_foundation.py::test_invalid_identity_fails_closed[changes3] PASSED [ 15%]
backend/tests/test_financial_identity_foundation.py::test_invalid_identity_fails_closed[changes4] PASSED [ 15%]
backend/tests/test_financial_identity_foundation.py::test_invalid_identity_fails_closed[changes5] PASSED [ 15%]
backend/tests/test_financial_identity_foundation.py::test_invalid_identity_fails_closed[changes6] PASSED [ 15%]
backend/tests/test_financial_identity_foundation.py::test_invalid_identity_fails_closed[changes7] PASSED [ 15%]
backend/tests/test_financial_identity_foundation.py::test_same_id_legacy_cannot_override_canonical_and_context_is_explicit PASSED [ 15%]
backend/tests/test_financial_identity_foundation.py::test_empty_owner_never_scans_accounts PASSED [ 15%]
backend/tests/test_financial_identity_foundation.py::test_operational_bank_consumers_have_no_legacy_collection_access PASSED [ 15%]
backend/tests/test_financial_ledger_identity.py::test_identity_matches_actual_opening_compilation_and_bank_only_settlement_preview[bank] PASSED [ 15%]
backend/tests/test_financial_ledger_identity.py::test_identity_matches_actual_opening_compilation_and_bank_only_settlement_preview[cash] PASSED [ 15%]
backend/tests/test_financial_ledger_identity.py::test_require_and_list_reject_invalid_identity[change0] PASSED [ 15%]
backend/tests/test_financial_ledger_identity.py::test_require_and_list_reject_invalid_identity[change1] PASSED [ 15%]
backend/tests/test_financial_ledger_identity.py::test_require_and_list_reject_invalid_identity[change2] PASSED [ 15%]
backend/tests/test_financial_ledger_identity.py::test_require_and_list_reject_invalid_identity[change3] PASSED [ 15%]
backend/tests/test_financial_ledger_identity.py::test_require_and_list_reject_invalid_identity[change4] PASSED [ 15%]
backend/tests/test_financial_ledger_identity.py::test_transaction_bound_db_remains_bound_and_identity_is_not_write_authorization PASSED [ 15%]
backend/tests/test_financial_ledger_identity.py::test_requested_currency_and_type_preserved_without_default_conversion PASSED [ 15%]
backend/tests/test_financial_ledger_identity.py::test_daily_payment_writer_emits_exact_opening_identity_at_captured_ledger_sink[bank] PASSED [ 15%]
backend/tests/test_financial_ledger_identity.py::test_daily_payment_writer_emits_exact_opening_identity_at_captured_ledger_sink[cash] PASSED [ 15%]
backend/tests/test_financial_provider_apps_v2.py::test_catalog_models_financial_providers_as_apps_without_legacy_balances PASSED [ 15%]
backend/tests/test_financial_provider_apps_v2.py::test_provider_routes_keep_settlements_out_of_generic_internal_transfer PASSED [ 15%]
backend/tests/test_financial_provider_apps_v2.py::test_tax_invoice_is_evidence_only_and_rejects_migration_shaped_payloads PASSED [ 16%]
backend/tests/test_financial_provider_binding_identity.py::test_unmarked_old_binding_never_becomes_canonical_even_id_collision[rows0] PASSED [ 16%]
backend/tests/test_financial_provider_binding_identity.py::test_unmarked_old_binding_never_becomes_canonical_even_id_collision[rows1] PASSED [ 16%]
backend/tests/test_financial_provider_binding_identity.py::test_unmarked_old_binding_never_becomes_canonical_even_id_collision[rows2] PASSED [ 16%]
backend/tests/test_financial_provider_binding_identity.py::test_missing_binding_does_not_read_settings_or_create_binding PASSED [ 16%]
backend/tests/test_financial_provider_binding_identity.py::test_explicit_binding_requires_active_owner_sar_bank[changes0-True] PASSED [ 16%]
backend/tests/test_financial_provider_binding_identity.py::test_explicit_binding_requires_active_owner_sar_bank[changes1-False] PASSED [ 16%]
backend/tests/test_financial_provider_binding_identity.py::test_explicit_binding_requires_active_owner_sar_bank[changes2-False] PASSED [ 16%]
backend/tests/test_financial_provider_binding_identity.py::test_explicit_binding_requires_active_owner_sar_bank[changes3-False] PASSED [ 16%]
backend/tests/test_financial_provider_binding_identity.py::test_explicit_binding_requires_active_owner_sar_bank[changes4-False] PASSED [ 16%]
backend/tests/test_financial_provider_binding_identity.py::test_context_exposes_only_canonical_active_sar_bank_cash_without_writes PASSED [ 16%]
backend/tests/test_financial_provider_binding_identity.py::test_explicit_rebind_records_canonical_fk_and_does_not_write_settings PASSED [ 16%]
backend/tests/test_financial_provider_binding_identity.py::test_legacy_only_bank_binding_fails_closed_before_writes PASSED [ 16%]
backend/tests/test_fulfillment_v2_contract.py::test_pending_review_queue_schedules_safe_incremental_salla_ingestion PASSED [ 16%]
backend/tests/test_fulfillment_v2_contract.py::test_review_route_uses_safe_auto_sync_module_and_never_imports_qoyod PASSED [ 16%]
backend/tests/test_fulfillment_v2_contract.py::test_new_workspace_route_sidebar_and_v2_navigation_are_wired PASSED [ 16%]
backend/tests/test_fulfillment_v2_contract.py::test_parent_mezan_tab_stays_active_while_a_nested_stage_query_is_selected PASSED [ 16%]
backend/tests/test_fulfillment_v2_contract.py::test_owner_sees_one_preparation_entry_while_employee_review_access_is_preserved PASSED [ 16%]
backend/tests/test_fulfillment_v2_contract.py::test_pending_review_table_uses_ten_row_cursor_pages_with_arrow_navigation PASSED [ 16%]
backend/tests/test_fulfillment_v2_contract.py::test_pending_review_search_is_global_exact_and_read_only PASSED [ 16%]
backend/tests/test_fulfillment_v2_contract.py::test_order_review_product_cards_keep_titles_and_specs_readable PASSED [ 16%]
backend/tests/test_fulfillment_v2_contract.py::test_salla_refresh_is_centralized_in_orders_v2 PASSED [ 16%]
backend/tests/test_fulfillment_v2_contract.py::test_orders_v2_shipping_card_shows_complete_order_address PASSED [ 17%]
backend/tests/test_fulfillment_v2_contract.py::test_carrier_handoff_is_barcode_governed_and_released_by_orders_page_sync PASSED [ 17%]
backend/tests/test_fulfillment_v2_contract.py::test_delivery_tracking_board_reads_mezan_state_and_keeps_store_courier_separate PASSED [ 17%]
backend/tests/test_fulfillment_v2_contract.py::test_review_supports_internal_operational_items_without_supplier_export PASSED [ 17%]
backend/tests/test_fulfillment_v2_contract.py::test_reviewed_stage_and_salla_admin_link_are_active PASSED [ 17%]
backend/tests/test_fulfillment_v2_contract.py::test_operational_item_waits_for_assembly_and_moves_specs_out_of_supplier_export PASSED [ 17%]
backend/tests/test_fulfillment_v2_contract.py::test_operational_item_can_be_renamed_or_unlinked_before_review_completion PASSED [ 17%]
backend/tests/test_g47_component_lifecycle_integration.py::ComponentRouteTests::test_acceptance_stockout_blocks_provider_and_retry_has_no_partial_reservation PASSED [ 17%]
backend/tests/test_g47_component_lifecycle_integration.py::ComponentRouteTests::test_cancel_during_provider_call_blocks_final_acceptance PASSED [ 17%]
backend/tests/test_g47_component_lifecycle_integration.py::ComponentRouteTests::test_cancellation_releases_existing_plan_without_line_identity PASSED [ 17%]
backend/tests/test_g47_component_lifecycle_integration.py::ComponentRouteTests::test_changed_newer_intake_blocks_old_plan_piece_and_pack_execution PASSED [ 17%]
backend/tests/test_g47_component_lifecycle_integration.py::ComponentRouteTests::test_claimed_cancel_releases_only_unconsumed_and_stale_refresh_cannot_resurrect PASSED [ 17%]
backend/tests/test_g47_component_lifecycle_integration.py::ComponentRouteTests::test_historical_no_plan_quarantine_blocks_pack_without_backfill PASSED [ 17%]
backend/tests/test_g47_component_lifecycle_integration.py::ComponentRouteTests::test_manufacturing_provenance_projection_is_per_allocation_not_line_flag PASSED [ 17%]
backend/tests/test_g47_component_lifecycle_integration.py::ComponentRouteTests::test_manufacturing_receipt_and_prebuilt_virtual_completion_do_not_consume_twice PASSED [ 17%]
backend/tests/test_g47_component_lifecycle_integration.py::ComponentRouteTests::test_new_snapshot_during_provider_call_blocks_acceptance_before_callback PASSED [ 17%]
backend/tests/test_g47_component_lifecycle_integration.py::ComponentRouteTests::test_pack_fallback_consumes_atomically_and_handoff_does_not_consume_twice PASSED [ 17%]
backend/tests/test_g47_component_lifecycle_integration.py::ComponentRouteTests::test_partial_production_assembly_consumes_received_unit_once_without_shipping PASSED [ 17%]
backend/tests/test_g47_component_lifecycle_integration.py::ComponentRouteTests::test_physical_completion_rolls_back_stock_and_ready_state_on_event_failure PASSED [ 17%]
backend/tests/test_g47_component_lifecycle_integration.py::ComponentRouteTests::test_purchased_ready_product_reserves_recipe_without_manufacturing_exemption PASSED [ 17%]
backend/tests/test_g47_component_lifecycle_integration.py::ComponentRouteTests::test_real_webhook_refresh_replay_and_stale_canonical_snapshot PASSED [ 17%]
backend/tests/test_g47_component_lifecycle_integration.py::ComponentRouteTests::test_rollout_cutoff_is_explicit_and_historical_refresh_never_backfills PASSED [ 18%]
backend/tests/test_g47_component_lifecycle_integration.py::ComponentRouteTests::test_stale_review_dto_cannot_adopt_newer_snapshot_revision PASSED [ 18%]
backend/tests/test_g47_component_lifecycle_integration.py::ComponentRouteTests::test_unconfigured_legacy_batch_rechecks_new_cohort_and_cancellation PASSED [ 18%]
backend/tests/test_g47_component_lifecycle_integration.py::ComponentRouteTests::test_unversioned_cancel_blocks_execution_until_authoritative_refresh PASSED [ 18%]
backend/tests/test_g47_component_lifecycle_integration.py::ComponentRouteTests::test_verified_webhook_ack_exposes_durable_failure_and_replay_recovers PASSED [ 18%]
backend/tests/test_g47_opening_inventory.py::OpeningInventoryIntegration::test_actual_ready_opening_receipt_does_not_fabricate_manufacturing_exemption PASSED [ 18%]
backend/tests/test_g47_opening_inventory.py::OpeningInventoryIntegration::test_any_omitted_positive_location_or_quantity_conflict_fails PASSED [ 18%]
backend/tests/test_g47_opening_inventory.py::OpeningInventoryIntegration::test_approve_base_product_two_variants_component_and_two_locations PASSED [ 18%]
backend/tests/test_g47_opening_inventory.py::OpeningInventoryIntegration::test_changed_stock_evidence_or_cutover_cannot_be_approved PASSED [ 18%]
backend/tests/test_g47_opening_inventory.py::OpeningInventoryIntegration::test_concurrent_retry_initializes_once_and_new_evidence_cannot_backfill PASSED [ 18%]
backend/tests/test_g47_opening_inventory.py::OpeningInventoryIntegration::test_existing_positive_matching_stock_is_adopted_without_doubling PASSED [ 18%]
backend/tests/test_g47_opening_inventory.py::OpeningInventoryIntegration::test_existing_preparation_or_specification_cannot_be_rewritten_by_opening PASSED [ 18%]
backend/tests/test_g47_opening_inventory.py::OpeningInventoryIntegration::test_import_has_no_stock_effect_and_preserves_exact_evidence_bytes PASSED [ 18%]
backend/tests/test_g47_opening_inventory.py::OpeningInventoryIntegration::test_ledger_total_and_account_identity_mismatch_fail 
backend/tests/test_g47_opening_inventory.py::OpeningInventoryIntegration::test_ledger_total_and_account_identity_mismatch_fail PASSED [ 18%]
backend/tests/test_g47_opening_inventory.py::OpeningInventoryIntegration::test_lifecycle_activity_without_journal_blocks_initialization 
backend/tests/test_g47_opening_inventory.py::OpeningInventoryIntegration::test_lifecycle_activity_without_journal_blocks_initialization PASSED [ 18%]
backend/tests/test_g47_opening_inventory.py::OpeningInventoryIntegration::test_missing_variant_cost_zero_and_allocation_mismatch_fail_closed 
backend/tests/test_g47_opening_inventory.py::OpeningInventoryIntegration::test_missing_variant_cost_zero_and_allocation_mismatch_fail_closed PASSED [ 18%]
backend/tests/test_g47_opening_inventory.py::OpeningInventoryIntegration::test_real_operational_journal_prevents_retroactive_initialization PASSED [ 18%]
backend/tests/test_g47_opening_inventory.py::OpeningInventoryIntegration::test_subsequent_real_purchase_uses_opening_moving_average PASSED [ 18%]
backend/tests/test_g47_opening_inventory.py::OpeningInventoryIntegration::test_transaction_failure_after_projections_rolls_back_and_retry_succeeds PASSED [ 18%]
backend/tests/test_g47_opening_inventory.py::OpeningInventoryIntegration::test_write_pause_closed_period_and_nonowner_block PASSED [ 18%]
backend/tests/test_g47_operational_boundary.py::OperationalBoundaryTests::test_absent_pause_field_allows_operations_but_not_finance PASSED [ 18%]
backend/tests/test_g47_operational_boundary.py::OperationalBoundaryTests::test_bnpl_order_attribution_keeps_metadata_only_and_amount_unchanged PASSED [ 18%]
backend/tests/test_g47_operational_boundary.py::OperationalBoundaryTests::test_canonical_timezone_aliases_and_unknown_zone_cannot_make_new_order_legacy 
backend/tests/test_g47_operational_boundary.py::OperationalBoundaryTests::test_canonical_timezone_aliases_and_unknown_zone_cannot_make_new_order_legacy PASSED [ 19%]
backend/tests/test_g47_operational_boundary.py::OperationalBoundaryTests::test_caught_denied_writes_and_nested_finance_abort_entire_operation 
backend/tests/test_g47_operational_boundary.py::OperationalBoundaryTests::test_caught_denied_writes_and_nested_finance_abort_entire_operation PASSED [ 19%]
backend/tests/test_g47_operational_boundary.py::OperationalBoundaryTests::test_config_change_during_provider_call_invalidates_legacy_acceptance PASSED [ 19%]
backend/tests/test_g47_operational_boundary.py::OperationalBoundaryTests::test_configured_historical_order_legacy_but_new_order_full_g47 PASSED [ 19%]
backend/tests/test_g47_operational_boundary.py::OperationalBoundaryTests::test_configured_missing_canonical_cannot_be_hidden_by_valid_dto PASSED [ 19%]
backend/tests/test_g47_operational_boundary.py::OperationalBoundaryTests::test_configured_missing_or_invalid_creation_is_fail_closed PASSED [ 19%]
backend/tests/test_g47_operational_boundary.py::OperationalBoundaryTests::test_creation_equal_to_cutoff_is_full_g47_and_stockout_never_falls_back PASSED [ 19%]
backend/tests/test_g47_operational_boundary.py::OperationalBoundaryTests::test_existing_plan_never_falls_back_when_configuration_removed PASSED [ 19%]
backend/tests/test_g47_operational_boundary.py::OperationalBoundaryTests::test_financial_session_escape_and_write_pipeline_are_denied 
backend/tests/test_g47_operational_boundary.py::OperationalBoundaryTests::test_financial_session_escape_and_write_pipeline_are_denied PASSED [ 19%]
backend/tests/test_g47_operational_boundary.py::OperationalBoundaryTests::test_g47_exception_after_canonical_commit_retains_visible_order_and_retry_marker PASSED [ 19%]
backend/tests/test_g47_operational_boundary.py::OperationalBoundaryTests::test_legacy_without_setting_allows_canonical_review_scan_pack_no_component_effects PASSED [ 19%]
backend/tests/test_g47_operational_boundary.py::OperationalBoundaryTests::test_missing_owner_bootstraps_only_serialization_never_financial_control PASSED [ 19%]
backend/tests/test_g47_operational_boundary.py::OperationalBoundaryTests::test_owner_isolation_and_profile_widening_are_denied PASSED [ 19%]
backend/tests/test_g47_operational_boundary.py::OperationalBoundaryTests::test_pack_new_canonical_cohort_cannot_use_historical_dto_fallback PASSED [ 19%]
backend/tests/test_g47_operational_boundary.py::OperationalBoundaryTests::test_parallel_first_operations_share_one_owner_serialization_row PASSED [ 19%]
backend/tests/test_g47_operational_boundary.py::OperationalBoundaryTests::test_paused_review_piece_pack_handoff_preserve_component_atomicity_and_no_finance PASSED [ 19%]
backend/tests/test_g47_operational_boundary.py::OperationalBoundaryTests::test_paused_webhook_refresh_cancel_remain_idempotent PASSED [ 19%]
backend/tests/test_g47_operational_boundary.py::OperationalBoundaryTests::test_physical_consumption_preserves_existing_lot_cost_and_forbids_cost_edits PASSED [ 19%]
backend/tests/test_g47_operational_boundary.py::OperationalBoundaryTests::test_real_verified_webhook_paused_unconfigured_ingests_and_replays_without_finance PASSED [ 19%]
backend/tests/test_g47_purchase_approval_integration.py::PurchaseApprovalMongoIntegration::test_actor_owner_reassignment_between_route_checks_aborts_each_write 
backend/tests/test_g47_purchase_approval_integration.py::PurchaseApprovalMongoIntegration::test_actor_owner_reassignment_between_route_checks_aborts_each_write PASSED [ 19%]
backend/tests/test_g47_purchase_approval_integration.py::PurchaseApprovalMongoIntegration::test_approved_and_failed_approving_invoices_reject_put_and_delete 
backend/tests/test_g47_purchase_approval_integration.py::PurchaseApprovalMongoIntegration::test_approved_and_failed_approving_invoices_reject_put_and_delete PASSED [ 19%]
backend/tests/test_g47_purchase_approval_integration.py::PurchaseApprovalMongoIntegration::test_concurrent_identical_approval_commits_once PASSED [ 19%]
backend/tests/test_g47_purchase_approval_integration.py::PurchaseApprovalMongoIntegration::test_deductible_tax_uses_preserved_bound_evidence_and_separate_vat PASSED [ 20%]
backend/tests/test_g47_purchase_approval_integration.py::PurchaseApprovalMongoIntegration::test_draft_has_zero_financial_stock_and_supplier_statement_effects PASSED [ 20%]
backend/tests/test_g47_purchase_approval_integration.py::PurchaseApprovalMongoIntegration::test_duplicate_retry_returns_same_operation_receipts_and_journal PASSED [ 20%]
backend/tests/test_g47_purchase_approval_integration.py::PurchaseApprovalMongoIntegration::test_fault_after_actual_placement_rolls_back_all_effects_then_same_operation_retries PASSED [ 20%]
backend/tests/test_g47_purchase_approval_integration.py::PurchaseApprovalMongoIntegration::test_fault_after_real_sealed_journal_aborts_financial_and_inventory_effects PASSED [ 20%]
backend/tests/test_g47_purchase_approval_integration.py::PurchaseApprovalMongoIntegration::test_full_approval_exact_variant_ssot_sealed_journal_liability_and_cost PASSED [ 20%]
backend/tests/test_g47_purchase_approval_integration.py::PurchaseApprovalMongoIntegration::test_full_quantity_and_stable_identity_are_required_before_reservation 
backend/tests/test_g47_purchase_approval_integration.py::PurchaseApprovalMongoIntegration::test_full_quantity_and_stable_identity_are_required_before_reservation PASSED [ 20%]
backend/tests/test_g47_purchase_approval_integration.py::PurchaseApprovalMongoIntegration::test_historical_liability_invoice_and_old_per_line_receipt_are_read_only PASSED [ 20%]
backend/tests/test_g47_purchase_approval_integration.py::PurchaseApprovalMongoIntegration::test_legacy_link_without_native_supplier_cannot_post_or_receive PASSED [ 20%]
backend/tests/test_g47_purchase_approval_integration.py::PurchaseApprovalMongoIntegration::test_lost_response_after_real_commit_retries_without_duplicate_effects PASSED [ 20%]
backend/tests/test_g47_purchase_approval_integration.py::PurchaseApprovalMongoIntegration::test_missing_variant_service_and_foreign_mapping_are_rejected 
backend/tests/test_g47_purchase_approval_integration.py::PurchaseApprovalMongoIntegration::test_missing_variant_service_and_foreign_mapping_are_rejected PASSED [ 20%]
backend/tests/test_g47_purchase_approval_integration.py::PurchaseApprovalMongoIntegration::test_nondeductible_fractional_cent_allocation_preserves_total PASSED [ 20%]
backend/tests/test_g47_purchase_approval_integration.py::PurchaseApprovalMongoIntegration::test_nondeductible_tax_is_capitalized_and_not_input_vat PASSED [ 20%]
backend/tests/test_g47_purchase_approval_integration.py::PurchaseApprovalMongoIntegration::test_positive_prior_stock_without_approved_cost_fails_closed PASSED [ 20%]
backend/tests/test_g47_purchase_approval_integration.py::PurchaseApprovalMongoIntegration::test_purchased_receipt_is_reserved_then_physically_consumed_without_another_journal PASSED [ 20%]
backend/tests/test_g47_purchase_approval_integration.py::PurchaseApprovalMongoIntegration::test_real_standalone_rejects_before_any_draft_or_posting_write PASSED [ 20%]
backend/tests/test_g47_purchase_approval_integration.py::PurchaseApprovalMongoIntegration::test_tampered_preserved_tax_source_fails_closed PASSED [ 20%]
backend/tests/test_g47_purchase_approval_integration.py::PurchaseApprovalMongoIntegration::test_weighted_average_uses_actual_remaining_quantity_and_authoritative_prior_cost PASSED [ 20%]
backend/tests/test_g47_purchase_receiving.py::test_remaining_stock_weighted_average_and_zero_stock PASSED [ 20%]
backend/tests/test_g47_purchase_receiving.py::test_legacy_numeric_projection_cannot_change_an_exact_journal_amount PASSED [ 20%]
backend/tests/test_g47_purchase_receiving.py::test_existing_stock_without_cost_or_invalid_quantity_blocks[3-None] PASSED [ 20%]
backend/tests/test_g47_purchase_receiving.py::test_existing_stock_without_cost_or_invalid_quantity_blocks[-1-5] PASSED [ 20%]
backend/tests/test_g47_purchase_receiving.py::test_existing_stock_without_cost_or_invalid_quantity_blocks[NaN-5] PASSED [ 21%]
backend/tests/test_g47_purchase_receiving.py::test_purchase_tax_treatment_changes_capitalized_cost_not_payable PASSED [ 21%]
backend/tests/test_g47_supplier_payment_integration.py::SupplierPaymentMongoIntegration::test_closed_period_pause_and_permission_revocation_fail_closed PASSED [ 21%]
backend/tests/test_g47_supplier_payment_integration.py::SupplierPaymentMongoIntegration::test_concurrent_different_attempts_cannot_overpay PASSED [ 21%]
backend/tests/test_g47_supplier_payment_integration.py::SupplierPaymentMongoIntegration::test_concurrent_same_request_and_lost_response_exactly_once PASSED [ 21%]
backend/tests/test_g47_supplier_payment_integration.py::SupplierPaymentMongoIntegration::test_future_only_bank_funds_cannot_authorize_current_payment PASSED [ 21%]
backend/tests/test_g47_supplier_payment_integration.py::SupplierPaymentMongoIntegration::test_future_payment_date_rejected_with_zero_effects PASSED [ 21%]
backend/tests/test_g47_supplier_payment_integration.py::SupplierPaymentMongoIntegration::test_identity_change_bank_tenant_and_projection_tamper_fail_closed PASSED [ 21%]
backend/tests/test_g47_supplier_payment_integration.py::SupplierPaymentMongoIntegration::test_missing_bank_opening_and_invalid_group_cannot_authorize PASSED [ 21%]
backend/tests/test_g47_supplier_payment_integration.py::SupplierPaymentMongoIntegration::test_old_pay_dispatch_has_no_legacy_fallback_and_projection_is_immutable PASSED [ 21%]
backend/tests/test_g47_supplier_payment_integration.py::SupplierPaymentMongoIntegration::test_overpayment_and_low_v2_funds_rejected_without_effects PASSED [ 21%]
backend/tests/test_g47_supplier_payment_integration.py::SupplierPaymentMongoIntegration::test_purchase_partial_second_payment_zero_payable_and_real_supplier_ledger PASSED [ 21%]
backend/tests/test_g47_supplier_payment_integration.py::SupplierPaymentMongoIntegration::test_real_journal_aborts_with_projection_failure_then_stable_retry PASSED [ 21%]
backend/tests/test_g47_supplier_payment_integration.py::SupplierPaymentMongoIntegration::test_standalone_has_zero_payment_effects PASSED [ 21%]
backend/tests/test_g47_supplier_payment_integration.py::SupplierPaymentMongoIntegration::test_unallocated_supplier_payable_excludes_invoice_allocations PASSED [ 21%]
backend/tests/test_g47_supplier_payment_integration.py::SupplierPaymentMongoIntegration::test_unlinked_counterparty_rejected_before_purchase_and_rechecked_at_approval PASSED [ 21%]
backend/tests/test_g47_supplier_payment_integration.py::SupplierPaymentMongoIntegration::test_v2_state_and_safe_active_are_mandatory PASSED [ 21%]
backend/tests/test_g47_supplier_payment_integration.py::SupplierPaymentMongoIntegration::test_zero_opening_cannot_hide_unrelated_uncosted_positive_stock PASSED [ 21%]
backend/tests/test_google_ads_reporting_v1.py::test_google_ads_reporting_persists_real_hourly_and_daily_cost PASSED [ 21%]
backend/tests/test_google_ads_reporting_v1.py::test_google_ads_manager_account_is_not_reported_as_spend PASSED [ 21%]
backend/tests/test_inherited_security_authorization.py::test_qoyod_explicit_owner_authority_is_read_only[owner-owner-a-owner-a-200] PASSED [ 21%]
backend/tests/test_inherited_security_authorization.py::test_qoyod_explicit_owner_authority_is_read_only[owner-owner-b-owner-a-403] PASSED [ 22%]
backend/tests/test_inherited_security_authorization.py::test_qoyod_explicit_owner_authority_is_read_only[employee-owner-a-owner-a-403] PASSED [ 22%]
backend/tests/test_inherited_security_authorization.py::test_qoyod_explicit_owner_authority_is_read_only[admin-owner-a-owner-a-403] PASSED [ 22%]
backend/tests/test_inherited_security_authorization.py::test_qoyod_explicit_owner_authority_is_read_only[owner-owner-a-None-403] PASSED [ 22%]
backend/tests/test_inherited_security_authorization.py::test_qoyod_explicit_owner_authority_is_read_only[owner-owner-a-link5-403] PASSED [ 22%]
backend/tests/test_inherited_security_authorization.py::test_native_owner_context_cannot_elevate_employee PASSED [ 22%]
backend/tests/test_inherited_security_authorization.py::test_product_permission_is_tenant_scoped PASSED [ 22%]
backend/tests/test_inherited_security_authorization.py::test_employee_diagnostic_denies_unprivileged[None-401] PASSED [ 22%]
backend/tests/test_inherited_security_authorization.py::test_employee_diagnostic_denies_unprivileged[actor1-403] PASSED [ 22%]
backend/tests/test_inherited_security_authorization.py::test_employee_diagnostic_denies_unprivileged[actor2-403] PASSED [ 22%]
backend/tests/test_inherited_security_authorization.py::test_employee_diagnostic_no_cross_tenant_or_unbounded_metadata PASSED [ 22%]
backend/tests/test_inherited_security_authorization.py::test_refund_repair_authority_precedes_mutation[owner-200] PASSED [ 22%]
backend/tests/test_inherited_security_authorization.py::test_refund_repair_authority_precedes_mutation[employee-403] PASSED [ 22%]
backend/tests/test_inherited_security_authorization.py::test_refund_repair_authority_precedes_mutation[admin-403] PASSED [ 22%]
backend/tests/test_inherited_security_authorization.py::test_employee_probe_failures_do_not_return_exception_details PASSED [ 22%]
backend/tests/test_inherited_security_authorization.py::test_store_driver_native_route_is_purpose_bound PASSED [ 22%]
backend/tests/test_legacy_opening_quarantine.py::test_explicit_legacy_opening_routes_fail_before_database_write[POST-/accounting/migration/run-payload0] PASSED [ 22%]
backend/tests/test_legacy_opening_quarantine.py::test_explicit_legacy_opening_routes_fail_before_database_write[PUT-/ad-accounts/foreign-or-existing/opening-payload1] PASSED [ 22%]
backend/tests/test_legacy_opening_quarantine.py::test_explicit_legacy_opening_routes_fail_before_database_write[POST-/accounts-payload2] PASSED [ 22%]
backend/tests/test_legacy_opening_quarantine.py::test_explicit_legacy_opening_routes_fail_before_database_write[POST-/accounts-payload3] PASSED [ 22%]
backend/tests/test_legacy_opening_quarantine.py::test_explicit_legacy_opening_routes_fail_before_database_write[POST-/accounts/bank/transactions-payload4] PASSED [ 22%]
backend/tests/test_legacy_opening_quarantine.py::test_explicit_legacy_opening_routes_fail_before_database_write[POST-/ledger/entries-payload5] PASSED [ 22%]
backend/tests/test_legacy_opening_quarantine.py::test_explicit_legacy_opening_routes_fail_before_database_write[POST-/ledger/entries-payload6] PASSED [ 23%]
backend/tests/test_legacy_opening_quarantine.py::test_existing_opening_evidence_cannot_be_posted_reversed_or_deleted[POST-/ledger/entries/old/post-payload0] PASSED [ 23%]
backend/tests/test_legacy_opening_quarantine.py::test_existing_opening_evidence_cannot_be_posted_reversed_or_deleted[POST-/ledger/entries/old/reverse-payload1] PASSED [ 23%]
backend/tests/test_legacy_opening_quarantine.py::test_existing_opening_evidence_cannot_be_posted_reversed_or_deleted[POST-/ledger/groups/old/reverse-payload2] PASSED [ 23%]
backend/tests/test_legacy_opening_quarantine.py::test_existing_opening_evidence_cannot_be_posted_reversed_or_deleted[DELETE-/accounts/bank/transactions/old-None] PASSED [ 23%]
backend/tests/test_legacy_opening_quarantine.py::test_existing_opening_evidence_cannot_be_posted_reversed_or_deleted[DELETE-/accounts/bank-None] PASSED [ 23%]
backend/tests/test_legacy_opening_quarantine.py::test_lazy_seeding_fails_for_nonzero_unseeded_bank[100] PASSED [ 23%]
backend/tests/test_legacy_opening_quarantine.py::test_lazy_seeding_fails_for_nonzero_unseeded_bank[-100] PASSED [ 23%]
backend/tests/test_legacy_opening_quarantine.py::test_existing_ledger_or_zero_account_does_not_disable_unrelated_movement[True-100] PASSED [ 23%]
backend/tests/test_legacy_opening_quarantine.py::test_existing_ledger_or_zero_account_does_not_disable_unrelated_movement[False-0] PASSED [ 23%]
backend/tests/test_legacy_opening_quarantine.py::test_migration_dry_run_is_labelled_read_only_and_does_not_create_opening PASSED [ 23%]
backend/tests/test_legacy_opening_quarantine.py::test_zero_balance_account_setup_remains_available_without_opening_transaction PASSED [ 23%]
backend/tests/test_meta_native_reporting.py::test_account_selection_saves_only_known_accounts PASSED [ 23%]
backend/tests/test_meta_native_reporting.py::test_native_reporting_persists_only_selected_source_rows PASSED [ 23%]
backend/tests/test_meta_native_reporting.py::test_reporting_fails_closed_when_safety_flag_is_off PASSED [ 23%]
backend/tests/test_meta_native_reporting.py::test_expired_token_requires_reauthorization PASSED [ 23%]
backend/tests/test_meta_native_reporting.py::test_async_job_persists_terminal_result PASSED [ 23%]
backend/tests/test_meta_native_reporting.py::test_active_job_is_reused PASSED [ 23%]
backend/tests/test_mezan_supplier_management.py::test_mezan_supplier_directory_stays_legacy_free_and_supports_v2_accounting PASSED [ 23%]
backend/tests/test_mezan_supplier_management.py::test_supplier_requires_at_least_one_existing_service_identifier PASSED [ 23%]
backend/tests/test_mezan_supplier_management.py::test_only_non_inventory_service_resources_can_bind_to_supplier PASSED [ 23%]
backend/tests/test_mezan_supplier_management.py::test_supplier_v2_router_exposes_workspace_financials_create_and_update_only PASSED [ 23%]
backend/tests/test_mezan_supplier_management.py::test_supplier_financial_invoice_keeps_experiment_and_line_detail_explicit PASSED [ 24%]
backend/tests/test_mezan_supplier_management.py::test_supplier_financials_convert_ledger_riyals_to_halalas[0-0] PASSED [ 24%]
backend/tests/test_mezan_supplier_management.py::test_supplier_financials_convert_ledger_riyals_to_halalas[110-11000] PASSED [ 24%]
backend/tests/test_mezan_supplier_management.py::test_supplier_financials_convert_ledger_riyals_to_halalas[10.25-1025] PASSED [ 24%]
backend/tests/test_mezan_supplier_management.py::test_supplier_financials_convert_ledger_riyals_to_halalas[None-0] PASSED [ 24%]
backend/tests/test_mobile_app_request_context.py::test_linked_employee_reads_owner_orders_with_app_permission PASSED [ 24%]
backend/tests/test_mobile_app_request_context.py::test_page_without_permission_fails_closed PASSED [ 24%]
backend/tests/test_mobile_app_request_context.py::test_unknown_native_route_fails_closed PASSED [ 24%]
backend/tests/test_mobile_app_request_context.py::test_auth_profile_keeps_employee_identity PASSED [ 24%]
backend/tests/test_mobile_app_request_context.py::test_order_items_route_uses_orders_page_permission PASSED [ 24%]
backend/tests/test_mobile_app_request_context.py::test_native_store_driver_keeps_driver_identity_for_delivery_app_route PASSED [ 24%]
backend/tests/test_mobile_app_request_context.py::test_native_store_driver_keeps_driver_identity_for_delivery_evidence_route PASSED [ 24%]
backend/tests/test_mobile_app_request_context.py::test_native_store_driver_cannot_enter_employee_store_delivery_routes PASSED [ 24%]
backend/tests/test_mobile_session_security.py::test_mobile_auth_response_replaces_browser_tokens_with_native_bound_tokens PASSED [ 24%]
backend/tests/test_mobile_session_security.py::test_mobile_auth_derives_refresh_when_success_cookie_is_missing PASSED [ 24%]
backend/tests/test_mobile_session_security.py::test_mobile_auth_fails_closed_for_unsigned_access_without_cookie PASSED [ 24%]
backend/tests/test_mobile_session_security.py::test_browser_auth_response_never_exposes_refresh_cookie PASSED [ 24%]
backend/tests/test_mobile_session_security.py::test_mobile_refresh_rotates_access_and_refresh_tokens PASSED [ 24%]
backend/tests/test_mobile_session_security.py::test_native_store_driver_refresh_does_not_require_email_otp PASSED [ 24%]
backend/tests/test_mobile_session_security.py::test_native_normal_employee_refresh_still_requires_email_otp PASSED [ 24%]
backend/tests/test_mobile_session_security.py::test_mobile_refresh_rejects_an_untagged_browser_refresh_token PASSED [ 24%]
backend/tests/test_mobile_session_security.py::test_mobile_refresh_rejects_expired_or_invalid_token PASSED [ 25%]
backend/tests/test_mobile_session_security.py::test_explicit_bearer_token_wins_over_ambient_cookie PASSED [ 25%]
backend/tests/test_mobile_session_security.py::test_browser_cookie_remains_supported_without_bearer_header PASSED [ 25%]
backend/tests/test_mz2_accounting_module.py::test_accounting_module_has_exact_nine_pages_and_sensitive_actions PASSED [ 25%]
backend/tests/test_mz2_accounting_module.py::test_every_non_owner_role_starts_without_accounting_access PASSED [ 25%]
backend/tests/test_mz2_accounting_module.py::test_team_user_resolves_only_to_explicit_creator_owner_scope PASSED [ 25%]
backend/tests/test_mz2_accounting_module.py::test_permissions_are_independent_from_legacy_role_permissions PASSED [ 25%]
backend/tests/test_mz2_accounting_module.py::test_status_never_invents_balances_or_cutover_readiness PASSED [ 25%]
backend/tests/test_mz2_accounting_module.py::test_status_rejects_naive_cutover_and_flags_unsafe_activation PASSED [ 25%]
backend/tests/test_mz2_accounting_module.py::test_approval_without_verified_opening_journal_keeps_balances_blocked PASSED [ 25%]
backend/tests/test_mz2_accounting_module.py::test_status_only_unlocks_after_verified_opening_and_ledger_summary PASSED [ 25%]
backend/tests/test_mz2_accounting_module.py::test_home_ledger_summary_uses_signed_bank_and_courier_balances PASSED [ 25%]
backend/tests/test_mz2_accounting_module.py::test_router_registers_readiness_and_permission_contract_paths PASSED [ 25%]
backend/tests/test_mz2_advertising_automation.py::test_automatic_four_platforms_no_daily_owner_click[snapchat] PASSED [ 25%]
backend/tests/test_mz2_advertising_automation.py::test_automatic_four_platforms_no_daily_owner_click[meta] PASSED [ 25%]
backend/tests/test_mz2_advertising_automation.py::test_automatic_four_platforms_no_daily_owner_click[tiktok] PASSED [ 25%]
backend/tests/test_mz2_advertising_automation.py::test_automatic_four_platforms_no_daily_owner_click[google_ads] PASSED [ 25%]
backend/tests/test_mz2_advertising_automation.py::test_not_due_and_paused_runner_read_only_423 PASSED [ 25%]
backend/tests/test_mz2_advertising_automation.py::test_incomplete_and_stale_source_exact_blocked_event PASSED [ 25%]
backend/tests/test_mz2_advertising_automation.py::test_concurrent_automatic_runner_posts_one_journal PASSED [ 25%]
backend/tests/test_mz2_advertising_automation.py::test_real_zero_seals_without_journal_and_missing_not_zero[snapchat] PASSED [ 25%]
backend/tests/test_mz2_advertising_automation.py::test_real_zero_seals_without_journal_and_missing_not_zero[meta] PASSED [ 25%]
backend/tests/test_mz2_advertising_automation.py::test_real_zero_seals_without_journal_and_missing_not_zero[tiktok] PASSED [ 26%]
backend/tests/test_mz2_advertising_automation.py::test_real_zero_seals_without_journal_and_missing_not_zero[google_ads] PASSED [ 26%]
backend/tests/test_mz2_advertising_automation.py::test_foreign_opening_1000_daily_120_leaves_880_and_explicit_fx PASSED [ 26%]
backend/tests/test_mz2_advertising_automation.py::test_original_sufficiency_not_inferred_from_sar PASSED [ 26%]
backend/tests/test_mz2_advertising_automation.py::test_foreign_hybrid_explicit_setup_allocation PASSED [ 26%]
backend/tests/test_mz2_advertising_automation.py::test_source_revision_only_delta_owner_exception_review_and_retry[110-10.00-debit] PASSED [ 26%]
backend/tests/test_mz2_advertising_automation.py::test_source_revision_only_delta_owner_exception_review_and_retry[90--10.00-credit] PASSED [ 26%]
backend/tests/test_mz2_advertising_automation.py::test_foreign_negative_adjustment_restores_units PASSED [ 26%]
backend/tests/test_mz2_advertising_automation.py::test_zero_revision_to_positive_is_reviewed_delta PASSED [ 26%]
backend/tests/test_mz2_advertising_automation.py::test_due_policy_meta_riyadh_and_snap_new_york_dst PASSED [ 26%]
backend/tests/test_mz2_advertising_automation.py::test_repeated_financial_revision_cycle_keeps_distinct_adjustments PASSED [ 26%]
backend/tests/test_mz2_advertising_automation.py::test_submicro_original_units_never_disappear[0.000001-1000000-False] PASSED [ 26%]
backend/tests/test_mz2_advertising_automation.py::test_submicro_original_units_never_disappear[0.0000003-3000000-True] PASSED [ 26%]
backend/tests/test_mz2_advertising_automation.py::test_manual_bridge_also_preserves_submicro_original_units PASSED [ 26%]
backend/tests/test_mz2_advertising_automation.py::test_corrupt_reused_authority_fails_before_delta_or_success[initial_post] PASSED [ 26%]
backend/tests/test_mz2_advertising_automation.py::test_corrupt_reused_authority_fails_before_delta_or_success[adjustment_post] PASSED [ 26%]
backend/tests/test_mz2_advertising_automation.py::test_corrupt_reused_authority_fails_before_delta_or_success[snapshot] PASSED [ 26%]
backend/tests/test_mz2_advertising_automation.py::test_corrupt_reused_authority_fails_before_delta_or_success[snapshot_reuse] PASSED [ 26%]
backend/tests/test_mz2_advertising_automation.py::test_corrupt_reused_authority_fails_before_delta_or_success[proposal] PASSED [ 26%]
backend/tests/test_mz2_advertising_automation.py::test_corrupt_reused_authority_fails_before_delta_or_success[approved_retry] PASSED [ 26%]
backend/tests/test_mz2_advertising_native_reports.py::test_real_funding_fee_and_spend_are_classified_in_native_reports PASSED [ 26%]
backend/tests/test_mz2_advertising_native_reports.py::test_reports_do_not_invent_missing_or_foreign_expense_identity[missing] PASSED [ 26%]
backend/tests/test_mz2_advertising_native_reports.py::test_reports_do_not_invent_missing_or_foreign_expense_identity[foreign_owner] PASSED [ 27%]
backend/tests/test_mz2_advertising_native_reports.py::test_reports_do_not_invent_missing_or_foreign_expense_identity[unconfirmed] PASSED [ 27%]
backend/tests/test_mz2_advertising_native_reports.py::test_reports_do_not_invent_missing_or_foreign_expense_identity[wrong_purpose] PASSED [ 27%]
backend/tests/test_mz2_advertising_policy_review.py::test_close_delay_requires_provider_observation_after_delay PASSED [ 27%]
backend/tests/test_mz2_advertising_policy_review.py::test_setup_rejects_timezone_conflicting_with_canonical_account PASSED [ 27%]
backend/tests/test_mz2_advertising_policy_review.py::test_adjustment_propose_endpoint_never_creates_initial_posting PASSED [ 27%]
backend/tests/test_mz2_advertising_policy_review.py::test_stage12_exposes_stale_policy_binding_version PASSED [ 27%]
backend/tests/test_mz2_advertising_v2.py::test_all_v2_platforms_native_postpaid[snapchat] PASSED [ 27%]
backend/tests/test_mz2_advertising_v2.py::test_all_v2_platforms_native_postpaid[meta] PASSED [ 27%]
backend/tests/test_mz2_advertising_v2.py::test_all_v2_platforms_native_postpaid[tiktok] PASSED [ 27%]
backend/tests/test_mz2_advertising_v2.py::test_all_v2_platforms_native_postpaid[google_ads] PASSED [ 27%]
backend/tests/test_mz2_advertising_v2.py::test_prepaid_and_explicit_hybrid_legs PASSED [ 27%]
backend/tests/test_mz2_advertising_v2.py::test_wallet_cannot_go_negative_even_with_concurrent_days PASSED [ 27%]
backend/tests/test_mz2_advertising_v2.py::test_retry_concurrency_and_changed_source_never_duplicate PASSED [ 27%]
backend/tests/test_mz2_advertising_v2.py::test_paused_setup_only_and_financial_423 PASSED [ 27%]
backend/tests/test_mz2_advertising_v2.py::test_invalid_financial_or_integration_binding[foreign] PASSED [ 27%]
backend/tests/test_mz2_advertising_v2.py::test_invalid_financial_or_integration_binding[inactive] PASSED [ 27%]
backend/tests/test_mz2_advertising_v2.py::test_invalid_financial_or_integration_binding[wrong_type] PASSED [ 27%]
backend/tests/test_mz2_advertising_v2.py::test_invalid_financial_or_integration_binding[currency] PASSED [ 27%]
backend/tests/test_mz2_advertising_v2.py::test_invalid_financial_or_integration_binding[missing_v2] PASSED [ 27%]
backend/tests/test_mz2_advertising_v2.py::test_invalid_financial_or_integration_binding[disconnected] PASSED [ 27%]
backend/tests/test_mz2_advertising_v2.py::test_fx_snapshot_is_required_reproducible_and_tenant_scoped PASSED [ 27%]
backend/tests/test_mz2_advertising_v2.py::test_funding_and_settlement_are_transfers_and_fee_is_separate[wallet_funding-balance] PASSED [ 28%]
backend/tests/test_mz2_advertising_v2.py::test_funding_and_settlement_are_transfers_and_fee_is_separate[payable_settlement-debt] PASSED [ 28%]
backend/tests/test_mz2_advertising_v2.py::test_missing_track_a_bank_identity_fails_closed PASSED [ 28%]
backend/tests/test_mz2_advertising_v2.py::test_canonical_bank_requires_verified_original_statement_evidence[wallet_funding] PASSED [ 28%]
backend/tests/test_mz2_advertising_v2.py::test_canonical_bank_requires_verified_original_statement_evidence[payable_settlement] PASSED [ 28%]
backend/tests/test_mz2_advertising_v2.py::test_ad_bank_identity_cannot_be_substituted[change0] PASSED [ 28%]
backend/tests/test_mz2_advertising_v2.py::test_ad_bank_identity_cannot_be_substituted[change1] PASSED [ 28%]
backend/tests/test_mz2_advertising_v2.py::test_ad_bank_identity_cannot_be_substituted[change2] PASSED [ 28%]
backend/tests/test_mz2_advertising_v2.py::test_ad_bank_identity_cannot_be_substituted[change3] PASSED [ 28%]
backend/tests/test_mz2_advertising_v2.py::test_ad_bank_identity_cannot_be_substituted[change4] PASSED [ 28%]
backend/tests/test_mz2_advertising_v2.py::test_ad_bank_identity_cannot_be_substituted[change5] PASSED [ 28%]
backend/tests/test_mz2_advertising_v2.py::test_legacy_only_absent_and_owner_scope PASSED [ 28%]
backend/tests/test_mz2_advertising_v2.py::test_setup_boundary_forbids_finance_control_and_auth_even_if_caught PASSED [ 28%]
backend/tests/test_mz2_advertising_v2.py::test_audit_failure_rolls_back_binding PASSED [ 28%]
backend/tests/test_mz2_advertising_v2.py::test_source_revision_is_material_not_refresh_timestamp PASSED [ 28%]
backend/tests/test_mz2_advertising_v2.py::test_http_pause_and_context PASSED [ 28%]
backend/tests/test_mz2_advertising_v2.py::test_snapchat_actual_bson_datetime_and_projection_scope PASSED [ 28%]
backend/tests/test_mz2_advertising_v2.py::test_daily_source_exact_gaps[change0-ad_daily_empty_provider_row] PASSED [ 28%]
backend/tests/test_mz2_advertising_v2.py::test_daily_source_exact_gaps[change1-ad_zero_requires_separate_reconciliation] PASSED [ 28%]
backend/tests/test_mz2_advertising_v2.py::test_daily_source_exact_gaps[change2-ad_source_currency_or_amount_missing] PASSED [ 28%]
backend/tests/test_mz2_advertising_v2.py::test_daily_source_exact_gaps[change3-ad_source_freshness_invalid] PASSED [ 28%]
backend/tests/test_mz2_advertising_v2.py::test_daily_source_exact_gaps[change4-ad_source_timestamp_invalid] PASSED [ 29%]
backend/tests/test_mz2_advertising_v2.py::test_daily_source_exact_gaps[change5-ad_source_timezone_mismatch] PASSED [ 29%]
backend/tests/test_mz2_advertising_v2.py::test_daily_source_exact_gaps[change6-ad_source_provenance_missing] PASSED [ 29%]
backend/tests/test_mz2_advertising_v2.py::test_source_approval_and_post_require_current_evidence PASSED [ 29%]
backend/tests/test_mz2_advertising_v2.py::test_post_revalidates_all_gates[paused_transition] PASSED [ 29%]
backend/tests/test_mz2_advertising_v2.py::test_post_revalidates_all_gates[closed_period] PASSED [ 29%]
backend/tests/test_mz2_advertising_v2.py::test_post_revalidates_all_gates[inactive_binding] PASSED [ 29%]
backend/tests/test_mz2_advertising_v2.py::test_post_revalidates_all_gates[missing_expense] PASSED [ 29%]
backend/tests/test_mz2_advertising_v2.py::test_post_revalidates_all_gates[source_changed] PASSED [ 29%]
backend/tests/test_mz2_advertising_v2.py::test_post_revalidates_all_gates[inactive_owner] PASSED [ 29%]
backend/tests/test_mz2_advertising_v2.py::test_binding_cas_immutable_expense_and_explicit_hybrid PASSED [ 29%]
backend/tests/test_mz2_advertising_v2.py::test_backdated_spend_cannot_hide_negative_interval PASSED [ 29%]
backend/tests/test_mz2_advertising_v2.py::test_fx_foreign_snapshot_and_foreign_wallet_fail_closed PASSED [ 29%]
backend/tests/test_mz2_advertising_v2.py::test_post_marker_failure_rolls_back_entire_journal PASSED [ 29%]
backend/tests/test_mz2_advertising_v2.py::test_setup_does_not_bootstrap_write_control PASSED [ 29%]
backend/tests/test_mz2_advertising_wallet.py::test_wallet_requires_financial_transaction PASSED [ 29%]
backend/tests/test_mz2_advertising_wallet.py::test_original_capacity_tracks_historical_minimum_independently PASSED [ 29%]
backend/tests/test_mz2_advertising_wallet.py::test_movement_idempotency_conflict_and_tampering PASSED [ 29%]
backend/tests/test_mz2_advertising_wallet.py::test_movement_aborts_and_paused_cannot_write PASSED [ 29%]
backend/tests/test_mz2_advertising_wallet.py::test_original_opening_needs_native_wallet_proof PASSED [ 29%]
backend/tests/test_mz2_advertising_wallet.py::test_owner_scope_and_bank_funding_port_fail_closed PASSED [ 29%]
backend/tests/test_mz2_advertising_wallet.py::test_existing_native_opening_materializes_once_without_journal_mutation PASSED [ 29%]
backend/tests/test_mz2_advertising_zero_opening.py::test_explicit_zero_then_funding_spend_replay_preserves_original_units PASSED [ 30%]
backend/tests/test_mz2_advertising_zero_opening.py::test_zero_requires_explicit_owner_evidence_and_exact_manifest[flag] PASSED [ 30%]
backend/tests/test_mz2_advertising_zero_opening.py::test_zero_requires_explicit_owner_evidence_and_exact_manifest[source] PASSED [ 30%]
backend/tests/test_mz2_advertising_zero_opening.py::test_zero_requires_explicit_owner_evidence_and_exact_manifest[fx] PASSED [ 30%]
backend/tests/test_mz2_advertising_zero_opening.py::test_zero_requires_explicit_owner_evidence_and_exact_manifest[positive_sar] PASSED [ 30%]
backend/tests/test_mz2_advertising_zero_opening.py::test_zero_requires_explicit_owner_evidence_and_exact_manifest[currency] PASSED [ 30%]
backend/tests/test_mz2_advertising_zero_opening.py::test_zero_requires_explicit_owner_evidence_and_exact_manifest[group] PASSED [ 30%]
backend/tests/test_mz2_advertising_zero_opening.py::test_zero_requires_explicit_owner_evidence_and_exact_manifest[date] PASSED [ 30%]
backend/tests/test_mz2_advertising_zero_opening.py::test_zero_requires_explicit_owner_evidence_and_exact_manifest[manifest_missing] PASSED [ 30%]
backend/tests/test_mz2_advertising_zero_opening.py::test_zero_requires_explicit_owner_evidence_and_exact_manifest[manifest_foreign_wallet] PASSED [ 30%]
backend/tests/test_mz2_advertising_zero_opening.py::test_zero_requires_explicit_owner_evidence_and_exact_manifest[manifest_wronggroup] PASSED [ 30%]
backend/tests/test_mz2_advertising_zero_opening.py::test_zero_requires_explicit_owner_evidence_and_exact_manifest[manifest_blank_evidence] PASSED [ 30%]
backend/tests/test_mz2_advertising_zero_opening.py::test_funding_does_not_infer_original_zero_without_confirmation PASSED [ 30%]
backend/tests/test_mz2_advertising_zero_opening.py::test_spend_failure_rolls_back_zero_marker_and_journal PASSED [ 30%]
backend/tests/test_mz2_advertising_zero_opening.py::test_foreign_owner_zero_confirmation_cannot_fund_spend PASSED [ 30%]
backend/tests/test_mz2_advertising_zero_opening.py::test_positive_opening_still_requires_fx_at_input_boundary PASSED [ 30%]
backend/tests/test_mz2_advertising_zero_opening.py::test_zero_read_capability_still_forbids_all_financial_writes PASSED [ 30%]
backend/tests/test_mz2_atomic_recovery.py::AtomicRecoveryTests::test_aborted_transient_commit_retries_one_native_sale PASSED [ 30%]
backend/tests/test_mz2_atomic_recovery.py::AtomicRecoveryTests::test_ambiguous_commit_labels_preserve_unknown_result_boundary PASSED [ 30%]
backend/tests/test_mz2_atomic_recovery.py::AtomicRecoveryTests::test_cancelled_commit_is_not_replayed PASSED [ 30%]
backend/tests/test_mz2_atomic_recovery.py::AtomicRecoveryTests::test_committed_response_lost_then_restart_returns_same_group PASSED [ 30%]
backend/tests/test_mz2_atomic_recovery.py::AtomicRecoveryTests::test_expired_retry_admission_does_not_start_another_transaction PASSED [ 30%]
backend/tests/test_mz2_atomic_recovery.py::AtomicRecoveryTests::test_nontransient_commit_failure_aborts_without_retry PASSED [ 31%]
backend/tests/test_mz2_atomic_recovery.py::AtomicRecoveryTests::test_one_cent_imbalance_cannot_commit PASSED [ 31%]
backend/tests/test_mz2_atomic_recovery.py::AtomicRecoveryTests::test_post_endpoint_aborts_then_retries_once PASSED [ 31%]
backend/tests/test_mz2_atomic_recovery.py::AtomicRecoveryTests::test_process_death_after_native_journal_insert_then_restart_retry PASSED [ 31%]
backend/tests/test_mz2_atomic_recovery.py::AtomicRecoveryTests::test_settlement_failure_after_ledger_before_status_aborts_all PASSED [ 31%]
backend/tests/test_mz2_atomic_recovery.py::AtomicRecoveryTests::test_simultaneous_import_sync_webhook_share_identity PASSED [ 31%]
backend/tests/test_mz2_atomic_recovery.py::AtomicRecoveryTests::test_standalone_refuses_before_financial_write PASSED [ 31%]
backend/tests/test_mz2_atomic_recovery.py::AtomicRecoveryTests::test_transient_commit_retry_has_finite_attempt_budget PASSED [ 31%]
backend/tests/test_mz2_atomic_recovery.py::AtomicRecoveryTests::test_transient_commit_retry_rechecks_owner_write_pause PASSED [ 31%]
backend/tests/test_mz2_atomic_recovery.py::AtomicRecoveryTests::test_unknown_commit_result_is_not_blindly_replayed PASSED [ 31%]
backend/tests/test_mz2_atomic_recovery.py::AtomicRecoveryTests::test_unlabelled_commit_conflict_does_not_authorize_retry PASSED [ 31%]
backend/tests/test_mz2_bank_cod_cutover.py::BankCodCutoverTests::test_bank_approval_accepts_exact_and_postcut_dates_without_changing_advance_semantics 
backend/tests/test_mz2_bank_cod_cutover.py::BankCodCutoverTests::test_bank_approval_accepts_exact_and_postcut_dates_without_changing_advance_semantics PASSED [ 31%]
backend/tests/test_mz2_bank_cod_cutover.py::BankCodCutoverTests::test_bank_approval_rejects_order_dates_before_any_financial_change 
backend/tests/test_mz2_bank_cod_cutover.py::BankCodCutoverTests::test_bank_approval_rejects_order_dates_before_any_financial_change PASSED [ 31%]
backend/tests/test_mz2_bank_cod_cutover.py::BankCodCutoverTests::test_bank_conversion_accepts_exact_and_postcut_dates 
backend/tests/test_mz2_bank_cod_cutover.py::BankCodCutoverTests::test_bank_conversion_accepts_exact_and_postcut_dates PASSED [ 31%]
backend/tests/test_mz2_bank_cod_cutover.py::BankCodCutoverTests::test_bank_conversion_rechecks_latest_order_date_inside_transaction PASSED [ 31%]
backend/tests/test_mz2_bank_cod_cutover.py::BankCodCutoverTests::test_bank_conversion_rejects_order_dates_in_preview_and_execution 
backend/tests/test_mz2_bank_cod_cutover.py::BankCodCutoverTests::test_bank_conversion_rejects_order_dates_in_preview_and_execution PASSED [ 31%]
backend/tests/test_mz2_bank_cod_cutover.py::BankCodCutoverTests::test_cod_exact_and_postcut_dates_keep_sale_and_separate_fee 
backend/tests/test_mz2_bank_cod_cutover.py::BankCodCutoverTests::test_cod_exact_and_postcut_dates_keep_sale_and_separate_fee PASSED [ 31%]
backend/tests/test_mz2_bank_cod_cutover.py::BankCodCutoverTests::test_cod_post_rechecks_latest_order_date_inside_transaction PASSED [ 31%]
backend/tests/test_mz2_bank_cod_cutover.py::BankCodCutoverTests::test_cod_prepare_and_post_reject_order_dates_without_financial_changes 
backend/tests/test_mz2_bank_cod_cutover.py::BankCodCutoverTests::test_cod_prepare_and_post_reject_order_dates_without_financial_changes PASSED [ 31%]
backend/tests/test_mz2_bank_evidence_adapters.py::test_imported_funding_atomic_replay_no_advertising_expense PASSED [ 31%]
backend/tests/test_mz2_bank_evidence_adapters.py::test_unverified_evidence_rejected_zero_effect[manual] PASSED [ 31%]
backend/tests/test_mz2_bank_evidence_adapters.py::test_unverified_evidence_rejected_zero_effect[foreign] PASSED [ 31%]
backend/tests/test_mz2_bank_evidence_adapters.py::test_unverified_evidence_rejected_zero_effect[amount] PASSED [ 32%]
backend/tests/test_mz2_bank_evidence_adapters.py::test_unverified_evidence_rejected_zero_effect[bytes] PASSED [ 32%]
backend/tests/test_mz2_bank_evidence_adapters.py::test_unverified_evidence_rejected_zero_effect[bank] PASSED [ 32%]
backend/tests/test_mz2_bank_evidence_adapters.py::test_unverified_evidence_rejected_zero_effect[consumed] PASSED [ 32%]
backend/tests/test_mz2_bank_evidence_adapters.py::test_unverified_evidence_rejected_zero_effect[provider] PASSED [ 32%]
backend/tests/test_mz2_bank_evidence_adapters.py::test_unverified_evidence_rejected_zero_effect[duplicate] PASSED [ 32%]
backend/tests/test_mz2_bank_evidence_adapters.py::test_funding_rollback_restores_evidence_and_ledger PASSED [ 32%]
backend/tests/test_mz2_bank_evidence_adapters.py::test_bank_fee_has_separate_imported_evidence_and_expense PASSED [ 32%]
backend/tests/test_mz2_bank_evidence_adapters.py::test_payable_settlement_does_not_double_spend_and_cannot_overpay PASSED [ 32%]
backend/tests/test_mz2_bank_evidence_adapters.py::test_foreign_wallet_funding_preserves_confirmed_original_units PASSED [ 32%]
backend/tests/test_mz2_bank_evidence_adapters.py::test_financial_controls_remain_closed[insufficient] PASSED [ 32%]
backend/tests/test_mz2_bank_evidence_adapters.py::test_financial_controls_remain_closed[different_day] PASSED [ 32%]
backend/tests/test_mz2_bank_evidence_adapters.py::test_financial_controls_remain_closed[naive] PASSED [ 32%]
backend/tests/test_mz2_bank_evidence_adapters.py::test_financial_controls_remain_closed[paused] PASSED [ 32%]
backend/tests/test_mz2_bank_evidence_adapters.py::test_financial_controls_remain_closed[inactive_bank] PASSED [ 32%]
backend/tests/test_mz2_bank_evidence_adapters.py::test_financial_controls_remain_closed[reused_fee] PASSED [ 32%]
backend/tests/test_mz2_bank_evidence_adapters.py::test_financial_controls_remain_closed[fee_missing] PASSED [ 32%]
backend/tests/test_mz2_bank_evidence_adapters.py::test_financial_controls_remain_closed[fx_mismatch] PASSED [ 32%]
backend/tests/test_mz2_bank_evidence_adapters.py::test_resealed_replay_pointer_to_other_valid_journal_rejected PASSED [ 32%]
backend/tests/test_mz2_bank_transfer_receipts.py::BankTransferReceiptTests::test_bank_and_amount_come_from_order_then_reviewer_selects_actual_bank_movement PASSED [ 32%]
backend/tests/test_mz2_bank_transfer_receipts.py::BankTransferReceiptTests::test_delivery_reupload_preserves_review_then_converts_advance_to_sale PASSED [ 32%]
backend/tests/test_mz2_bank_transfer_receipts.py::BankTransferReceiptTests::test_legacy_display_name_does_not_resolve_bank_or_write_financial_rows PASSED [ 33%]
backend/tests/test_mz2_bank_transfer_receipts.py::BankTransferReceiptTests::test_native_receipt_closed_period_pause_and_revoked_permission PASSED [ 33%]
backend/tests/test_mz2_bank_transfer_receipts.py::BankTransferReceiptTests::test_native_receipt_delivery_legacy_isolation_and_atomic_retry PASSED [ 33%]
backend/tests/test_mz2_bank_transfer_receipts.py::BankTransferReceiptTests::test_order_creation_cutover_rechecked_on_confirmed_delivery_conversion 
backend/tests/test_mz2_bank_transfer_receipts.py::BankTransferReceiptTests::test_order_creation_cutover_rechecked_on_confirmed_delivery_conversion PASSED [ 33%]
backend/tests/test_mz2_bank_transfer_receipts.py::BankTransferReceiptTests::test_order_creation_cutover_rejects_receipt_without_financial_changes 
backend/tests/test_mz2_bank_transfer_receipts.py::BankTransferReceiptTests::test_order_creation_cutover_rejects_receipt_without_financial_changes PASSED [ 33%]
backend/tests/test_mz2_bank_transfer_receipts.py::BankTransferReceiptTests::test_same_bank_movement_cannot_confirm_two_orders PASSED [ 33%]
backend/tests/test_mz2_bank_transfer_receipts.py::BankTransferReceiptTests::test_wrong_amount_cannot_be_approved_and_movement_remains_available PASSED [ 33%]
backend/tests/test_mz2_closed_periods.py::ClosedPeriodTests::test_close_waits_for_inflight_balanced_group PASSED [ 33%]
backend/tests/test_mz2_closed_periods.py::ClosedPeriodTests::test_closed_entitlement_and_payment_no_partial_or_automatic_redating PASSED [ 33%]
backend/tests/test_mz2_closed_periods.py::ClosedPeriodTests::test_insert_many_closed_period_and_append_only_mutations_rollback PASSED [ 33%]
backend/tests/test_mz2_closed_periods.py::ClosedPeriodTests::test_legacy_single_leg_reversal_cannot_bypass_mz2_period_control PASSED [ 33%]
backend/tests/test_mz2_closed_periods.py::ClosedPeriodTests::test_owner_only_close_reopen_and_stale_revision PASSED [ 33%]
backend/tests/test_mz2_courier_bank_bindings_p01.py::test_external_courier_catalog_dedupes_aliases_and_excludes_store_delivery PASSED [ 33%]
backend/tests/test_mz2_courier_bank_bindings_p01.py::test_external_courier_catalog_exposes_only_identity_and_payment_mode_not_financial_logic PASSED [ 33%]
backend/tests/test_mz2_courier_bank_bindings_p01.py::test_router_registers_external_courier_bank_binding_contract PASSED [ 33%]
backend/tests/test_mz2_customer_advances.py::AdvanceTests::test_advance_prevents_later_sale_and_unconfirmed_or_early_refund PASSED [ 33%]
backend/tests/test_mz2_customer_advances.py::AdvanceTests::test_bank_advance_payment_uses_canonical_balance_ignores_legacy_reference PASSED [ 33%]
backend/tests/test_mz2_customer_advances.py::AdvanceTests::test_bank_reference_case_cannot_duplicate_other_refund_path PASSED [ 33%]
backend/tests/test_mz2_customer_advances.py::AdvanceTests::test_capture_cancel_partial_refunds_duplicate_and_no_tax_or_sales PASSED [ 33%]
backend/tests/test_mz2_customer_advances.py::AdvanceTests::test_closed_capture_cancellation_and_payment_have_no_partial_effect PASSED [ 33%]
backend/tests/test_mz2_customer_advances.py::AdvanceTests::test_documented_different_provider_manual_execution_and_dedup PASSED [ 33%]
backend/tests/test_mz2_customer_advances.py::AdvanceTests::test_existing_sale_cannot_be_recaptured_and_advance_blocks_later_sale PASSED [ 33%]
backend/tests/test_mz2_customer_advances.py::AdvanceTests::test_mid_post_failure_rolls_back_capture_then_retry_once PASSED [ 34%]
backend/tests/test_mz2_customer_advances.py::AdvanceTests::test_native_capture_cancel_payment_ignore_legacy_and_verify_retry PASSED [ 34%]
backend/tests/test_mz2_customer_advances.py::AdvanceTests::test_other_provider_known_evidence_must_match_and_original_execution_blocks PASSED [ 34%]
backend/tests/test_mz2_customer_advances.py::AdvanceTests::test_reversed_native_capture_cannot_replay_or_create_refund_due PASSED [ 34%]
backend/tests/test_mz2_customer_advances.py::AdvanceTests::test_tax_review_permissions_pause_and_wrong_source_are_blocked PASSED [ 34%]
backend/tests/test_mz2_daily_movements.py::DailyMovementTests::test_closed_period_rolls_back_general_expense_and_movement_consumption PASSED [ 34%]
backend/tests/test_mz2_daily_movements.py::DailyMovementTests::test_duplicate_file_is_idempotent_and_reference_is_cross_file_unique PASSED [ 34%]
backend/tests/test_mz2_daily_movements.py::DailyMovementTests::test_explicit_provider_auto_receipt_suggestion_requires_confirmation PASSED [ 34%]
backend/tests/test_mz2_daily_movements.py::DailyMovementTests::test_general_expense_posts_from_actual_outgoing_movement_once PASSED [ 34%]
backend/tests/test_mz2_daily_movements.py::DailyMovementTests::test_later_statement_confirms_same_manual_reference_without_duplicate_row PASSED [ 34%]
backend/tests/test_mz2_daily_movements.py::DailyMovementTests::test_later_statement_with_same_manual_reference_but_changed_amount_fails_closed PASSED [ 34%]
backend/tests/test_mz2_daily_movements.py::DailyMovementTests::test_manual_incoming_transfer_keeps_bank_amount_sender_and_date_without_gl PASSED [ 34%]
backend/tests/test_mz2_daily_movements.py::DailyMovementTests::test_manual_outgoing_transfer_is_evidence_only_and_reconciles_later_statement PASSED [ 34%]
backend/tests/test_mz2_daily_movements.py::DailyMovementTests::test_manual_platform_sender_can_follow_same_provider_receipt_flow PASSED [ 34%]
backend/tests/test_mz2_daily_movements.py::DailyMovementTests::test_native_expense_rollback_and_supplier_identity_fail_closed PASSED [ 34%]
backend/tests/test_mz2_daily_movements.py::DailyMovementTests::test_native_supplier_movement_rollback_retry_and_legacy_isolation PASSED [ 34%]
backend/tests/test_mz2_daily_movements.py::DailyMovementTests::test_parser_supports_amount_direction_and_rejects_bad_rows PASSED [ 34%]
backend/tests/test_mz2_daily_movements.py::DailyMovementTests::test_provider_binding_mismatch_never_creates_receipt PASSED [ 34%]
backend/tests/test_mz2_daily_movements.py::DailyMovementTests::test_supplier_payment_reduces_existing_payable_and_blocks_overpayment PASSED [ 34%]
backend/tests/test_mz2_daily_refunds.py::DailyRefundTests::test_bank_two_payments_30_20_webhook_first_and_daily_first PASSED [ 34%]
backend/tests/test_mz2_daily_refunds.py::DailyRefundTests::test_full_and_partial_provider_daily_approval_and_statement_order PASSED [ 34%]
backend/tests/test_mz2_daily_refunds.py::DailyRefundTests::test_historical_refund_does_not_become_another_pending_refund PASSED [ 34%]
backend/tests/test_mz2_daily_refunds.py::DailyRefundTests::test_late_provider_conflict_and_automatic_path_denied PASSED [ 35%]
backend/tests/test_mz2_daily_refunds.py::DailyRefundTests::test_viewer_owner_isolation_failure_and_recovery PASSED [ 35%]
backend/tests/test_mz2_driver_bank_evidence.py::test_real_imported_arrival_approves_once_and_consumes_bank_movement PASSED [ 35%]
backend/tests/test_mz2_driver_bank_evidence.py::test_invalid_arrival_keeps_review_pending_and_full_responsibility[foreign] PASSED [ 35%]
backend/tests/test_mz2_driver_bank_evidence.py::test_invalid_arrival_keeps_review_pending_and_full_responsibility[bytes] PASSED [ 35%]
backend/tests/test_mz2_driver_bank_evidence.py::test_invalid_arrival_keeps_review_pending_and_full_responsibility[amount] PASSED [ 35%]
backend/tests/test_mz2_driver_bank_evidence.py::test_invalid_arrival_keeps_review_pending_and_full_responsibility[manual] PASSED [ 35%]
backend/tests/test_mz2_driver_bank_evidence.py::test_invalid_arrival_keeps_review_pending_and_full_responsibility[consumed] PASSED [ 35%]
backend/tests/test_mz2_driver_bank_evidence.py::test_real_arrival_transaction_rolls_back_after_journal PASSED [ 35%]
backend/tests/test_mz2_driver_payment_review.py::test_full_responsibility_at_delivery_independent_of_cash_custody[cash] PASSED [ 35%]
backend/tests/test_mz2_driver_payment_review.py::test_full_responsibility_at_delivery_independent_of_cash_custody[bank_transfer] PASSED [ 35%]
backend/tests/test_mz2_driver_payment_review.py::test_full_responsibility_at_delivery_independent_of_cash_custody[card_terminal] PASSED [ 35%]
backend/tests/test_mz2_driver_payment_review.py::test_accept_exact_destination_once_no_fee_netting[bank_transfer] PASSED [ 35%]
backend/tests/test_mz2_driver_payment_review.py::test_accept_exact_destination_once_no_fee_netting[card_terminal] PASSED [ 35%]
backend/tests/test_mz2_driver_payment_review.py::test_reject_has_no_journal_and_keeps_full_responsibility[bank_transfer] PASSED [ 35%]
backend/tests/test_mz2_driver_payment_review.py::test_reject_has_no_journal_and_keeps_full_responsibility[card_terminal] PASSED [ 35%]
backend/tests/test_mz2_driver_payment_review.py::test_absent_verified_evidence_leaves_pending_and_full_balance[bank_transfer] PASSED [ 35%]
backend/tests/test_mz2_driver_payment_review.py::test_absent_verified_evidence_leaves_pending_and_full_balance[card_terminal] PASSED [ 35%]
backend/tests/test_mz2_driver_payment_review.py::test_concurrent_accept_one_journal PASSED [ 35%]
backend/tests/test_mz2_driver_payment_review.py::test_pos_cannot_be_substituted_with_bank PASSED [ 35%]
backend/tests/test_mz2_driver_payment_review.py::test_financial_failure_rolls_back_approval_and_journal PASSED [ 35%]
backend/tests/test_mz2_driver_payment_review.py::test_paused_accept_423_and_generic_receive_cannot_bypass_review PASSED [ 36%]
backend/tests/test_mz2_driver_payment_review.py::test_pos_later_bank_arrival_separate_journal_and_retry PASSED [ 36%]
backend/tests/test_mz2_driver_payment_review.py::test_cash_partial_full_receive_keeps_driver_fee_separate PASSED [ 36%]
backend/tests/test_mz2_driver_payment_review.py::test_approval_requires_bound_proof_arrival_scope_and_fresh_authority[missing_receipt-driver_payment_receipt_required] PASSED [ 36%]
backend/tests/test_mz2_driver_payment_review.py::test_approval_requires_bound_proof_arrival_scope_and_fresh_authority[tampered_receipt-driver_payment_receipt_integrity_failure] PASSED [ 36%]
backend/tests/test_mz2_driver_payment_review.py::test_approval_requires_bound_proof_arrival_scope_and_fresh_authority[foreign_receipt-driver_payment_receipt_required] PASSED [ 36%]
backend/tests/test_mz2_driver_payment_review.py::test_approval_requires_bound_proof_arrival_scope_and_fresh_authority[wrong_amount-driver_payment_review_source_conflict] PASSED [ 36%]
backend/tests/test_mz2_driver_payment_review.py::test_approval_requires_bound_proof_arrival_scope_and_fresh_authority[missing_arrival-driver_verified_bank_arrival_required] PASSED [ 36%]
backend/tests/test_mz2_driver_payment_review.py::test_approval_requires_bound_proof_arrival_scope_and_fresh_authority[denied-accountant_permission_required] PASSED [ 36%]
backend/tests/test_mz2_driver_payment_review.py::test_pos_proof_cannot_be_reused_by_second_order PASSED [ 36%]
backend/tests/test_mz2_driver_payment_review.py::test_pos_bank_requires_actual_movement_and_bank_port_and_prevents_excess PASSED [ 36%]
backend/tests/test_mz2_driver_payment_review.py::test_driver_delivery_does_not_need_salla_cod_method_or_cash_custody PASSED [ 36%]
backend/tests/test_mz2_driver_payment_review.py::test_operational_delivery_reaches_native_observer_once_after_bound_evidence[posted] PASSED [ 36%]
backend/tests/test_mz2_driver_payment_review.py::test_operational_delivery_reaches_native_observer_once_after_bound_evidence[paused] PASSED [ 36%]
backend/tests/test_mz2_driver_payment_review.py::test_operational_delivery_reaches_native_observer_once_after_bound_evidence[failed] PASSED [ 36%]
backend/tests/test_mz2_driver_payment_review.py::test_driver_bank_selection_uses_canonical_owner_active_sar_bank_without_approving_payment[canonical-changes0] PASSED [ 36%]
backend/tests/test_mz2_driver_payment_review.py::test_driver_bank_selection_uses_canonical_owner_active_sar_bank_without_approving_payment[legacy_only-None] PASSED [ 36%]
backend/tests/test_mz2_driver_payment_review.py::test_driver_bank_selection_uses_canonical_owner_active_sar_bank_without_approving_payment[foreign-changes2] PASSED [ 36%]
backend/tests/test_mz2_driver_payment_review.py::test_driver_bank_selection_uses_canonical_owner_active_sar_bank_without_approving_payment[inactive-changes3] PASSED [ 36%]
backend/tests/test_mz2_driver_payment_review.py::test_driver_bank_selection_uses_canonical_owner_active_sar_bank_without_approving_payment[archived-changes4] PASSED [ 36%]
backend/tests/test_mz2_driver_payment_review.py::test_driver_bank_selection_uses_canonical_owner_active_sar_bank_without_approving_payment[deleted-changes5] PASSED [ 36%]
backend/tests/test_mz2_driver_payment_review.py::test_driver_bank_selection_uses_canonical_owner_active_sar_bank_without_approving_payment[disabled-changes6] PASSED [ 36%]
backend/tests/test_mz2_driver_payment_review.py::test_driver_bank_selection_uses_canonical_owner_active_sar_bank_without_approving_payment[cash-changes7] PASSED [ 37%]
backend/tests/test_mz2_driver_payment_review.py::test_driver_bank_selection_uses_canonical_owner_active_sar_bank_without_approving_payment[foreign_currency-changes8] PASSED [ 37%]
backend/tests/test_mz2_driver_payment_review.py::test_driver_bank_selection_uses_canonical_owner_active_sar_bank_without_approving_payment[missing_currency-changes9] PASSED [ 37%]
backend/tests/test_mz2_driver_payment_review.py::test_driver_resubmission_accepts_only_canonical_bank_and_never_settles[canonical-changes0] PASSED [ 37%]
backend/tests/test_mz2_driver_payment_review.py::test_driver_resubmission_accepts_only_canonical_bank_and_never_settles[legacy_only-None] PASSED [ 37%]
backend/tests/test_mz2_driver_payment_review.py::test_driver_resubmission_accepts_only_canonical_bank_and_never_settles[foreign-changes2] PASSED [ 37%]
backend/tests/test_mz2_driver_payment_review.py::test_driver_resubmission_accepts_only_canonical_bank_and_never_settles[inactive-changes3] PASSED [ 37%]
backend/tests/test_mz2_driver_payment_review.py::test_driver_resubmission_accepts_only_canonical_bank_and_never_settles[archived-changes4] PASSED [ 37%]
backend/tests/test_mz2_driver_payment_review.py::test_driver_resubmission_accepts_only_canonical_bank_and_never_settles[deleted-changes5] PASSED [ 37%]
backend/tests/test_mz2_driver_payment_review.py::test_driver_resubmission_accepts_only_canonical_bank_and_never_settles[disabled-changes6] PASSED [ 37%]
backend/tests/test_mz2_driver_payment_review.py::test_driver_resubmission_accepts_only_canonical_bank_and_never_settles[cash-changes7] PASSED [ 37%]
backend/tests/test_mz2_driver_payment_review.py::test_driver_resubmission_accepts_only_canonical_bank_and_never_settles[foreign_currency-changes8] PASSED [ 37%]
backend/tests/test_mz2_driver_payment_review.py::test_driver_resubmission_accepts_only_canonical_bank_and_never_settles[missing_currency-changes9] PASSED [ 37%]
backend/tests/test_mz2_driver_payment_review.py::test_existing_bank_or_rejection_fingerprint_survives_optional_pos_field[approved] PASSED [ 37%]
backend/tests/test_mz2_driver_payment_review.py::test_existing_bank_or_rejection_fingerprint_survives_optional_pos_field[rejected] PASSED [ 37%]
backend/tests/test_mz2_driver_pos_manual_review.py::test_manual_pos_real_adapter_approval_replay_and_provenance PASSED [ 37%]
backend/tests/test_mz2_driver_pos_manual_review.py::test_manual_rejection_has_no_financial_effect PASSED [ 37%]
backend/tests/test_mz2_driver_pos_manual_review.py::test_manual_invalid_evidence_identity_and_gate_leave_no_changes[missing_receipt] PASSED [ 37%]
backend/tests/test_mz2_driver_pos_manual_review.py::test_manual_invalid_evidence_identity_and_gate_leave_no_changes[corrupt_receipt] PASSED [ 37%]
backend/tests/test_mz2_driver_pos_manual_review.py::test_manual_invalid_evidence_identity_and_gate_leave_no_changes[foreign_receipt] PASSED [ 37%]
backend/tests/test_mz2_driver_pos_manual_review.py::test_manual_invalid_evidence_identity_and_gate_leave_no_changes[wrong_amount] PASSED [ 37%]
backend/tests/test_mz2_driver_pos_manual_review.py::test_manual_invalid_evidence_identity_and_gate_leave_no_changes[missing_amount] PASSED [ 37%]
backend/tests/test_mz2_driver_pos_manual_review.py::test_manual_invalid_evidence_identity_and_gate_leave_no_changes[foreign_identity] PASSED [ 38%]
backend/tests/test_mz2_driver_pos_manual_review.py::test_manual_invalid_evidence_identity_and_gate_leave_no_changes[inactive_identity] PASSED [ 38%]
backend/tests/test_mz2_driver_pos_manual_review.py::test_manual_invalid_evidence_identity_and_gate_leave_no_changes[undocumented_identity] PASSED [ 38%]
backend/tests/test_mz2_driver_pos_manual_review.py::test_manual_invalid_evidence_identity_and_gate_leave_no_changes[wrong_type] PASSED [ 38%]
backend/tests/test_mz2_driver_pos_manual_review.py::test_manual_invalid_evidence_identity_and_gate_leave_no_changes[wrong_currency] PASSED [ 38%]
backend/tests/test_mz2_driver_pos_manual_review.py::test_manual_invalid_evidence_identity_and_gate_leave_no_changes[forged_identity] PASSED [ 38%]
backend/tests/test_mz2_driver_pos_manual_review.py::test_manual_invalid_evidence_identity_and_gate_leave_no_changes[missing_source] PASSED [ 38%]
backend/tests/test_mz2_driver_pos_manual_review.py::test_manual_invalid_evidence_identity_and_gate_leave_no_changes[opening_missing] PASSED [ 38%]
backend/tests/test_mz2_driver_pos_manual_review.py::test_manual_invalid_evidence_identity_and_gate_leave_no_changes[paused] PASSED [ 38%]
backend/tests/test_mz2_driver_pos_manual_review.py::test_manual_concurrent_review_has_one_journal PASSED [ 38%]
backend/tests/test_mz2_driver_pos_manual_review.py::test_manual_receipt_or_reference_cannot_discharge_second_order[reference] PASSED [ 38%]
backend/tests/test_mz2_driver_pos_manual_review.py::test_manual_receipt_or_reference_cannot_discharge_second_order[image] PASSED [ 38%]
backend/tests/test_mz2_driver_pos_manual_review.py::test_manual_receipt_or_reference_cannot_discharge_second_order[image_new_reference] PASSED [ 38%]
backend/tests/test_mz2_driver_pos_manual_review.py::test_manual_receipt_or_reference_cannot_discharge_second_order[reference_new_identity] PASSED [ 38%]
backend/tests/test_mz2_driver_pos_manual_review.py::test_manual_approval_failure_rolls_back_journal_review_and_reservations PASSED [ 38%]
backend/tests/test_mz2_driver_pos_manual_review.py::test_manual_pos_later_bank_partial_full_replay_and_movement_reuse PASSED [ 38%]
backend/tests/test_mz2_driver_pos_manual_review.py::test_manual_bank_failure_rolls_back_and_owner_pause_denies PASSED [ 38%]
backend/tests/test_mz2_employee_finance.py::MZ2EmployeeFinanceTests::test_967_74_payable_with_1200_cash_creates_232_26_advance PASSED [ 38%]
backend/tests/test_mz2_employee_finance.py::MZ2EmployeeFinanceTests::test_967_74_payable_with_700_cash_leaves_267_74 PASSED [ 38%]
backend/tests/test_mz2_employee_finance.py::MZ2EmployeeFinanceTests::test_advance_and_custody_cash_flows_follow_actual_bank_rows PASSED [ 38%]
backend/tests/test_mz2_employee_finance.py::MZ2EmployeeFinanceTests::test_all_employee_financial_legs_and_events_are_v2_canonical PASSED [ 38%]
backend/tests/test_mz2_employee_finance.py::MZ2EmployeeFinanceTests::test_ambiguous_alias_and_cross_tenant_fail_closed PASSED [ 38%]
backend/tests/test_mz2_employee_finance.py::MZ2EmployeeFinanceTests::test_closed_period_rolls_back_employee_posting_and_movement_consumption PASSED [ 39%]
backend/tests/test_mz2_employee_finance.py::MZ2EmployeeFinanceTests::test_daily_accrual_posts_only_increment_and_preserves_first_journal PASSED [ 39%]
backend/tests/test_mz2_employee_finance.py::MZ2EmployeeFinanceTests::test_general_ledger_rejects_unresolved_aliases_for_every_employee_writer 
backend/tests/test_mz2_employee_finance.py::MZ2EmployeeFinanceTests::test_general_ledger_rejects_unresolved_aliases_for_every_employee_writer PASSED [ 39%]
backend/tests/test_mz2_employee_finance.py::MZ2EmployeeFinanceTests::test_legacy_alias_resolves_to_v2_canonical_identity PASSED [ 39%]
backend/tests/test_mz2_employee_finance.py::MZ2EmployeeFinanceTests::test_legacy_only_and_orphan_contract_fail_closed PASSED [ 39%]
backend/tests/test_mz2_employee_finance.py::MZ2EmployeeFinanceTests::test_native_employee_event_cannot_replay_an_unrelated_journal PASSED [ 39%]
backend/tests/test_mz2_employee_finance.py::MZ2EmployeeFinanceTests::test_native_payroll_missing_canonical_bank_does_not_use_legacy PASSED [ 39%]
backend/tests/test_mz2_employee_finance.py::MZ2EmployeeFinanceTests::test_native_payroll_retry_rollback_owner_and_legacy_isolation PASSED [ 39%]
backend/tests/test_mz2_employee_finance.py::MZ2EmployeeFinanceTests::test_native_v2_opening_writer_requires_exact_employee_id PASSED [ 39%]
backend/tests/test_mz2_employee_finance.py::MZ2EmployeeFinanceTests::test_net_salary_payment_consumes_bank_movement_and_advance_once PASSED [ 39%]
backend/tests/test_mz2_employee_finance.py::MZ2EmployeeFinanceTests::test_partial_salary_does_not_implicitly_net_advances PASSED [ 39%]
backend/tests/test_mz2_employee_finance.py::MZ2EmployeeFinanceTests::test_provider_like_movement_cannot_be_reclassified_as_employee_cash PASSED [ 39%]
backend/tests/test_mz2_employee_finance.py::MZ2EmployeeFinanceTests::test_reversed_native_employee_event_cannot_replay PASSED [ 39%]
backend/tests/test_mz2_employee_finance.py::MZ2EmployeeFinanceTests::test_salary_accrual_is_period_idempotent_and_reportable PASSED [ 39%]
backend/tests/test_mz2_employee_finance.py::MZ2EmployeeFinanceTests::test_salary_cash_more_than_payable_splits_explicit_advance PASSED [ 39%]
backend/tests/test_mz2_employee_finance.py::MZ2EmployeeFinanceTests::test_without_contract_alias_still_writes_v2_custody PASSED [ 39%]
backend/tests/test_mz2_employee_outgoing_reports.py::PayrollReportTests::test_accrual_salary_advance_and_custody_remain_reportable PASSED [ 39%]
backend/tests/test_mz2_employee_outgoing_reports.py::PayrollReportTests::test_reports_keep_unconfirmed_employee_financial_identity_blocked PASSED [ 39%]
backend/tests/test_mz2_employee_outgoing_reports.py::DailyOutgoingReportTests::test_daily_rent_expense_remains_reportable PASSED [ 39%]
backend/tests/test_mz2_employee_outgoing_reports.py::DailyOutgoingReportTests::test_daily_supplier_payment_remains_reportable_without_advance PASSED [ 39%]
backend/tests/test_mz2_employee_outgoing_reports.py::DailyOutgoingReportTests::test_existing_daily_expense_categories_remain_reportable PASSED [ 39%]
backend/tests/test_mz2_financial_identity_consumers.py::test_transfer_resolves_canonical_id_without_settings_legacy_or_writes PASSED [ 40%]
backend/tests/test_mz2_financial_identity_consumers.py::test_transfer_never_infers_bank_from_name_or_legacy_alias[legacy-only-bank] PASSED [ 40%]
backend/tests/test_mz2_financial_identity_consumers.py::test_transfer_never_infers_bank_from_name_or_legacy_alias[MZ2 bank] PASSED [ 40%]
backend/tests/test_mz2_financial_identity_consumers.py::test_transfer_rejects_inactive_currency_and_other_tenant[change0] PASSED [ 40%]
backend/tests/test_mz2_financial_identity_consumers.py::test_transfer_rejects_inactive_currency_and_other_tenant[change1] PASSED [ 40%]
backend/tests/test_mz2_financial_identity_consumers.py::test_transfer_rejects_inactive_currency_and_other_tenant[change2] PASSED [ 40%]
backend/tests/test_mz2_financial_identity_consumers.py::test_unmarked_courier_binding_does_not_gain_authority_from_same_id_collision PASSED [ 40%]
backend/tests/test_mz2_financial_identity_consumers.py::test_explicit_courier_binding_resolves_mz2_bank_without_financial_write PASSED [ 40%]
backend/tests/test_mz2_historical_position.py::HistoricalPositionTests::test_august_115_september_75_then_zero_and_august_unchanged PASSED [ 40%]
backend/tests/test_mz2_historical_position.py::HistoricalPositionTests::test_later_reversal_does_not_erase_historical_liability PASSED [ 40%]
backend/tests/test_mz2_historical_position.py::HistoricalPositionTests::test_report_route_owner_delegated_and_revoked_permissions PASSED [ 40%]
backend/tests/test_mz2_legacy_shipping_gate.py::LegacyShippingGateUnitTests::test_locked_mirror_returns_before_any_atomic_or_gl_work PASSED [ 40%]
backend/tests/test_mz2_legacy_shipping_gate.py::LegacyShippingGateUnitTests::test_posted_guard_rejects_before_any_mutator_is_called PASSED [ 40%]
backend/tests/test_mz2_legacy_shipping_gate.py::LegacyShippingGateUnitTests::test_unmirrored_delete_never_calls_a_gl_mutator PASSED [ 40%]
backend/tests/test_mz2_legacy_shipping_gate.py::LegacyShippingGateTests::test_active_closed_period_rolls_back_operational_and_gl_rows PASSED [ 40%]
backend/tests/test_mz2_legacy_shipping_gate.py::LegacyShippingGateTests::test_active_delete_without_mirror_is_operational_only PASSED [ 40%]
backend/tests/test_mz2_legacy_shipping_gate.py::LegacyShippingGateTests::test_active_legacy_path_preserves_writer_transition_fence PASSED [ 40%]
backend/tests/test_mz2_legacy_shipping_gate.py::LegacyShippingGateTests::test_active_missing_idempotency_key_fails_before_mutation PASSED [ 40%]
backend/tests/test_mz2_legacy_shipping_gate.py::LegacyShippingGateTests::test_active_pause_denies_without_operational_or_financial_effects PASSED [ 40%]
backend/tests/test_mz2_legacy_shipping_gate.py::LegacyShippingGateTests::test_active_post_is_balanced_and_retry_is_idempotent PASSED [ 40%]
backend/tests/test_mz2_legacy_shipping_gate.py::LegacyShippingGateTests::test_concurrent_retry_commits_once PASSED [ 40%]
backend/tests/test_mz2_legacy_shipping_gate.py::LegacyShippingGateTests::test_gate_loss_before_transaction_never_downgrades_to_operational_success PASSED [ 40%]
backend/tests/test_mz2_legacy_shipping_gate.py::LegacyShippingGateTests::test_locked_add_is_operational_without_financial_mirror PASSED [ 41%]
backend/tests/test_mz2_legacy_shipping_gate.py::LegacyShippingGateTests::test_locked_delete_without_mirror_restores_operational_balance PASSED [ 41%]
backend/tests/test_mz2_legacy_shipping_gate.py::LegacyShippingGateTests::test_locked_direct_mirror_does_not_create_gl_or_owner_control PASSED [ 41%]
backend/tests/test_mz2_legacy_shipping_gate.py::LegacyShippingGateTests::test_locked_retry_after_activation_does_not_backfill PASSED [ 41%]
backend/tests/test_mz2_legacy_shipping_gate.py::LegacyShippingGateTests::test_operational_attempt_does_not_escalate_when_gate_opens PASSED [ 41%]
backend/tests/test_mz2_legacy_shipping_gate.py::LegacyShippingGateTests::test_orphan_operational_movement_cannot_look_financially_posted PASSED [ 41%]
backend/tests/test_mz2_legacy_shipping_gate.py::LegacyShippingGateTests::test_other_tenant_cannot_delete_or_use_bank PASSED [ 41%]
backend/tests/test_mz2_legacy_shipping_gate.py::LegacyShippingGateTests::test_payment_failure_after_mirror_rolls_back_every_effect PASSED [ 41%]
backend/tests/test_mz2_legacy_shipping_gate.py::LegacyShippingGateTests::test_payment_metadata_blocks_delete_even_when_link_is_missing PASSED [ 41%]
backend/tests/test_mz2_legacy_shipping_gate.py::LegacyShippingGateTests::test_posted_link_is_immutable_without_assuming_mirror_source_label PASSED [ 41%]
backend/tests/test_mz2_legacy_shipping_gate.py::LegacyShippingGateTests::test_posted_mirror_blocks_delete_and_retry_locked_and_active PASSED [ 41%]
backend/tests/test_mz2_legacy_shipping_gate.py::LegacyShippingGateTests::test_reused_key_with_different_payload_fails_without_changes PASSED [ 41%]
backend/tests/test_mz2_legacy_shipping_gate.py::LegacyShippingGateTests::test_second_gl_leg_failure_rolls_back_every_effect PASSED [ 41%]
backend/tests/test_mz2_legacy_shipping_gate.py::LegacyShippingGateTests::test_unrelated_mirror_still_works_while_p02_locked PASSED [ 41%]
backend/tests/test_mz2_opening_balances.py::OpeningBalanceTests::test_account_scope_change_after_preview_blocks_without_journal PASSED [ 41%]
backend/tests/test_mz2_opening_balances.py::OpeningBalanceTests::test_duplicate_approval_returns_same_group_without_new_legs PASSED [ 41%]
backend/tests/test_mz2_opening_balances.py::OpeningBalanceTests::test_legacy_preview_post_cannot_activate_native_cutover PASSED [ 41%]
backend/tests/test_mz2_opening_balances.py::OpeningBalanceTests::test_missing_evidence_section_and_unknown_employee_fail_before_gl PASSED [ 41%]
backend/tests/test_mz2_opening_balances.py::OpeningBalanceTests::test_opening_employee_scope_is_v2_only_and_alias_is_not_postable PASSED [ 41%]
backend/tests/test_mz2_opening_balances.py::OpeningBalanceTests::test_opening_must_be_first_mz2_journal PASSED [ 41%]
backend/tests/test_mz2_opening_balances.py::OpeningBalanceTests::test_p02_flag_blocks_preview_and_activation PASSED [ 41%]
backend/tests/test_mz2_opening_balances.py::OpeningBalanceTests::test_sealed_native_opening_is_reportable_without_legacy_fallback PASSED [ 41%]
backend/tests/test_mz2_order_creation_cutover.py::CreationFenceRegressionTests::test_all_provider_qualifiers_share_the_creation_fence 
backend/tests/test_mz2_order_creation_cutover.py::CreationFenceRegressionTests::test_all_provider_qualifiers_share_the_creation_fence PASSED [ 42%]
backend/tests/test_mz2_order_creation_cutover.py::CreationFenceRegressionTests::test_boundary_and_post_cutover_keep_existing_recognition_dates 
backend/tests/test_mz2_order_creation_cutover.py::CreationFenceRegressionTests::test_boundary_and_post_cutover_keep_existing_recognition_dates PASSED [ 42%]
backend/tests/test_mz2_order_creation_cutover.py::CreationFenceRegressionTests::test_creation_does_not_relax_capture_delivery_chronology PASSED [ 42%]
backend/tests/test_mz2_order_creation_cutover.py::CreationFenceRegressionTests::test_missing_and_invalid_creation_fail_with_stable_public_codes 
backend/tests/test_mz2_order_creation_cutover.py::CreationFenceRegressionTests::test_missing_and_invalid_creation_fail_with_stable_public_codes PASSED [ 42%]
backend/tests/test_mz2_order_creation_cutover.py::CreationFenceRegressionTests::test_provider_pre_cutover_creation_cannot_use_later_capture_or_delivery PASSED [ 42%]
backend/tests/test_mz2_order_creation_cutover.py::CreationFenceRegressionTests::test_salla_pre_cutover_source_creation_cannot_use_later_delivery PASSED [ 42%]
backend/tests/test_mz2_order_creation_cutover.py::CreationTimestampTests::test_bad_cutover_and_aware_datetime_inputs 
backend/tests/test_mz2_order_creation_cutover.py::CreationTimestampTests::test_bad_cutover_and_aware_datetime_inputs PASSED [ 42%]
backend/tests/test_mz2_order_creation_cutover.py::CreationTimestampTests::test_explicit_timezone_required_except_documented_salla_source PASSED [ 42%]
backend/tests/test_mz2_order_creation_cutover.py::CreationTimestampTests::test_source_date_midnight_retains_riyadh_interpretation PASSED [ 42%]
backend/tests/test_mz2_order_recognition.py::MZ2OrderRecognitionTests::test_closed_period_rolls_back_recognition_and_keeps_evidence_ready PASSED [ 42%]
backend/tests/test_mz2_order_recognition.py::MZ2OrderRecognitionTests::test_creation_fence_cannot_be_bypassed_by_batch_retry_or_later_delivery 
backend/tests/test_mz2_order_recognition.py::MZ2OrderRecognitionTests::test_creation_fence_cannot_be_bypassed_by_batch_retry_or_later_delivery PASSED [ 42%]
backend/tests/test_mz2_order_recognition.py::MZ2OrderRecognitionTests::test_daily_reupload_preserves_posted_sale_then_surfaces_later_refund PASSED [ 42%]
backend/tests/test_mz2_order_recognition.py::MZ2OrderRecognitionTests::test_file_scoped_batch_only_posts_latest_rows_from_uploaded_file PASSED [ 42%]
backend/tests/test_mz2_order_recognition.py::MZ2OrderRecognitionTests::test_foreign_currency_source_posts_explicit_sar_payment_and_preserves_original PASSED [ 42%]
backend/tests/test_mz2_order_recognition.py::MZ2OrderRecognitionTests::test_partial_refund_posts_original_sale_only_and_waits_for_refund_evidence PASSED [ 42%]
backend/tests/test_mz2_order_recognition.py::MZ2OrderRecognitionTests::test_post_recognition_payment_identity_change_is_review_conflict_not_repost PASSED [ 42%]
backend/tests/test_mz2_order_recognition.py::MZ2OrderRecognitionTests::test_queue_separates_ready_and_provider_waiting PASSED [ 42%]
backend/tests/test_mz2_order_recognition.py::MZ2OrderRecognitionTests::test_salla_sale_posts_manual_tax_and_provider_receivable_once PASSED [ 42%]
backend/tests/test_mz2_order_recognition.py::MZ2OrderRecognitionTests::test_tabby_needs_provider_capture_then_posts_same_order PASSED [ 42%]
backend/tests/test_mz2_order_refunds.py::OrderRefundTests::test_conflicting_statement_and_cross_owner_do_not_write PASSED [ 42%]
backend/tests/test_mz2_order_refunds.py::OrderRefundTests::test_emkan_aggregate_row_links_two_distinct_partial_refunds PASSED [ 42%]
backend/tests/test_mz2_order_refunds.py::OrderRefundTests::test_missing_identity_is_review_without_financial_write PASSED [ 43%]
backend/tests/test_mz2_order_refunds.py::OrderRefundTests::test_order_first_all_actual_payment_providers PASSED [ 43%]
backend/tests/test_mz2_order_refunds.py::OrderRefundTests::test_statement_first_all_actual_payment_providers PASSED [ 43%]
backend/tests/test_mz2_receipt_intake.py::IntakeTests::test_active_post_route_atomic_abort_and_retry PASSED [ 43%]
backend/tests/test_mz2_receipt_intake.py::IntakeTests::test_ambiguous_candidates_never_auto_link PASSED [ 43%]
backend/tests/test_mz2_receipt_intake.py::IntakeTests::test_both_input_orders_and_no_financial_write PASSED [ 43%]
backend/tests/test_mz2_receipt_intake.py::IntakeTests::test_concurrent_retry_and_lost_response_same_receipt PASSED [ 43%]
backend/tests/test_mz2_receipt_intake.py::IntakeTests::test_explicit_bank_reference_only PASSED [ 43%]
backend/tests/test_mz2_receipt_intake.py::IntakeTests::test_invalid_amount_and_unverified_binding_write_nothing PASSED [ 43%]
backend/tests/test_mz2_receipt_intake.py::IntakeTests::test_missing_bank_and_difference_block_review_and_post PASSED [ 43%]
backend/tests/test_mz2_receipt_intake.py::IntakeTests::test_missing_reference_saves_distinct_drafts_without_guessing PASSED [ 43%]
backend/tests/test_mz2_receipt_intake.py::IntakeTests::test_one_receipt_cannot_link_two_statements PASSED [ 43%]
backend/tests/test_mz2_receipt_intake.py::IntakeTests::test_permissions_and_cross_owner_reject_without_writes PASSED [ 43%]
backend/tests/test_mz2_receipt_intake.py::IntakeTests::test_receipt_and_legacy_bank_evidence_cannot_both_link PASSED [ 43%]
backend/tests/test_mz2_receipt_intake.py::IntakeTests::test_upload_concurrency_and_interruption_preserve_file_order_draft_identity PASSED [ 43%]
backend/tests/test_mz2_receivable_workflow.py::WorkflowTests::test_actual_tabby_normalizer_with_documented_order_creation PASSED [ 43%]
backend/tests/test_mz2_receivable_workflow.py::WorkflowTests::test_conflicting_ingress_and_prior_other_journal PASSED [ 43%]
backend/tests/test_mz2_receivable_workflow.py::WorkflowTests::test_creation_at_cutoff_posts_and_changed_creation_invalidates_prior_preview PASSED [ 43%]
backend/tests/test_mz2_receivable_workflow.py::WorkflowTests::test_creation_fence_rejects_api_ingress_and_explicit_replay_without_financial_effects 
backend/tests/test_mz2_receivable_workflow.py::WorkflowTests::test_creation_fence_rejects_api_ingress_and_explicit_replay_without_financial_effects PASSED [ 43%]
backend/tests/test_mz2_receivable_workflow.py::WorkflowTests::test_interrupted_post_aborts_and_retry_completes PASSED [ 43%]
backend/tests/test_mz2_receivable_workflow.py::WorkflowTests::test_missing_dates_identity_currency_and_status_reject_no_write PASSED [ 43%]
backend/tests/test_mz2_receivable_workflow.py::WorkflowTests::test_missing_zero_and_conflicting_order_no_writes PASSED [ 43%]
backend/tests/test_mz2_receivable_workflow.py::WorkflowTests::test_new_sale_to_existing_settlement_service_and_balance_guard PASSED [ 44%]
backend/tests/test_mz2_receivable_workflow.py::WorkflowTests::test_owner_outside_mezan2_retains_existing_bridge_behavior PASSED [ 44%]
backend/tests/test_mz2_receivable_workflow.py::WorkflowTests::test_partial_full_refund_uses_original_rate PASSED [ 44%]
backend/tests/test_mz2_receivable_workflow.py::WorkflowTests::test_tax_change_stale_preview_and_frozen_posting PASSED [ 44%]
backend/tests/test_mz2_receivable_workflow.py::WorkflowTests::test_three_providers_route_to_ledger_and_duplicate_ingress PASSED [ 44%]
backend/tests/test_mz2_receivable_workflow.py::WorkflowTests::test_two_ingress_requests_one_group PASSED [ 44%]
backend/tests/test_mz2_receivable_workflow.py::WorkflowTests::test_viewer_and_other_owner_rejected_without_write PASSED [ 44%]
backend/tests/test_mz2_receivable_workflow.py::PublicAccountingErrorBoundaryTests::test_exception_stringification_and_string_subclasses_are_not_trusted 
backend/tests/test_mz2_receivable_workflow.py::PublicAccountingErrorBoundaryTests::test_exception_stringification_and_string_subclasses_are_not_trusted PASSED [ 44%]
backend/tests/test_mz2_receivable_workflow.py::PublicAccountingErrorBoundaryTests::test_existing_http_write_barrier_is_not_reclassified 
backend/tests/test_mz2_receivable_workflow.py::PublicAccountingErrorBoundaryTests::test_existing_http_write_barrier_is_not_reclassified PASSED [ 44%]
backend/tests/test_mz2_receivable_workflow.py::PublicAccountingErrorBoundaryTests::test_known_business_codes_and_success_responses_are_preserved 
backend/tests/test_mz2_receivable_workflow.py::PublicAccountingErrorBoundaryTests::test_known_business_codes_and_success_responses_are_preserved PASSED [ 44%]
backend/tests/test_mz2_receivable_workflow.py::PublicAccountingErrorBoundaryTests::test_unknown_exception_details_never_reach_public_responses 
backend/tests/test_mz2_receivable_workflow.py::PublicAccountingErrorBoundaryTests::test_unknown_exception_details_never_reach_public_responses PASSED [ 44%]
backend/tests/test_mz2_recognition_cutover.py::NativeRecognitionCutoverTests::test_sale_refund_settlement_and_replay_never_touch_legacy PASSED [ 44%]
backend/tests/test_mz2_refund_entitlements.py::EntitlementTests::test_authority_pause_tenant_and_payment_before_entitlement PASSED [ 44%]
backend/tests/test_mz2_refund_entitlements.py::EntitlementTests::test_concurrent_confirmation_duplicate_evidence_and_total_cap PASSED [ 44%]
backend/tests/test_mz2_refund_entitlements.py::EntitlementTests::test_failed_accrual_rolls_back_and_later_webhook_cannot_change_confirmed_amount PASSED [ 44%]
backend/tests/test_mz2_refund_entitlements.py::EntitlementTests::test_month_end_entitlement_next_month_payment_dates_and_no_repeat_tax PASSED [ 44%]
backend/tests/test_mz2_refund_entitlements.py::EntitlementTests::test_native_refund_reversal_keeps_period_history_and_excludes_other_reversals PASSED [ 44%]
backend/tests/test_mz2_refund_entitlements.py::EntitlementTests::test_notification_and_cancellation_without_recognized_sale_do_not_accrue PASSED [ 44%]
backend/tests/test_mz2_report_dates.py::ReportDateTests::test_august_end_is_exclusive_saudi_midnight PASSED [ 44%]
backend/tests/test_mz2_report_dates.py::ReportDateTests::test_authoritative_invalid_value_never_falls_back_to_audit PASSED [ 44%]
backend/tests/test_mz2_report_dates.py::ReportDateTests::test_existing_recognition_and_settlement_date_precede_audit PASSED [ 44%]
backend/tests/test_mz2_report_isolation.py::ReportIsolationTests::test_actual_refund_month_end_partial_and_final_payment_with_legacy_sentinels PASSED [ 44%]
backend/tests/test_mz2_report_isolation.py::ReportIsolationTests::test_approved_opening_and_sale_exclude_legacy_current_and_historical PASSED [ 45%]
backend/tests/test_mz2_report_isolation.py::ReportIsolationTests::test_corrupt_entity_shapes_block_without_uncaught_report_error PASSED [ 45%]
backend/tests/test_mz2_report_isolation.py::ReportIsolationTests::test_existing_bank_without_approved_opening_is_not_an_approved_zero PASSED [ 45%]
backend/tests/test_mz2_report_isolation.py::ReportIsolationTests::test_home_uses_same_gate_and_ignores_caller_date_and_legacy PASSED [ 45%]
backend/tests/test_mz2_report_isolation.py::ReportIsolationTests::test_known_precutover_and_other_operation_never_leak PASSED [ 45%]
backend/tests/test_mz2_report_isolation.py::ReportIsolationTests::test_legacy_control_reproduces_current_balance_leak_before_cutover PASSED [ 45%]
backend/tests/test_mz2_report_isolation.py::ReportIsolationTests::test_missing_opening_never_substitutes_legacy_or_zero_balances PASSED [ 45%]
backend/tests/test_mz2_report_isolation.py::ReportIsolationTests::test_provider_zero_opening_requires_exact_approved_batch_and_date PASSED [ 45%]
backend/tests/test_mz2_report_isolation.py::ReportIsolationTests::test_refund_period_journal_shares_gate_dates_and_current_horizon PASSED [ 45%]
backend/tests/test_mz2_report_isolation.py::ReportIsolationTests::test_reversed_mz2_group_requires_review_instead_of_changed_history PASSED [ 45%]
backend/tests/test_mz2_report_isolation.py::ReportIsolationTests::test_route_employee_scope_malicious_query_revocation_and_disabled PASSED [ 45%]
backend/tests/test_mz2_report_isolation.py::ReportIsolationTests::test_settlement_detail_hides_ledger_when_central_readiness_is_blocked PASSED [ 45%]
backend/tests/test_mz2_report_isolation.py::ReportIsolationTests::test_tagged_invalid_source_or_missing_date_blocks_partial_report PASSED [ 45%]
backend/tests/test_mz2_report_isolation.py::ReportIsolationTests::test_unapproved_or_corrupt_opening_never_presents_balances PASSED [ 45%]
backend/tests/test_mz2_report_isolation.py::ReportIsolationTests::test_zero_attestation_cannot_contradict_posted_opening PASSED [ 45%]
backend/tests/test_mz2_sales_tax_policy.py::PolicyTests::test_audit_and_versions_written_together PASSED [ 45%]
backend/tests/test_mz2_sales_tax_policy.py::PolicyTests::test_invalid_or_stale_update_no_write 
backend/tests/test_mz2_sales_tax_policy.py::PolicyTests::test_invalid_or_stale_update_no_write PASSED [ 45%]
backend/tests/test_mz2_sales_tax_policy.py::PolicyTests::test_missing_read_does_not_write PASSED [ 45%]
backend/tests/test_mz2_sales_tax_policy.py::PolicyTests::test_owner_isolation PASSED [ 45%]
backend/tests/test_mz2_sales_tax_policy.py::PolicyTests::test_source_eight_percent_is_retained_not_applied PASSED [ 45%]
backend/tests/test_mz2_sales_tax.py::ManualSalesTaxTests::test_bad_inputs 
backend/tests/test_mz2_sales_tax.py::ManualSalesTaxTests::test_bad_inputs PASSED [ 45%]
backend/tests/test_mz2_sales_tax.py::ManualSalesTaxTests::test_effective_date_and_immutable_original PASSED [ 45%]
backend/tests/test_mz2_sales_tax.py::ManualSalesTaxTests::test_manual_rate_not_source_rate PASSED [ 46%]
backend/tests/test_mz2_sales_tax.py::ManualSalesTaxTests::test_missing_is_not_explicit_zero PASSED [ 46%]
backend/tests/test_mz2_sales_tax.py::ManualSalesTaxTests::test_partial_and_final_refund PASSED [ 46%]
backend/tests/test_mz2_sales_tax.py::ManualSalesTaxTests::test_rounding_many_small_refunds PASSED [ 46%]
backend/tests/test_mz2_salla_order_evidence.py::SallaOrderEvidenceTests::test_import_is_nonfinancial_and_duplicate_file_is_idempotent PASSED [ 46%]
backend/tests/test_mz2_salla_order_evidence.py::SallaOrderEvidenceTests::test_newer_export_updates_current_projection_but_preserves_history PASSED [ 46%]
backend/tests/test_mz2_salla_order_evidence.py::SallaOrderEvidenceTests::test_parser_classifies_real_export_patterns_without_customer_pii PASSED [ 46%]
backend/tests/test_mz2_salla_order_evidence.py::SallaOrderEvidenceTests::test_same_source_version_changed_becomes_review_conflict PASSED [ 46%]
backend/tests/test_mz2_settlement_bank_match_p01.py::test_bank_match_exact_amount_has_no_review_reason PASSED [ 46%]
backend/tests/test_mz2_settlement_bank_match_p01.py::test_bank_match_difference_is_explicit_and_blocking PASSED [ 46%]
backend/tests/test_mz2_settlement_bank_match_p01.py::test_bank_match_rejects_wrong_account_and_direction PASSED [ 46%]
backend/tests/test_mz2_settlement_bank_match_p01.py::test_router_exposes_bank_candidates_and_match_routes PASSED [ 46%]
backend/tests/test_mz2_settlement_bank_match_p01.py::test_authoritative_lifecycle_handlers_are_registered_before_compatibility_handlers PASSED [ 46%]
backend/tests/test_mz2_settlement_bank_match_p01.py::test_clear_bank_match_unsets_unique_field_and_migrates_sparse_index PASSED [ 46%]
backend/tests/test_mz2_settlement_currency_guard_p01.py::test_currency_normalization_accepts_supported_sar_aliases PASSED [ 46%]
backend/tests/test_mz2_settlement_currency_guard_p01.py::test_file_currency_is_explicit_and_unsupported_currency_fails_closed PASSED [ 46%]
backend/tests/test_mz2_settlement_currency_guard_p01.py::test_persisted_importer_provenance_is_preserved_on_the_draft PASSED [ 46%]
backend/tests/test_mz2_settlement_currency_guard_p01.py::test_missing_parser_currency_uses_auditable_provider_contract_not_silent_default PASSED [ 46%]
backend/tests/test_mz2_settlement_currency_guard_p01.py::test_existing_drafts_without_explicit_supported_currency_are_blocked PASSED [ 46%]
backend/tests/test_mz2_settlement_currency_guard_p01.py::test_guarded_create_persists_currency_and_provenance_on_draft PASSED [ 46%]
backend/tests/test_mz2_settlement_currency_guard_p01.py::test_register_never_hides_a_missing_currency_as_sar PASSED [ 46%]
backend/tests/test_mz2_settlement_currency_guard_p01.py::test_installer_combines_bank_and_currency_lifecycle_reasons PASSED [ 47%]
backend/tests/test_mz2_settlement_evidence_guard_p01.py::test_linked_draft_evidence_cannot_be_deleted PASSED [ 47%]
backend/tests/test_mz2_settlement_evidence_guard_p01.py::test_posted_evidence_mentions_reversal_not_deletion PASSED [ 47%]
backend/tests/test_mz2_settlement_evidence_guard_p01.py::test_unlinked_legacy_file_can_still_use_normal_delete PASSED [ 47%]
backend/tests/test_mz2_settlement_identity_p01.py::test_same_statement_reference_is_same_identity_even_when_file_changes PASSED [ 47%]
backend/tests/test_mz2_settlement_identity_p01.py::test_identity_route_rejects_reference_owned_by_another_draft PASSED [ 47%]
backend/tests/test_mz2_settlement_identity_p01.py::test_identity_route_updates_key_and_revision_when_unique PASSED [ 47%]
backend/tests/test_mz2_settlement_identity_p01.py::test_identity_route_does_not_increment_version_when_unchanged PASSED [ 47%]
backend/tests/test_mz2_settlement_import_guard_p01.py::test_guard_rejects_file_that_does_not_match_selected_provider PASSED [ 47%]
backend/tests/test_mz2_settlement_import_guard_p01.py::test_guard_rejects_explicit_non_sar_currency_before_base_import PASSED [ 47%]
backend/tests/test_mz2_settlement_import_guard_p01.py::test_guard_persists_explicit_sar_and_provenance_after_import PASSED [ 47%]
backend/tests/test_mz2_settlement_import_guard_p01.py::test_guard_passes_detected_provider_to_existing_importer PASSED [ 47%]
backend/tests/test_mz2_settlement_native_audit.py::test_actual_post_route_native_audit_once_and_replay_has_no_extra_effect PASSED [ 47%]
backend/tests/test_mz2_settlement_native_audit.py::test_real_audit_insert_failure_rolls_back_journal_draft_and_receipt PASSED [ 47%]
backend/tests/test_mz2_settlement_native_audit.py::test_foreign_owner_cannot_post_or_append_cross_owner_transaction_audit PASSED [ 47%]
backend/tests/test_mz2_settlement_native_audit.py::test_nonfinancial_audit_needs_no_opening_or_activation PASSED [ 47%]
backend/tests/test_mz2_settlement_register_p01.py::test_register_exposes_searchable_list_and_auditable_detail_routes PASSED [ 47%]
backend/tests/test_mz2_settlement_register_p01.py::test_register_supports_authoritative_matched_and_reversed_states PASSED [ 47%]
backend/tests/test_mz2_settlement_register_p01.py::test_register_item_links_posted_settlement_to_ledger_detail PASSED [ 47%]
backend/tests/test_mz2_settlement_register_p01.py::test_register_search_and_period_overlap_are_fail_closed_and_predictable PASSED [ 47%]
backend/tests/test_mz2_settlements_p01.py::test_salla_statement_equation_and_preview_are_balanced PASSED [ 47%]
backend/tests/test_mz2_settlements_p01.py::test_rebate_is_preserved_as_separate_credit_leg PASSED [ 47%]
backend/tests/test_mz2_settlements_p01.py::test_review_reasons_fail_closed_for_missing_or_unmatched_facts PASSED [ 48%]
backend/tests/test_mz2_settlements_p01.py::test_statement_reference_period_and_provider_aliases_are_stable PASSED [ 48%]
backend/tests/test_mz2_settlements_p01.py::test_post_snapshots_bank_and_uses_one_balanced_group[matched-refund] PASSED [ 48%]
backend/tests/test_mz2_settlements_p01.py::test_post_snapshots_bank_and_uses_one_balanced_group[missing-refund-link] PASSED [ 48%]
backend/tests/test_mz2_settlements_p01.py::test_post_snapshots_bank_and_uses_one_balanced_group[partial-refund-link] PASSED [ 48%]
backend/tests/test_mz2_settlements_p01.py::test_post_rejects_insufficient_canonical_provider_receivable PASSED [ 48%]
backend/tests/test_mz2_settlements_p01.py::test_router_registers_full_p01_settlement_contract PASSED [ 48%]
backend/tests/test_mz2_shipping_bank_port.py::ShippingBankPortTests::test_accounting_router_does_not_eagerly_load_order_engine PASSED [ 48%]
backend/tests/test_mz2_shipping_bank_port.py::ShippingBankPortTests::test_canonical_identity_and_transaction_scope_are_preserved PASSED [ 48%]
backend/tests/test_mz2_shipping_bank_port.py::ShippingBankPortTests::test_invalid_identity_remains_closed_even_with_environment_flags 
backend/tests/test_mz2_shipping_bank_port.py::ShippingBankPortTests::test_invalid_identity_remains_closed_even_with_environment_flags PASSED [ 48%]
backend/tests/test_mz2_shipping_calculator.py::ShippingCalculatorTests::test_49_99_needs_review PASSED [ 48%]
backend/tests/test_mz2_shipping_calculator.py::ShippingCalculatorTests::test_all_boundaries_inclusive_tax_exact_decimal_and_no_double_tax 
backend/tests/test_mz2_shipping_calculator.py::ShippingCalculatorTests::test_all_boundaries_inclusive_tax_exact_decimal_and_no_double_tax PASSED [ 48%]
backend/tests/test_mz2_shipping_calculator.py::ShippingCalculatorTests::test_all_small_inclusive_amounts_preserve_halala_identity PASSED [ 48%]
backend/tests/test_mz2_shipping_calculator.py::ShippingCalculatorTests::test_conflicting_contract_tier_tax_flags_fail_closed PASSED [ 48%]
backend/tests/test_mz2_shipping_calculator.py::ShippingCalculatorTests::test_driver_20_at_explicit_zero_tax_never_gets_vat PASSED [ 48%]
backend/tests/test_mz2_shipping_calculator.py::ShippingCalculatorTests::test_iMile_and_other_carriers_never_inherit_smsa_policy 
backend/tests/test_mz2_shipping_calculator.py::ShippingCalculatorTests::test_iMile_and_other_carriers_never_inherit_smsa_policy PASSED [ 48%]
backend/tests/test_mz2_shipping_calculator.py::ShippingCalculatorTests::test_legacy_flat_caller_keeps_shared_math_not_smsa_defaults PASSED [ 48%]
backend/tests/test_mz2_shipping_calculator.py::ShippingCalculatorTests::test_nonfinite_and_negative_inputs_fail_closed 
backend/tests/test_mz2_shipping_calculator.py::ShippingCalculatorTests::test_nonfinite_and_negative_inputs_fail_closed PASSED [ 48%]
backend/tests/test_mz2_shipping_calculator.py::ShippingCalculatorTests::test_overlap_rejected_gap_reviewed_and_empty_tier_rejected PASSED [ 48%]
backend/tests/test_mz2_shipping_calculator.py::ShippingCalculatorTests::test_prepaid_has_no_cod_even_without_tiers PASSED [ 48%]
backend/tests/test_mz2_shipping_calculator.py::ShippingCalculatorTests::test_shipping_17_25_is_15_plus_2_25_and_commission_12_stays_12 PASSED [ 48%]
backend/tests/test_mz2_shipping_calculator.py::ShippingCalculatorTests::test_shipping_and_commission_flags_are_independent PASSED [ 48%]
backend/tests/test_mz2_shipping_calculator.py::ShippingCalculatorTests::test_unlimited_tier_count PASSED [ 49%]
backend/tests/test_mz2_shipping_contract_isolation.py::ShippingContractIsolationTests::test_manager_has_management_but_not_review_or_posting PASSED [ 49%]
backend/tests/test_mz2_shipping_contract_isolation.py::ShippingContractIsolationTests::test_native_gate_is_closed_and_cannot_be_changed_by_readiness_result PASSED [ 49%]
backend/tests/test_mz2_shipping_contract_isolation.py::ShippingContractIsolationTests::test_owner_does_not_automatically_receive_new_review_permission PASSED [ 49%]
backend/tests/test_mz2_shipping_contract_isolation.py::ShippingContractIsolationTests::test_owner_keeps_setup_permissions_but_financial_authorities_stay_explicit PASSED [ 49%]
backend/tests/test_mz2_shipping_contract_isolation.py::ShippingContractIsolationTests::test_owner_receives_review_only_after_explicit_assignment PASSED [ 49%]
backend/tests/test_mz2_shipping_contract_isolation.py::ShippingContractIsolationTests::test_permission_resolution_does_not_mutate_or_grant_on_user_record PASSED [ 49%]
backend/tests/test_mz2_shipping_contract_isolation.py::ShippingContractIsolationTests::test_poster_cannot_manage_or_review_contracts PASSED [ 49%]
backend/tests/test_mz2_shipping_contract_isolation.py::ShippingContractIsolationTests::test_readiness_exposes_missing_evidence_and_first_cod_gap PASSED [ 49%]
backend/tests/test_mz2_shipping_contract_isolation.py::ShippingContractIsolationTests::test_review_does_not_implicitly_grant_shipping_view PASSED [ 49%]
backend/tests/test_mz2_shipping_contract_isolation.py::ShippingContractIsolationTests::test_review_key_is_registered_centrally_and_independent PASSED [ 49%]
backend/tests/test_mz2_shipping_contract_isolation.py::ShippingContractIsolationTests::test_reviewer_does_not_inherit_management_or_posting PASSED [ 49%]
backend/tests/test_mz2_shipping_contract_isolation.py::ShippingContractIsolationTests::test_unknown_permission_remains_excluded PASSED [ 49%]
backend/tests/test_mz2_shipping_contract_isolation.py::ShippingContractCallBoundaryTests::test_draft_and_approval_remain_closed_before_any_access 
backend/tests/test_mz2_shipping_contract_isolation.py::ShippingContractCallBoundaryTests::test_draft_and_approval_remain_closed_before_any_access PASSED [ 49%]
backend/tests/test_mz2_shipping_contract_isolation.py::ShippingContractCallBoundaryTests::test_environment_flags_do_not_enable_prepare_or_post 
backend/tests/test_mz2_shipping_contract_isolation.py::ShippingContractCallBoundaryTests::test_environment_flags_do_not_enable_prepare_or_post PASSED [ 49%]
backend/tests/test_mz2_shipping_contract_isolation.py::ShippingContractCallBoundaryTests::test_first_cod_receivable_guard_remains_below_the_closed_boundary PASSED [ 49%]
backend/tests/test_mz2_shipping_contract_isolation.py::ShippingContractCallBoundaryTests::test_installer_registers_no_endpoints_or_dependency_calls 
backend/tests/test_mz2_shipping_contract_isolation.py::ShippingContractCallBoundaryTests::test_installer_registers_no_endpoints_or_dependency_calls PASSED [ 49%]
backend/tests/test_mz2_shipping_contract_isolation.py::ShippingContractCallBoundaryTests::test_post_gate_precedes_all_input_or_actor_validation 
backend/tests/test_mz2_shipping_contract_isolation.py::ShippingContractCallBoundaryTests::test_post_gate_precedes_all_input_or_actor_validation PASSED [ 49%]
backend/tests/test_mz2_shipping_contract_isolation.py::ShippingContractCallBoundaryTests::test_post_rejects_423_before_actor_prepare_mongo_evidence_or_audit 
backend/tests/test_mz2_shipping_contract_isolation.py::ShippingContractCallBoundaryTests::test_post_rejects_423_before_actor_prepare_mongo_evidence_or_audit PASSED [ 49%]
backend/tests/test_mz2_shipping_contract_isolation.py::ShippingContractCallBoundaryTests::test_prepare_gate_precedes_all_input_or_missing_cod_validation 
backend/tests/test_mz2_shipping_contract_isolation.py::ShippingContractCallBoundaryTests::test_prepare_gate_precedes_all_input_or_missing_cod_validation PASSED [ 49%]
backend/tests/test_mz2_shipping_contract_isolation.py::ShippingContractCallBoundaryTests::test_prepare_rejects_423_before_order_courier_mongo_evidence_or_audit 
backend/tests/test_mz2_shipping_contract_isolation.py::ShippingContractCallBoundaryTests::test_prepare_rejects_423_before_order_courier_mongo_evidence_or_audit PASSED [ 49%]
backend/tests/test_mz2_shipping_contract_isolation.py::ShippingContractCallBoundaryTests::test_roles_permissions_and_payload_flags_cannot_open_the_gate 
backend/tests/test_mz2_shipping_contract_isolation.py::ShippingContractCallBoundaryTests::test_roles_permissions_and_payload_flags_cannot_open_the_gate PASSED [ 50%]
backend/tests/test_mz2_shipping_contract_isolation.py::ShippingContractDecimalLegTests::test_binary_conversion_is_never_attempted PASSED [ 50%]
backend/tests/test_mz2_shipping_contract_isolation.py::ShippingContractDecimalLegTests::test_caller_precision_rounding_and_traps_do_not_change_exact_results PASSED [ 50%]
backend/tests/test_mz2_shipping_contract_isolation.py::ShippingContractDecimalLegTests::test_exact_halala_amounts_are_preserved_as_two_place_strings 
backend/tests/test_mz2_shipping_contract_isolation.py::ShippingContractDecimalLegTests::test_exact_halala_amounts_are_preserved_as_two_place_strings PASSED [ 50%]
backend/tests/test_mz2_shipping_contract_isolation.py::ShippingContractDecimalLegTests::test_integer_and_redundant_trailing_zeroes_are_exact_not_subhalalas 
backend/tests/test_mz2_shipping_contract_isolation.py::ShippingContractDecimalLegTests::test_integer_and_redundant_trailing_zeroes_are_exact_not_subhalalas PASSED [ 50%]
backend/tests/test_mz2_shipping_contract_isolation.py::ShippingContractDecimalLegTests::test_large_exact_values_are_not_reduced_to_binary_precision 
backend/tests/test_mz2_shipping_contract_isolation.py::ShippingContractDecimalLegTests::test_large_exact_values_are_not_reduced_to_binary_precision PASSED [ 50%]
backend/tests/test_mz2_shipping_contract_isolation.py::ShippingContractDecimalLegTests::test_large_positive_decimal_exponent_has_exact_fixed_point_output PASSED [ 50%]
backend/tests/test_mz2_shipping_contract_isolation.py::ShippingContractDecimalLegTests::test_large_subhalala_is_not_silently_lost 
backend/tests/test_mz2_shipping_contract_isolation.py::ShippingContractDecimalLegTests::test_large_subhalala_is_not_silently_lost PASSED [ 50%]
backend/tests/test_mz2_shipping_contract_isolation.py::ShippingContractDecimalLegTests::test_non_decimal_inputs_are_not_coerced 
backend/tests/test_mz2_shipping_contract_isolation.py::ShippingContractDecimalLegTests::test_non_decimal_inputs_are_not_coerced PASSED [ 50%]
backend/tests/test_mz2_shipping_contract_isolation.py::ShippingContractDecimalLegTests::test_subhalalas_below_at_and_above_rounding_midpoints_are_rejected 
backend/tests/test_mz2_shipping_contract_isolation.py::ShippingContractDecimalLegTests::test_subhalalas_below_at_and_above_rounding_midpoints_are_rejected PASSED [ 50%]
backend/tests/test_mz2_shipping_contract_isolation.py::ShippingContractDecimalLegTests::test_values_already_rounded_by_decimal_policy_are_accepted_without_rerounding 
backend/tests/test_mz2_shipping_contract_isolation.py::ShippingContractDecimalLegTests::test_values_already_rounded_by_decimal_policy_are_accepted_without_rerounding PASSED [ 50%]
backend/tests/test_mz2_shipping_contract_isolation.py::ShippingContractDecimalLegTests::test_zero_negative_and_nonfinite_values_are_rejected 
backend/tests/test_mz2_shipping_contract_isolation.py::ShippingContractDecimalLegTests::test_zero_negative_and_nonfinite_values_are_rejected PASSED [ 50%]
backend/tests/test_mz2_shipping_contracts.py::ShippingContractTests::test_49_99_is_needs_review_and_not_postable_zero PASSED [ 50%]
backend/tests/test_mz2_shipping_contracts.py::ShippingContractTests::test_adjacent_versions_select_exact_boundary_without_changing_old_terms PASSED [ 50%]
backend/tests/test_mz2_shipping_contracts.py::ShippingContractTests::test_all_smsa_boundaries_are_inclusive_without_double_vat 
backend/tests/test_mz2_shipping_contracts.py::ShippingContractTests::test_all_smsa_boundaries_are_inclusive_without_double_vat PASSED [ 50%]
backend/tests/test_mz2_shipping_contracts.py::ShippingContractTests::test_approval_requires_both_identity_and_time 
backend/tests/test_mz2_shipping_contracts.py::ShippingContractTests::test_approval_requires_both_identity_and_time PASSED [ 50%]
backend/tests/test_mz2_shipping_contracts.py::ShippingContractTests::test_boundary_flags_and_tax_flags_are_explicit_booleans 
backend/tests/test_mz2_shipping_contracts.py::ShippingContractTests::test_boundary_flags_and_tax_flags_are_explicit_booleans PASSED [ 50%]
backend/tests/test_mz2_shipping_contracts.py::ShippingContractTests::test_carrier_prepayment_mode_does_not_remove_customer_cod PASSED [ 50%]
backend/tests/test_mz2_shipping_contracts.py::ShippingContractTests::test_cod_without_tiers_requires_review PASSED [ 50%]
backend/tests/test_mz2_shipping_contracts.py::ShippingContractTests::test_effective_window_is_start_inclusive_end_exclusive 
backend/tests/test_mz2_shipping_contracts.py::ShippingContractTests::test_effective_window_is_start_inclusive_end_exclusive PASSED [ 50%]
backend/tests/test_mz2_shipping_contracts.py::ShippingContractTests::test_exact_owner_and_courier_scope 
backend/tests/test_mz2_shipping_contracts.py::ShippingContractTests::test_exact_owner_and_courier_scope PASSED [ 50%]
backend/tests/test_mz2_shipping_contracts.py::ShippingContractTests::test_imile_is_independent_by_courier_id_and_contract PASSED [ 50%]
backend/tests/test_mz2_shipping_contracts.py::ShippingContractTests::test_immutable_values_and_json_roundtrip PASSED [ 51%]
backend/tests/test_mz2_shipping_contracts.py::ShippingContractTests::test_invalid_amount_and_blank_evidence_rejected 
backend/tests/test_mz2_shipping_contracts.py::ShippingContractTests::test_invalid_amount_and_blank_evidence_rejected PASSED [ 51%]
backend/tests/test_mz2_shipping_contracts.py::ShippingContractTests::test_missing_tax_never_inherits_historical_defaults 
backend/tests/test_mz2_shipping_contracts.py::ShippingContractTests::test_missing_tax_never_inherits_historical_defaults PASSED [ 51%]
backend/tests/test_mz2_shipping_contracts.py::ShippingContractTests::test_model_copy_cannot_bypass_posting_guard PASSED [ 51%]
backend/tests/test_mz2_shipping_contracts.py::ShippingContractTests::test_overlapping_and_ambiguous_cod_tiers_rejected 
backend/tests/test_mz2_shipping_contracts.py::ShippingContractTests::test_overlapping_and_ambiguous_cod_tiers_rejected PASSED [ 51%]
backend/tests/test_mz2_shipping_contracts.py::ShippingContractTests::test_overlapping_contracts_fail_instead_of_choosing_newest PASSED [ 51%]
backend/tests/test_mz2_shipping_contracts.py::ShippingContractTests::test_prepaid_customer_order_has_no_cod_even_without_tiers PASSED [ 51%]
backend/tests/test_mz2_shipping_contracts.py::ShippingContractTests::test_real_shared_engine_receives_decimal_tiers PASSED [ 51%]
backend/tests/test_mz2_shipping_contracts.py::ShippingContractTests::test_shipping_17_25_is_15_plus_2_25 PASSED [ 51%]
backend/tests/test_mz2_shipping_contracts.py::ShippingContractTests::test_shipping_and_commission_inclusion_are_independent PASSED [ 51%]
backend/tests/test_mz2_shipping_contracts.py::ShippingContractTests::test_terms_input_cannot_supply_tenant_or_approval_metadata 
backend/tests/test_mz2_shipping_contracts.py::ShippingContractTests::test_terms_input_cannot_supply_tenant_or_approval_metadata PASSED [ 51%]
backend/tests/test_mz2_shipping_contracts.py::ShippingContractTests::test_tier_tax_cannot_contradict_contract 
backend/tests/test_mz2_shipping_contracts.py::ShippingContractTests::test_tier_tax_cannot_contradict_contract PASSED [ 51%]
backend/tests/test_mz2_shipping_contracts.py::ShippingContractTests::test_timezone_and_interval_validation 
backend/tests/test_mz2_shipping_contracts.py::ShippingContractTests::test_timezone_and_interval_validation PASSED [ 51%]
backend/tests/test_mz2_shipping_contracts.py::ShippingContractTests::test_unverified_and_legacy_are_rejected_before_calculation 
backend/tests/test_mz2_shipping_contracts.py::ShippingContractTests::test_unverified_and_legacy_are_rejected_before_calculation PASSED [ 51%]
backend/tests/test_mz2_shipping_contracts.py::ShippingContractTests::test_unverified_draft_does_not_shadow_approved_contract PASSED [ 51%]
backend/tests/test_mz2_shipping_native.py::test_shipping_schema_reinitialization_preserves_native_state PASSED [ 51%]
backend/tests/test_mz2_shipping_native.py::test_production_bootstrap_provisions_empty_shipping_events_without_activation PASSED [ 51%]
backend/tests/test_mz2_shipping_native.py::test_first_delivered_no_upload_retry_second_order_and_separate_fee PASSED [ 51%]
backend/tests/test_mz2_shipping_native.py::test_prior_sale_reclassifies_no_duplicate_revenue PASSED [ 51%]
backend/tests/test_mz2_shipping_native.py::test_invalid_operational_facts_fail_closed[changes0-shipping_cod_payment_required] PASSED [ 51%]
backend/tests/test_mz2_shipping_native.py::test_invalid_operational_facts_fail_closed[changes1-shipping_canonical_delivered_required] PASSED [ 51%]
backend/tests/test_mz2_shipping_native.py::test_invalid_operational_facts_fail_closed[changes2-shipping_canonical_delivered_required] PASSED [ 51%]
backend/tests/test_mz2_shipping_native.py::test_invalid_operational_facts_fail_closed[changes3-shipping_canonical_delivered_required] PASSED [ 52%]
backend/tests/test_mz2_shipping_native.py::test_invalid_operational_facts_fail_closed[changes4-shipping_canonical_delivered_required] PASSED [ 52%]
backend/tests/test_mz2_shipping_native.py::test_invalid_operational_facts_fail_closed[changes5-shipping_canonical_delivered_required] PASSED [ 52%]
backend/tests/test_mz2_shipping_native.py::test_invalid_operational_facts_fail_closed[changes6-shipping_canonical_delivered_required] PASSED [ 52%]
backend/tests/test_mz2_shipping_native.py::test_invalid_operational_facts_fail_closed[changes7-shipping_canonical_delivered_required] PASSED [ 52%]
backend/tests/test_mz2_shipping_native.py::test_invalid_operational_facts_fail_closed[changes8-shipping_canonical_delivered_required] PASSED [ 52%]
backend/tests/test_mz2_shipping_native.py::test_invalid_operational_facts_fail_closed[changes9-shipping_canonical_delivered_required] PASSED [ 52%]
backend/tests/test_mz2_shipping_native.py::test_invalid_operational_facts_fail_closed[changes10-shipping_canonical_delivered_required] PASSED [ 52%]
backend/tests/test_mz2_shipping_native.py::test_invalid_operational_facts_fail_closed[changes11-pre_cutover_order] PASSED [ 52%]
backend/tests/test_mz2_shipping_native.py::test_invalid_operational_facts_fail_closed[changes12-shipping_canonical_identity_required] PASSED [ 52%]
backend/tests/test_mz2_shipping_native.py::test_invalid_operational_facts_fail_closed[changes13-shipping_cod_amount_missing_or_ambiguous] PASSED [ 52%]
backend/tests/test_mz2_shipping_native.py::test_invalid_operational_facts_fail_closed[changes14-shipping_cod_amount_missing_or_ambiguous] PASSED [ 52%]
backend/tests/test_mz2_shipping_native.py::test_invalid_operational_facts_fail_closed[changes15-shipping_cancelled_or_refunded] PASSED [ 52%]
backend/tests/test_mz2_shipping_native.py::test_invalid_operational_facts_fail_closed[changes16-shipping_currency_unsupported] PASSED [ 52%]
backend/tests/test_mz2_shipping_native.py::test_invalid_operational_facts_fail_closed[changes17-shipping_currency_unsupported] PASSED [ 52%]
backend/tests/test_mz2_shipping_native.py::test_invalid_operational_facts_fail_closed[changes18-shipping_cod_amount_missing_or_ambiguous] PASSED [ 52%]
backend/tests/test_mz2_shipping_native.py::test_courier_missing_and_legacy_catalog_cannot_authorize PASSED [ 52%]
backend/tests/test_mz2_shipping_native.py::test_receive_partial_full_and_over_receive_never_touch_payable PASSED [ 52%]
backend/tests/test_mz2_shipping_native.py::test_remittance_without_recognized_cod_cannot_invent_receivable PASSED [ 52%]
backend/tests/test_mz2_shipping_native.py::test_pay_partial_full_and_excess_do_not_change_cod PASSED [ 52%]
backend/tests/test_mz2_shipping_native.py::test_setup_works_paused_but_financial_actions_423 PASSED [ 52%]
backend/tests/test_mz2_shipping_native.py::test_missing_canonical_bank_and_disabled_p02_remain_closed PASSED [ 52%]
backend/tests/test_mz2_shipping_native.py::test_missing_fee_policy_does_not_block_delivered_cod PASSED [ 53%]
backend/tests/test_mz2_shipping_native.py::test_overlap_rejected_and_exact_effective_boundary PASSED [ 53%]
backend/tests/test_mz2_shipping_native.py::test_concurrent_recognition_once_and_concurrent_receive_bounded PASSED [ 53%]
backend/tests/test_mz2_shipping_native.py::test_changed_source_retry_conflict_and_seal_integrity PASSED [ 53%]
backend/tests/test_mz2_shipping_native.py::test_driver_evidence_exact_identity_and_external_separation PASSED [ 53%]
backend/tests/test_mz2_shipping_native.py::test_observer_duplicate_sync_no_duplicate_revenue PASSED [ 53%]
backend/tests/test_mz2_shipping_native.py::test_http_setup_and_financial_pause_boundary PASSED [ 53%]
backend/tests/test_mz2_shipping_native.py::test_connected_bank_context_does_not_authorize_posting[missing_bank-409-MZ2_LINK_REQUIRED] PASSED [ 53%]
backend/tests/test_mz2_shipping_native.py::test_connected_bank_context_does_not_authorize_posting[paused-423-mz2_writes_paused] PASSED [ 53%]
backend/tests/test_mz2_shipping_native.py::test_prepaid_delivery_fee_has_no_cod_or_revenue PASSED [ 53%]
backend/tests/test_mz2_shipping_native.py::test_setup_exact_confirmation_retry_owner_and_concurrency PASSED [ 53%]
backend/tests/test_mz2_shipping_native.py::test_source_sync_post_commit_hook_and_paused_retry PASSED [ 53%]
backend/tests/test_mz2_shipping_native.py::test_backdated_remittance_rejected PASSED [ 53%]
backend/tests/test_mz2_shipping_native.py::test_readiness_requires_courier_and_exact_opening PASSED [ 53%]
backend/tests/test_mz2_shipping_native.py::test_prior_sale_with_exact_partial_payment_reclasses_only_remaining PASSED [ 53%]
backend/tests/test_mz2_shipping_native.py::test_arabic_delivered_and_percentage_fee_vat PASSED [ 53%]
backend/tests/test_mz2_shipping_native.py::test_same_salla_id_under_changed_number_cannot_duplicate_delivery_fee PASSED [ 53%]
backend/tests/test_mz2_shipping_p02.py::test_external_courier_fee_uses_verified_rate_not_salla_charge_and_no_revenue PASSED [ 53%]
backend/tests/test_mz2_shipping_p02.py::test_store_driver_cash_cod_posts_sale_once_and_fee_separately PASSED [ 53%]
backend/tests/test_mz2_shipping_p02.py::test_cod_order_creation_cutover_rejects_without_financial_changes PASSED [ 53%]
backend/tests/test_mz2_shipping_p02.py::test_non_cash_pending_is_not_collected_and_mismatched_cash_never_posts PASSED [ 53%]
backend/tests/test_mz2_shipping_p02.py::test_p02_lock_blocks_financial_write_without_partial_event PASSED [ 54%]
backend/tests/test_mz2_shipping_p02.py::test_closed_period_rolls_back_cod_sale_fee_and_source_marks PASSED [ 54%]
backend/tests/test_mz2_shipping_p02.py::test_changed_cod_facts_after_post_conflict_instead_of_second_sale PASSED [ 54%]
backend/tests/test_mz2_shipping_p02.py::test_driver_cod_collection_and_fee_payment_are_independent_without_netting PASSED [ 54%]
backend/tests/test_mz2_shipping_p02.py::test_courier_fee_payment_consumes_outbound_bank_row_without_second_expense PASSED [ 54%]
backend/tests/test_mz2_shipping_p02.py::test_shipping_movement_cannot_be_consumed_twice_or_over_settle PASSED [ 54%]
backend/tests/test_mz2_shipping_p02.py::test_closed_period_rolls_back_shipping_payment_and_bank_evidence_consumption PASSED [ 54%]
backend/tests/test_mz2_shipping_p02.py::test_shipping_workspace_native_readiness_keeps_unprocessed_movements_pending PASSED [ 54%]
backend/tests/test_mz2_shipping_p02.py::test_old_shipping_ledger_writer_is_explicitly_rejected_in_v2 PASSED [ 54%]
backend/tests/test_mz2_shipping_payment_evidence.py::ShippingPaymentEvidenceTests::test_actual_applepay_reference_on_mada_is_salla PASSED [ 54%]
backend/tests/test_mz2_shipping_payment_evidence.py::ShippingPaymentEvidenceTests::test_actual_card_visa_mastercard_checkout_aliases 
backend/tests/test_mz2_shipping_payment_evidence.py::ShippingPaymentEvidenceTests::test_actual_card_visa_mastercard_checkout_aliases PASSED [ 54%]
backend/tests/test_mz2_shipping_payment_evidence.py::ShippingPaymentEvidenceTests::test_actual_mada_reference_is_salla PASSED [ 54%]
backend/tests/test_mz2_shipping_payment_evidence.py::ShippingPaymentEvidenceTests::test_bank_transfer_actual_export_value_is_non_cod_not_payment_proof PASSED [ 54%]
backend/tests/test_mz2_shipping_payment_evidence.py::ShippingPaymentEvidenceTests::test_cod_actual_source_aliases 
backend/tests/test_mz2_shipping_payment_evidence.py::ShippingPaymentEvidenceTests::test_cod_actual_source_aliases PASSED [ 54%]
backend/tests/test_mz2_shipping_payment_evidence.py::ShippingPaymentEvidenceTests::test_emkan_actual_source_aliases 
backend/tests/test_mz2_shipping_payment_evidence.py::ShippingPaymentEvidenceTests::test_emkan_actual_source_aliases PASSED [ 54%]
backend/tests/test_mz2_shipping_payment_evidence.py::ShippingPaymentEvidenceTests::test_literal_apple_pay_not_in_method_contract_is_not_guessed PASSED [ 54%]
backend/tests/test_mz2_shipping_payment_evidence.py::ShippingPaymentEvidenceTests::test_missing_reference_or_mismatched_reference_fails_closed 
backend/tests/test_mz2_shipping_payment_evidence.py::ShippingPaymentEvidenceTests::test_missing_reference_or_mismatched_reference_fails_closed PASSED [ 54%]
backend/tests/test_mz2_shipping_payment_evidence.py::ShippingPaymentEvidenceTests::test_salla_and_salla_pay_reference_aliases 
backend/tests/test_mz2_shipping_payment_evidence.py::ShippingPaymentEvidenceTests::test_salla_and_salla_pay_reference_aliases PASSED [ 54%]
backend/tests/test_mz2_shipping_payment_evidence.py::ShippingPaymentEvidenceTests::test_stored_provider_cannot_override_producer_normalizer PASSED [ 54%]
backend/tests/test_mz2_shipping_payment_evidence.py::ShippingPaymentEvidenceTests::test_tabby_actual_export_value PASSED [ 54%]
backend/tests/test_mz2_shipping_payment_evidence.py::ShippingPaymentEvidenceTests::test_tamara_actual_export_value PASSED [ 54%]
backend/tests/test_mz2_shipping_payment_evidence.py::ShippingPaymentEvidenceTests::test_unknown_method_is_fail_closed PASSED [ 54%]
backend/tests/test_mz2_shipping_readiness_metadata.py::test_destination_metadata_is_truthful_without_changing_opening_pause_or_phase_gates PASSED [ 55%]
backend/tests/test_mz2_supplier_financial_port_integration.py::test_production_router_uses_canonical_funds_and_keeps_advance_separate PASSED [ 55%]
backend/tests/test_mz2_supplier_identity.py::test_opening_picker_only_canonical_active_suppliers PASSED [ 55%]
backend/tests/test_mz2_supplier_identity.py::test_identity_rejects_legacy_wrong_owner_inactive_and_aliases[legacy] PASSED [ 55%]
backend/tests/test_mz2_supplier_identity.py::test_identity_rejects_legacy_wrong_owner_inactive_and_aliases[other] PASSED [ 55%]
backend/tests/test_mz2_supplier_identity.py::test_identity_rejects_legacy_wrong_owner_inactive_and_aliases[archived] PASSED [ 55%]
backend/tests/test_mz2_supplier_identity.py::test_identity_rejects_legacy_wrong_owner_inactive_and_aliases[ canonical] PASSED [ 55%]
backend/tests/test_mz2_supplier_identity.py::test_identity_rejects_legacy_wrong_owner_inactive_and_aliases[missing] PASSED [ 55%]
backend/tests/test_mz2_supplier_identity.py::test_opening_coverage_requires_payable_and_advance_independently PASSED [ 55%]
backend/tests/test_mz2_supplier_identity.py::test_native_sink_rejects_legacy_supplier_without_any_payment_write PASSED [ 55%]
backend/tests/test_mz2_supplier_identity.py::test_native_supplier_payment_and_archived_canonical_reversal PASSED [ 55%]
backend/tests/test_mz2_supplier_payments_v2.py::test_receiving_producer_stops_before_legacy_access_after_cutover PASSED [ 55%]
backend/tests/test_mz2_supplier_payments_v2.py::test_future_track_a_adapter_rejects_invalid_contract_atomically[None] PASSED [ 55%]
backend/tests/test_mz2_supplier_payments_v2.py::test_future_track_a_adapter_rejects_invalid_contract_atomically[invalid1] PASSED [ 55%]
backend/tests/test_mz2_supplier_payments_v2.py::test_future_track_a_adapter_rejects_invalid_contract_atomically[invalid2] PASSED [ 55%]
backend/tests/test_mz2_supplier_payments_v2.py::test_future_track_a_adapter_rejects_invalid_contract_atomically[invalid3] PASSED [ 55%]
backend/tests/test_mz2_supplier_payments_v2.py::test_future_track_a_adapter_rejects_invalid_contract_atomically[invalid4] PASSED [ 55%]
backend/tests/test_mz2_supplier_payments_v2.py::test_future_track_a_adapter_rejects_invalid_contract_atomically[invalid5] PASSED [ 55%]
backend/tests/test_mz2_supplier_payments_v2.py::test_future_track_a_adapter_rejects_invalid_contract_atomically[invalid6] PASSED [ 55%]
backend/tests/test_mz2_supplier_payments_v2.py::test_future_track_a_adapter_preserves_returned_funding_identity PASSED [ 55%]
backend/tests/test_mz2_supplier_payments_v2.py::test_legacy_invoice_does_not_recreate_documented_zero PASSED [ 55%]
backend/tests/test_mz2_supplier_payments_v2.py::test_unpaid_partial_paid_derived_and_idempotency PASSED [ 55%]
backend/tests/test_mz2_supplier_payments_v2.py::test_overpayment_explicit_advance_and_no_silent_netting PASSED [ 56%]
backend/tests/test_mz2_supplier_payments_v2.py::test_unallocated_then_allocate_no_second_bank_or_payable_debit PASSED [ 56%]
backend/tests/test_mz2_supplier_payments_v2.py::test_concurrent_same_intent_once PASSED [ 56%]
backend/tests/test_mz2_supplier_payments_v2.py::test_bank_gap_no_legacy_identity_fallback_and_pause PASSED [ 56%]
backend/tests/test_mz2_supplier_payments_v2.py::test_reversed_payment_fails_reconciliation PASSED [ 56%]
backend/tests/test_mz2_supplier_payments_v2.py::test_distinct_concurrent_payments_cannot_overpay_without_consent PASSED [ 56%]
backend/tests/test_mz2_supplier_payments_v2.py::test_closed_period_future_date_and_before_cutover_reject_without_effect PASSED [ 56%]
backend/tests/test_mz2_supplier_payments_v2.py::test_invalid_evidence_insufficient_funds_conflicting_retry PASSED [ 56%]
backend/tests/test_mz2_supplier_payments_v2.py::test_default_router_read_and_write_permission_and_seam PASSED [ 56%]
backend/tests/test_mz2_supplier_payments_v2.py::test_atomic_rollback_after_journal_before_operation PASSED [ 56%]
backend/tests/test_mz2_supplier_payments_v2.py::test_invoice_and_advance_allocation_reversals PASSED [ 56%]
backend/tests/test_mz2_supplier_payments_v2.py::test_inactive_unopened_supplier_does_not_block_active_or_imply_zero PASSED [ 56%]
backend/tests/test_mz2_tabby_signed_credits.py::SignedCreditTests::test_other_provider_cannot_use_signed_tabby_credit PASSED [ 56%]
backend/tests/test_mz2_tabby_signed_credits.py::SignedCreditTests::test_positive_refund_fee_is_a_charge_not_an_automatic_rebate PASSED [ 56%]
backend/tests/test_mz2_tabby_signed_credits.py::SignedCreditTests::test_prior_period_document_keeps_signed_components_and_balances PASSED [ 56%]
backend/tests/test_mz2_tabby_signed_credits.py::SignedCreditMongoTests::test_real_post_renamed_upload_duplicate_and_source_guard PASSED [ 56%]
backend/tests/test_mz2_write_balance_isolation.py::WriteBalanceIsolationTests::test_advance_liability_and_execution_ignore_legacy PASSED [ 56%]
backend/tests/test_mz2_write_balance_isolation.py::WriteBalanceIsolationTests::test_balance_helper_reads_own_uncommitted_journal_and_abort_leaves_no_delta PASSED [ 56%]
backend/tests/test_mz2_write_balance_isolation.py::WriteBalanceIsolationTests::test_balance_helper_rejects_root_wrong_owner_and_ended_session PASSED [ 56%]
backend/tests/test_mz2_write_balance_isolation.py::WriteBalanceIsolationTests::test_bank_refund_legacy_cash_cannot_fund_then_qualified_settlement_can PASSED [ 56%]
backend/tests/test_mz2_write_balance_isolation.py::WriteBalanceIsolationTests::test_documented_different_provider_uses_only_qualified_target_balance PASSED [ 56%]
backend/tests/test_mz2_write_balance_isolation.py::WriteBalanceIsolationTests::test_existing_noncanonical_pending_provider_identity_requires_review PASSED [ 56%]
backend/tests/test_mz2_write_balance_isolation.py::WriteBalanceIsolationTests::test_missing_approved_opening_blocks_writer_without_partial_effect PASSED [ 57%]
backend/tests/test_mz2_write_balance_isolation.py::WriteBalanceIsolationTests::test_negative_legacy_execution_and_same_case_liability_do_not_reject PASSED [ 57%]
backend/tests/test_mz2_write_balance_isolation.py::WriteBalanceIsolationTests::test_precutover_tagged_and_foreign_owner_cannot_fund_bank_refund PASSED [ 57%]
backend/tests/test_mz2_write_balance_isolation.py::WriteBalanceIsolationTests::test_provider_identity_whitespace_cannot_create_second_execution PASSED [ 57%]
backend/tests/test_mz2_write_balance_isolation.py::WriteBalanceIsolationTests::test_provider_refund_legacy_receivable_cannot_fund_then_qualified_activity_can PASSED [ 57%]
backend/tests/test_mz2_write_balance_isolation.py::WriteBalanceIsolationTests::test_settlement_legacy_receivable_cannot_fund_then_qualified_sale_can PASSED [ 57%]
backend/tests/test_mz2_write_balance_isolation.py::WriteBalanceIsolationTests::test_unknown_or_malformed_tagged_source_blocks_without_partial_writes PASSED [ 57%]
backend/tests/test_mz2_write_control.py::WriteControlTests::test_authority_revision_tenant_and_sticky_routing PASSED [ 57%]
backend/tests/test_mz2_write_control.py::WriteControlTests::test_failed_inflight_write_aborts_then_pause_and_retry PASSED [ 57%]
backend/tests/test_mz2_write_control.py::WriteControlTests::test_ingress_persists_and_resume_replay_is_idempotent PASSED [ 57%]
backend/tests/test_mz2_write_control.py::WriteControlTests::test_pause_waits_for_inflight_commit_without_partial_journal PASSED [ 57%]
backend/tests/test_mz2_write_control.py::WriteControlTests::test_pending_event_survives_client_restart_and_failed_replay PASSED [ 57%]
backend/tests/test_mz2_write_control.py::WriteControlTests::test_ui_api_paused_reads_work_and_writes_fail PASSED [ 57%]
backend/tests/test_mz2_write_control.py::FailClosedWriteControlTests::test_missing_field_ingress_remains_pending_until_owner_resume PASSED [ 57%]
backend/tests/test_mz2_write_control.py::FailClosedWriteControlTests::test_missing_field_is_paused_and_read_leaves_existing_row_unchanged PASSED [ 57%]
backend/tests/test_mz2_write_control.py::FailClosedWriteControlTests::test_missing_row_get_is_paused_revision_zero_without_bootstrap PASSED [ 57%]
backend/tests/test_mz2_write_control.py::FailClosedWriteControlTests::test_missing_row_ingress_remains_pending_until_owner_resume PASSED [ 57%]
backend/tests/test_mz2_write_control.py::FailClosedWriteControlTests::test_ordinary_atomic_rejects_unconfigured_or_paused_before_callback 
backend/tests/test_mz2_write_control.py::FailClosedWriteControlTests::test_ordinary_atomic_rejects_unconfigured_or_paused_before_callback PASSED [ 57%]
backend/tests/test_mz2_write_control.py::FailClosedWriteControlTests::test_owner_explicit_resume_bootstraps_once_and_allows_ordinary_atomic PASSED [ 57%]
backend/tests/test_mz2_write_control.py::FailClosedWriteControlTests::test_viewer_and_accountant_cannot_bootstrap_or_resume 
backend/tests/test_mz2_write_control.py::FailClosedWriteControlTests::test_viewer_and_accountant_cannot_bootstrap_or_resume PASSED [ 57%]
backend/tests/test_onboarding_inventory_draft.py::test_inventory_draft_roundtrip_cas_replay_lock_and_zero_financial_writes PASSED [ 57%]
backend/tests/test_onboarding_inventory_draft.py::test_inventory_draft_rejects_unbounded_unknown_and_physical_approval_fields PASSED [ 58%]
backend/tests/test_onboarding_inventory_draft.py::test_inventory_routes_enforce_owner_scope_permissions_and_catalog_read_only PASSED [ 58%]
backend/tests/test_onboarding_ssot_contracts.py::test_fee_exact_effective_selection_missing_and_legacy_ignored PASSED [ 58%]
backend/tests/test_onboarding_ssot_contracts.py::test_overlapping_concurrent_fee_writers_have_one_winner PASSED [ 58%]
backend/tests/test_onboarding_ssot_contracts.py::test_annual_prepaid_native_inclusive_contract_calendar_days PASSED [ 58%]
backend/tests/test_onboarding_ssot_contracts.py::test_non_prepaid_is_never_capitalized[changes0-2026-10-01-invoice_unpaid] PASSED [ 58%]
backend/tests/test_onboarding_ssot_contracts.py::test_non_prepaid_is_never_capitalized[changes1-2026-10-01-payment_date_missing] PASSED [ 58%]
backend/tests/test_onboarding_ssot_contracts.py::test_non_prepaid_is_never_capitalized[changes2-2026-10-01-not_paid_before_cutover] PASSED [ 58%]
backend/tests/test_onboarding_ssot_contracts.py::test_non_prepaid_is_never_capitalized[changes3-2027-08-22-coverage_ended_before_cutover] PASSED [ 58%]
backend/tests/test_onboarding_ssot_contracts.py::test_non_prepaid_is_never_capitalized[changes4-2027-08-22-coverage_ended_before_cutover] PASSED [ 58%]
backend/tests/test_onboarding_ssot_contracts.py::test_prepaid_selection_persists_and_changed_source_blocks PASSED [ 58%]
backend/tests/test_onboarding_ssot_contracts.py::test_typed_liability_receivable_tax_facts_no_netting_no_deposit PASSED [ 58%]
backend/tests/test_onboarding_ssot_contracts.py::test_review_requires_exact_selected_fact_amount_currency_evidence PASSED [ 58%]
backend/tests/test_onboarding_ssot_contracts.py::test_missing_paid_prepaid_selection_and_explicit_zero_identity_blockers PASSED [ 58%]
backend/tests/test_onboarding_ssot_contracts.py::test_current_active_fact_cannot_be_omitted_with_empty_opening_section PASSED [ 58%]
backend/tests/test_onboarding_ssot_contracts.py::test_setup_http_during_pause_persists_refs_and_blocks_changed_source PASSED [ 58%]
backend/tests/test_onboarding_ssot_contracts.py::test_real_mongo_concurrent_overlaps_and_no_legacy_collection_access PASSED [ 58%]
backend/tests/test_order_engine_mapper.py::test_maps_realistic_salla_order PASSED [ 58%]
backend/tests/test_order_engine_mapper.py::test_salla_riyadh_wall_clock_is_normalized_to_utc PASSED [ 58%]
backend/tests/test_order_engine_mapper.py::test_naive_salla_timestamp_defaults_to_riyadh_then_utc PASSED [ 58%]
backend/tests/test_order_engine_mapper.py::test_explicit_utc_timestamp_remains_authoritative PASSED [ 58%]
backend/tests/test_order_engine_mapper.py::test_explicit_offset_is_normalized_to_utc PASSED [ 58%]
backend/tests/test_order_engine_mapper.py::test_unknown_source_timezone_falls_back_to_riyadh PASSED [ 59%]
backend/tests/test_order_engine_mapper.py::test_mapper_does_not_mutate_raw_payload PASSED [ 59%]
backend/tests/test_order_engine_mapper.py::test_stable_generated_order_item_id_without_source_item_id PASSED [ 59%]
backend/tests/test_order_engine_mapper.py::test_duplicate_identical_lines_receive_different_ids PASSED [ 59%]
backend/tests/test_order_engine_mapper.py::test_receiving_bank_mapping[\u0645\u0635\u0631\u0641 \u0627\u0644\u0631\u0627\u062c\u062d\u064a-bank_rajhi] PASSED [ 59%]
backend/tests/test_order_engine_mapper.py::test_receiving_bank_mapping[\u0628\u0646\u0643 \u0627\u0644\u0625\u0646\u0645\u0627\u0621-bank_inma] PASSED [ 59%]
backend/tests/test_order_engine_mapper.py::test_receiving_bank_mapping[\u0627\u0644\u0628\u0646\u0643 \u0627\u0644\u0623\u0647\u0644\u064a \u0627\u0644\u0633\u0639\u0648\u062f\u064a-bank_ahli] PASSED [ 59%]
backend/tests/test_order_engine_mapper.py::test_receiving_bank_mapping[SNB-bank_ahli] PASSED [ 59%]
backend/tests/test_order_engine_mapper.py::test_maps_printable_salla_shipment_label PASSED [ 59%]
backend/tests/test_order_engine_mapper.py::test_maps_salla_bank_account_and_receipt_evidence PASSED [ 59%]
backend/tests/test_order_engine_mapper.py::test_maps_partial_collection_without_marking_fully_paid PASSED [ 59%]
backend/tests/test_order_engine_mapper.py::test_uncollected_cod_with_null_salla_remaining_uses_order_total PASSED [ 59%]
backend/tests/test_order_engine_mapper.py::test_cod_missing_balance_does_not_override_collected_or_explicit_data[override0] PASSED [ 59%]
backend/tests/test_order_engine_mapper.py::test_cod_missing_balance_does_not_override_collected_or_explicit_data[override1] PASSED [ 59%]
backend/tests/test_order_engine_mapper.py::test_cod_missing_balance_does_not_override_collected_or_explicit_data[override2] PASSED [ 59%]
backend/tests/test_order_engine_mapper.py::test_cod_missing_balance_does_not_override_collected_or_explicit_data[override3] PASSED [ 59%]
backend/tests/test_order_engine_mapper.py::test_cod_missing_balance_does_not_override_collected_or_explicit_data[override4] PASSED [ 59%]
backend/tests/test_order_engine_mapper.py::test_missing_creation_date_is_rejected PASSED [ 59%]
backend/tests/test_order_engine_mapper.py::test_missing_order_number_is_rejected PASSED [ 59%]
backend/tests/test_order_engine_mapper.py::test_mapper_has_no_database_or_http_dependency PASSED [ 59%]
backend/tests/test_order_engine_mapper.py::test_maps_nested_transfer_receipt_and_files_custom_field PASSED [ 59%]
backend/tests/test_order_engine_mapper.py::test_salla_customer_choices_are_preserved_for_order_details PASSED [ 59%]
backend/tests/test_order_engine_repository.py::test_repository_lists_only_tenant_salla_rows PASSED [ 60%]
backend/tests/test_order_engine_repository.py::test_repository_applies_keyset_cursor PASSED [ 60%]
backend/tests/test_order_engine_repository.py::test_repository_gets_exact_order PASSED [ 60%]
backend/tests/test_order_engine_repository.py::test_repository_gets_exact_order_set_with_one_query PASSED [ 60%]
backend/tests/test_order_engine_repository.py::test_repository_rejects_cross_tenant_order PASSED [ 60%]
backend/tests/test_order_engine_repository.py::test_repository_has_no_write_methods PASSED [ 60%]
backend/tests/test_order_engine_repository.py::test_repository_rehydrates_shipping_from_v2_root_snapshot PASSED [ 60%]
backend/tests/test_order_engine_repository.py::test_repository_keeps_provider_address_over_root_fallback PASSED [ 60%]
backend/tests/test_passkey_security_v1.py::test_trusted_device_binding_matches_login_security_digest PASSED [ 60%]
backend/tests/test_passkey_security_v1.py::test_trusted_device_binding_rejects_tampered_cookie PASSED [ 60%]
backend/tests/test_passkey_security_v1.py::test_webauthn_origin_and_rp_are_exact PASSED [ 60%]
backend/tests/test_passkey_security_v1.py::test_webauthn_rp_can_be_explicit PASSED [ 60%]
backend/tests/test_passkey_security_v1.py::test_trust_window_defaults_to_30_days PASSED [ 60%]
backend/tests/test_passkey_security_v1.py::test_base64url_round_trip PASSED [ 60%]
backend/tests/test_passkey_security_v1.py::test_existing_user_passkey_can_be_rebound_after_browser_id_rotation PASSED [ 60%]
backend/tests/test_passkey_security_v1.py::test_trust_ceremony_never_registers_when_user_has_existing_passkey PASSED [ 60%]
backend/tests/test_passkey_security_v1.py::test_frontend_rebind_uses_authentication_not_duplicate_registration PASSED [ 60%]
backend/tests/test_preparation_file_failure_safety.py::test_required_schedule_is_validated_before_allocating_units PASSED [ 60%]
backend/tests/test_preparation_file_failure_safety.py::test_batch_order_numbers_merge_batch_lines_and_allocation_rows PASSED [ 60%]
backend/tests/test_preparation_file_failure_safety.py::test_incomplete_request_releases_committed_units PASSED [ 60%]
backend/tests/test_preparation_file_failure_safety.py::test_ready_registry_is_never_released PASSED [ 60%]
backend/tests/test_preparation_file_failure_safety.py::test_released_event_replays_stage_reconciliation PASSED [ 61%]
backend/tests/test_preparation_file_failure_safety.py::test_in_progress_workflow_without_release_event_is_reconciled PASSED [ 61%]
backend/tests/test_preparation_file_failure_safety.py::test_orphan_ready_batch_releases_unstarted_committed_units PASSED [ 61%]
backend/tests/test_preparation_file_failure_safety.py::test_committed_allocations_without_batch_are_released PASSED [ 61%]
backend/tests/test_preparation_file_failure_safety.py::test_router_registers_atomic_draft_release_and_stale_recovery PASSED [ 61%]
backend/tests/test_preparation_file_registry.py::test_file_title_is_safe_for_pdf_file_names PASSED [ 61%]
backend/tests/test_preparation_file_registry.py::test_file_name_contains_date_and_actual_piece_count PASSED [ 61%]
backend/tests/test_preparation_file_registry.py::test_permanent_file_number_uses_date_and_sequence PASSED [ 61%]
backend/tests/test_preparation_file_registry.py::test_registry_view_preserves_employee_and_audit_fields PASSED [ 61%]
backend/tests/test_preparation_file_registry.py::test_draft_requires_name_employee_and_expected_counts PASSED [ 61%]
backend/tests/test_preparation_file_registry.py::test_assignable_employees_supports_keyword_only_motor_cursor_limits PASSED [ 61%]
backend/tests/test_preparation_file_registry.py::test_router_registers_employee_draft_finalize_and_history_routes PASSED [ 61%]
backend/tests/test_preparation_piece_execution_guard.py::test_reviewed_order_with_remaining_units_blocks_file_start PASSED [ 61%]
backend/tests/test_preparation_piece_execution_guard.py::test_reviewed_order_with_full_assignment_can_start PASSED [ 61%]
backend/tests/test_preparation_piece_execution_guard.py::test_already_in_progress_order_does_not_block_another_assigned_file PASSED [ 61%]
backend/tests/test_preparation_piece_line_services.py::test_same_product_keeps_different_option_services_per_order_line PASSED [ 61%]
backend/tests/test_preparation_piece_line_services.py::test_pdf_replacement_does_not_change_original_option_service PASSED [ 61%]
backend/tests/test_preparation_piece_operations.py::test_services_are_inherited_from_product_and_matching_option_only PASSED [ 61%]
backend/tests/test_preparation_piece_operations.py::test_batch_units_become_assigned_piece_records_for_file_employee PASSED [ 61%]
backend/tests/test_preparation_piece_operations.py::test_same_product_order_lines_keep_independent_option_services PASSED [ 61%]
backend/tests/test_preparation_piece_operations.py::test_piece_upsert_never_reuses_a_path_across_mongodb_operators PASSED [ 61%]
backend/tests/test_preparation_piece_operations.py::test_ready_file_cannot_materialize_with_zero_or_partial_piece_records PASSED [ 61%]
backend/tests/test_preparation_piece_operations.py::test_previous_duration_uses_employee_product_median_then_fallback PASSED [ 62%]
backend/tests/test_preparation_piece_operations.py::test_only_assigned_employee_or_manager_can_start_file PASSED [ 62%]
backend/tests/test_preparation_piece_operations.py::test_schedule_contract_supports_automatic_and_required_modes PASSED [ 62%]
backend/tests/test_preparation_piece_operations.py::test_router_registers_work_receiving_manager_start_and_schedule_routes PASSED [ 62%]
backend/tests/test_preparation_piece_operations.py::test_assembly_board_uses_live_salla_status_and_mezan_evidence PASSED [ 62%]
backend/tests/test_preparation_piece_operations.py::test_assembly_search_reopens_work_when_current_salla_status_returns_in_progress PASSED [ 62%]
backend/tests/test_preparation_piece_operations.py::test_my_work_discovers_reassigned_pieces_before_registry_employee_filter PASSED [ 62%]
backend/tests/test_preparation_piece_operations.py::test_preparation_receipt_card_merges_customer_specs_and_marks_search_match PASSED [ 62%]
backend/tests/test_preparation_piece_operations.py::test_preparation_receipt_blocks_supplier_piece_until_supplier_receipt_finishes PASSED [ 62%]
backend/tests/test_preparation_piece_operations.py::test_preparation_receipt_blocks_every_unfinished_required_service PASSED [ 62%]
backend/tests/test_preparation_piece_operations.py::test_preparation_receipt_is_final_and_order_search_accepts_arabic_prefix PASSED [ 62%]
backend/tests/test_preparation_piece_operations.py::test_preparation_receiving_custody_groups_by_source_employee_and_date_range PASSED [ 62%]
backend/tests/test_preparation_piece_operations.py::test_receipt_persists_source_employee_for_custody_after_handoff PASSED [ 62%]
backend/tests/test_preparation_piece_operations.py::test_assembly_product_card_keeps_full_information_and_search_priority PASSED [ 62%]
backend/tests/test_preparation_piece_operations.py::test_assembly_physical_product_keeps_complete_original_customer_options PASSED [ 62%]
backend/tests/test_preparation_piece_operations.py::test_operational_card_keeps_linked_specs_without_physical_merge_override PASSED [ 62%]
backend/tests/test_preparation_piece_operations.py::test_operational_and_direct_stock_items_exist_only_in_assembly PASSED [ 62%]
backend/tests/test_preparation_piece_operations.py::test_virtual_assembly_cards_are_counted_before_printing PASSED [ 62%]
backend/tests/test_preparation_piece_operations.py::test_assembly_ready_is_idempotent_and_batch_id_is_stable PASSED [ 62%]
backend/tests/test_preparation_piece_operations.py::test_last_assembly_piece_moves_order_to_completed_and_creates_print_batch PASSED [ 62%]
backend/tests/test_preparation_piece_operations.py::test_assembly_search_keeps_completed_order_as_read_only_history PASSED [ 62%]
backend/tests/test_preparation_piece_operations.py::test_received_piece_can_enter_assembly_before_other_order_pieces PASSED [ 62%]
backend/tests/test_preparation_piece_operations.py::test_assembly_search_shows_unreceived_pieces_with_frozen_actions[False] PASSED [ 63%]
backend/tests/test_preparation_piece_operations.py::test_assembly_search_shows_unreceived_pieces_with_frozen_actions[True] PASSED [ 63%]
backend/tests/test_preparation_piece_operations.py::test_assembly_route_advances_only_after_recorded_supplier_and_preparation_receipts PASSED [ 63%]
backend/tests/test_preparation_piece_operations.py::test_partial_order_can_mark_received_piece_ready PASSED [ 63%]
backend/tests/test_preparation_piece_operations.py::test_assembly_stays_open_without_shipment_while_preparation_is_partial[pending-1] PASSED [ 63%]
backend/tests/test_preparation_piece_operations.py::test_assembly_stays_open_without_shipment_while_preparation_is_partial[ready-2] PASSED [ 63%]
backend/tests/test_preparation_piece_operations.py::test_all_assembly_pieces_enable_shipment_after_full_preparation_receipt PASSED [ 63%]
backend/tests/test_preparation_piece_operations.py::test_live_status_and_components_share_assembly_owner_transaction[False-False] PASSED [ 63%]
backend/tests/test_preparation_piece_operations.py::test_live_status_and_components_share_assembly_owner_transaction[True-False] PASSED [ 63%]
backend/tests/test_preparation_piece_operations.py::test_live_status_and_components_share_assembly_owner_transaction[False-True] PASSED [ 63%]
backend/tests/test_preparation_piece_operations.py::test_operational_virtual_components_never_access_inventory PASSED [ 63%]
backend/tests/test_preparation_piece_operations.py::test_supplier_receiving_transition_rejects_before_legacy_ledger[v2_active-accounting_legacy_writer_disabled] PASSED [ 63%]
backend/tests/test_preparation_piece_operations.py::test_supplier_receiving_transition_rejects_before_legacy_ledger[transition_blocked-accounting_transition_blocked] PASSED [ 63%]
backend/tests/test_preparation_piece_stage_semantics.py::test_fully_allocated_order_moves_to_in_progress_after_salla_confirmation PASSED [ 63%]
backend/tests/test_preparation_piece_stage_semantics.py::test_experiment_without_status_write_permission_stays_reviewed PASSED [ 63%]
backend/tests/test_preparation_piece_stage_semantics.py::test_sync_uses_exact_custom_status_and_verifies_salla PASSED [ 63%]
backend/tests/test_preparation_supplier_dispatch.py::test_mobile_merchant_principal_preserves_real_employee_identity PASSED [ 63%]
backend/tests/test_preparation_supplier_dispatch.py::test_browser_principal_keeps_normal_actor_identity PASSED [ 63%]
backend/tests/test_preparation_supplier_dispatch.py::test_preparation_operator_role_can_open_and_work_only_its_assignment PASSED [ 63%]
backend/tests/test_preparation_supplier_dispatch.py::test_unrelated_operational_role_cannot_open_employee_preparation PASSED [ 63%]
backend/tests/test_preparation_supplier_dispatch.py::test_product_quantity_selection_chooses_stable_physical_units PASSED [ 63%]
backend/tests/test_preparation_supplier_dispatch.py::test_legacy_sku_less_pieces_join_the_single_canonical_sibling_in_memory PASSED [ 63%]
backend/tests/test_preparation_supplier_dispatch.py::test_legacy_identity_is_not_guessed_when_named_siblings_disagree PASSED [ 64%]
backend/tests/test_preparation_supplier_dispatch.py::test_same_product_with_and_without_service_uses_two_independent_cards PASSED [ 64%]
backend/tests/test_preparation_supplier_dispatch.py::test_piece_grain_keeps_physical_units_independent_when_grouping_is_wrong PASSED [ 64%]
backend/tests/test_preparation_supplier_dispatch.py::test_stale_product_only_selection_is_rejected_when_services_are_ambiguous PASSED [ 64%]
backend/tests/test_preparation_supplier_dispatch.py::test_rejected_or_already_sent_piece_is_not_available_for_another_dispatch PASSED [ 64%]
backend/tests/test_preparation_supplier_dispatch.py::test_file_enters_execution_only_after_every_active_piece_is_dispatched PASSED [ 64%]
backend/tests/test_preparation_supplier_dispatch.py::test_cancelled_piece_does_not_block_file_dispatch_completion PASSED [ 64%]
backend/tests/test_preparation_supplier_dispatch.py::test_archived_piece_does_not_block_file_dispatch_completion PASSED [ 64%]
backend/tests/test_preparation_supplier_dispatch.py::test_file_status_changes_only_after_the_last_piece_is_dispatched PASSED [ 64%]
backend/tests/test_preparation_supplier_dispatch.py::test_supplier_must_offer_an_unfinished_service_on_the_piece PASSED [ 64%]
backend/tests/test_preparation_supplier_dispatch.py::test_supplier_file_contains_only_services_offered_by_selected_supplier PASSED [ 64%]
backend/tests/test_preparation_supplier_dispatch.py::test_existing_piece_uses_resolved_salla_image_when_manual_image_is_missing PASSED [ 64%]
backend/tests/test_preparation_supplier_dispatch.py::test_supplier_print_cards_keep_physical_barcodes_and_customer_order_facts PASSED [ 64%]
backend/tests/test_preparation_supplier_dispatch.py::test_new_dispatch_governance_requires_the_same_supplier_at_receiving PASSED [ 64%]
backend/tests/test_preparation_supplier_dispatch.py::test_partial_piece_is_assigned_by_receiving_without_second_dispatch PASSED [ 64%]
backend/tests/test_preparation_supplier_dispatch.py::test_dispatch_router_exposes_employee_supplier_and_manager_workflow PASSED [ 64%]
backend/tests/test_preparation_supplier_dispatch.py::test_returning_assignment_requires_a_meaningful_employee_reason PASSED [ 64%]
backend/tests/test_preparation_supplier_dispatch.py::test_one_supplier_file_can_preserve_selections_from_multiple_source_files PASSED [ 64%]
backend/tests/test_preparation_supplier_dispatch.py::test_supplier_file_rejects_duplicate_source_file_blocks PASSED [ 64%]
backend/tests/test_preparation_supplier_dispatch.py::test_legacy_single_file_supplier_payload_remains_supported PASSED [ 64%]
backend/tests/test_preparation_supplier_dispatch.py::test_employee_summary_exposes_physical_piece_counts_for_overview_cards PASSED [ 64%]
backend/tests/test_preparation_supplier_dispatch.py::test_branch_handoff_removes_piece_from_received_awaiting_branch_cards PASSED [ 65%]
backend/tests/test_preparation_supplier_dispatch.py::test_supplier_invoice_three_pieces_counts_all_receipts_but_one_ready PASSED [ 65%]
backend/tests/test_preparation_supplier_dispatch.py::test_employee_workspace_queries_only_pieces_assigned_to_that_employee PASSED [ 65%]
backend/tests/test_preparation_supplier_dispatch.py::test_employee_workspace_hydrates_legacy_piece_image_from_reviewed_batch PASSED [ 65%]
backend/tests/test_qoyod_runtime_ssot_isolation.py::test_runtime_modules_do_not_reference_migration_collections PASSED [ 65%]
backend/tests/test_recipient_delivery_projection.py::test_same_buyer_and_recipient_does_not_become_independent PASSED [ 65%]
backend/tests/test_recipient_delivery_projection.py::test_independent_recipient_wins_over_buyer_identity_and_address PASSED [ 65%]
backend/tests/test_recipient_delivery_projection.py::test_recipient_can_fill_missing_fields_from_shipment_ship_to_without_buyer_mix PASSED [ 65%]
backend/tests/test_recipient_delivery_projection.py::test_shipping_address_is_preserved_when_no_independent_recipient PASSED [ 65%]
backend/tests/test_recipient_delivery_projection.py::test_courier_object_name_maps_to_shipping_company PASSED [ 65%]
backend/tests/test_recipient_delivery_projection.py::test_shipping_company_string_maps_without_becoming_unspecified PASSED [ 65%]
backend/tests/test_recipient_delivery_projection.py::test_store_courier_label_uses_independent_recipient_and_never_buyer_phone PASSED [ 65%]
backend/tests/test_recipient_delivery_projection.py::test_store_courier_label_uses_ship_to_when_recipient_container_is_shipment_only PASSED [ 65%]
backend/tests/test_reviewed_preparation_batches.py::test_normal_reviewed_ready_identity_does_not_remap_live_salla_line PASSED [ 65%]
backend/tests/test_reviewed_preparation_batches.py::test_ready_piece_uses_frozen_identity_even_when_workflow_projection_differs PASSED [ 65%]
backend/tests/test_reviewed_preparation_batches.py::test_reference_builder_keeps_canonical_frozen_piece_identity PASSED [ 65%]
backend/tests/test_reviewed_preparation_batches.py::test_reference_builder_accepts_a_genuine_no_option_piece PASSED [ 65%]
backend/tests/test_reviewed_preparation_batches.py::test_reference_image_enrichment_pairs_duplicate_group_rows_by_order PASSED [ 65%]
backend/tests/test_reviewed_preparation_batches.py::test_ready_piece_rejects_a_different_physical_unit_identity PASSED [ 65%]
backend/tests/test_reviewed_preparation_batches.py::test_full_selected_products_allocate_every_available_piece_into_one_plan PASSED [ 65%]
backend/tests/test_reviewed_preparation_batches.py::test_multiple_piece_cards_share_one_plan_with_exact_unit_ids PASSED [ 65%]
backend/tests/test_reviewed_preparation_batches.py::test_piece_card_cannot_request_more_than_one_piece PASSED [ 65%]
backend/tests/test_reviewed_preparation_batches.py::test_review_snapshot_recovery_identity_keeps_stale_guard_strict PASSED [ 66%]
backend/tests/test_reviewed_preparation_batches.py::test_review_snapshot_allows_proven_canonical_sku_enrichment PASSED [ 66%]
backend/tests/test_reviewed_preparation_batches.py::test_batch_success_requires_employee_piece_registry_ready PASSED [ 66%]
backend/tests/test_reviewed_preparation_batches.py::test_select_thirty_of_fifty_across_deterministic_order_lines PASSED [ 66%]
backend/tests/test_reviewed_preparation_batches.py::test_full_second_product_can_share_same_file PASSED [ 66%]
backend/tests/test_reviewed_preparation_batches.py::test_allocation_uses_only_free_unit_indices PASSED [ 66%]
backend/tests/test_reviewed_preparation_batches.py::test_quantity_above_remaining_is_rejected PASSED [ 66%]
backend/tests/test_reviewed_preparation_batches.py::test_duplicate_group_is_rejected PASSED [ 66%]
backend/tests/test_reviewed_preparation_batches.py::test_file_fields_preserve_name_color_size_and_notes PASSED [ 66%]
backend/tests/test_reviewed_preparation_batches.py::test_reference_card_uses_full_labels_and_confirmed_field_order PASSED [ 66%]
backend/tests/test_reviewed_preparation_batches.py::test_salla_spec_order_and_full_values_survive_batch_snapshot PASSED [ 66%]
backend/tests/test_reviewed_preparation_batches.py::test_mug_order_288180853_prints_each_phrase_in_full PASSED [ 66%]
backend/tests/test_reviewed_preparation_batches.py::test_employee_product_file_uses_final_a4_renderer_and_keeps_ordered_fields PASSED [ 66%]
backend/tests/test_reviewed_preparation_batches.py::test_long_note_wraps_without_ellipsis_or_word_loss PASSED [ 66%]
backend/tests/test_reviewed_preparation_batches.py::test_wrapped_note_keeps_fifteen_card_page_density PASSED [ 66%]
backend/tests/test_reviewed_preparation_batches.py::test_reference_pdf_is_three_columns_by_five_rows_with_images_and_qr PASSED [ 66%]
backend/tests/test_reviewed_preparation_batches.py::test_sixteenth_reference_card_starts_a_second_page PASSED [ 66%]
backend/tests/test_reviewed_preparation_batches.py::test_image_candidates_skip_relative_mezan_then_fall_back_to_salla PASSED [ 66%]
backend/tests/test_reviewed_preparation_batches.py::test_batch_snapshot_can_regenerate_pdf PASSED [ 66%]
backend/tests/test_reviewed_preparation_batches.py::test_partial_file_keeps_order_in_reviewed PASSED [ 66%]
backend/tests/test_reviewed_preparation_batches.py::test_final_unit_moves_order_to_in_progress PASSED [ 66%]
backend/tests/test_reviewed_preparation_batches.py::test_failed_batch_release_restores_in_progress_order_to_reviewed PASSED [ 66%]
backend/tests/test_reviewed_preparation_batches.py::test_old_batch_line_options_are_rebuilt_from_canonical_order_item PASSED [ 67%]
backend/tests/test_reviewed_preparation_batches.py::test_auto_option_repair_force_refreshes_missing_line_before_pdf PASSED [ 67%]
backend/tests/test_reviewed_preparation_batches.py::test_auto_option_repair_skips_salla_when_snapshot_is_complete PASSED [ 67%]
backend/tests/test_reviewed_preparation_batches.py::test_auto_option_repair_allows_canonical_line_with_no_real_options PASSED [ 67%]
backend/tests/test_reviewed_preparation_batches.py::test_auto_option_repair_reports_refresh_and_identity_failure PASSED [ 67%]
backend/tests/test_reviewed_preparation_batches.py::test_forward_stages_freeze_review_mutations PASSED [ 67%]
backend/tests/test_reviewed_preparation_batches.py::test_batch_response_is_mezan_only_and_exposes_transitions PASSED [ 67%]
backend/tests/test_reviewed_preparation_batches.py::test_router_registers_create_list_and_download_routes PASSED [ 67%]
backend/tests/test_shipping_cost_ssot.py::test_breakdown_prefers_company_config_over_salla PASSED [ 67%]
backend/tests/test_shipping_cost_ssot.py::test_breakdown_falls_back_to_salla_when_no_company_cost PASSED [ 67%]
backend/tests/test_shipping_cost_ssot.py::test_breakdown_falls_back_to_salla_when_company_unknown PASSED [ 67%]
backend/tests/test_shipping_cost_ssot.py::test_breakdown_uses_company_cost_when_salla_missing PASSED [ 67%]
backend/tests/test_shipping_cost_ssot.py::test_breakdown_no_vat_means_zero_tax_no_default_applied PASSED [ 67%]
backend/tests/test_shipping_cost_ssot.py::test_breakdown_unknown_company_with_no_salla_returns_zero PASSED [ 67%]
backend/tests/test_shipping_cost_ssot.py::test_breakdown_order_cost_overrides_company_cost_DEPRECATED PASSED [ 67%]
backend/tests/test_shipping_cost_ssot.py::test_breakdown_handles_string_shipping_cost_as_fallback PASSED [ 67%]
backend/tests/test_shipping_cost_ssot.py::test_breakdown_handles_malformed_vat_rate PASSED [ 67%]
backend/tests/test_shipping_cost_ssot.py::test_breakdown_accepts_vat_percent_field PASSED [ 67%]
backend/tests/test_shipping_cost_ssot.py::test_breakdown_vat_rate_beats_vat_percent_when_both_present PASSED [ 67%]
backend/tests/test_shipping_cost_ssot.py::test_aggregate_breakdown_sums_correctly PASSED [ 67%]
backend/tests/test_shipping_cost_ssot.py::test_aggregate_with_mixed_vat_rates PASSED [ 67%]
backend/tests/test_shipping_cost_ssot.py::test_compute_balances_uses_total_with_tax PASSED [ 68%]
backend/tests/test_shipping_cost_ssot.py::test_compute_balances_without_cfgs_falls_back_to_base PASSED [ 68%]
backend/tests/test_snapchat_reporting_v2_foundation.py::test_hour_windows_never_exceed_seven_days_and_have_no_gaps PASSED [ 68%]
backend/tests/test_snapchat_reporting_v2_foundation.py::test_business_day_windows_preserve_los_angeles_dst PASSED [ 68%]
backend/tests/test_snapchat_reporting_v2_foundation.py::test_hourly_fact_is_utc_idempotent_and_scrubs_secrets PASSED [ 68%]
backend/tests/test_snapchat_reporting_v2_foundation.py::test_hourly_upsert_does_not_overlap_set_and_set_on_insert PASSED [ 68%]
backend/tests/test_snapchat_reporting_v2_foundation.py::test_hourly_read_falls_back_to_confirmed_previous_attribution_series PASSED [ 68%]
backend/tests/test_snapchat_reporting_v2_foundation.py::test_atomic_lease_update_has_no_conflicting_set_on_insert PASSED [ 68%]
backend/tests/test_snapchat_reporting_v2_foundation.py::test_client_retries_429_and_completes_multi_page_entity_discovery PASSED [ 68%]
backend/tests/test_snapchat_reporting_v2_foundation.py::test_hourly_fetch_builds_account_and_campaign_facts PASSED [ 68%]
backend/tests/test_snapchat_reporting_v2_foundation.py::test_future_projection_hours_are_unknown_not_zero PASSED [ 68%]
backend/tests/test_snapchat_reporting_v2_foundation.py::test_configured_six_percent_commission_is_separate_from_base_spend PASSED [ 68%]
backend/tests/test_snapchat_reporting_v2_foundation.py::test_financial_success_is_partial_not_failed_when_ad_level_is_partial PASSED [ 68%]
backend/tests/test_snapchat_reporting_v2_resilience.py::test_provider_client_refreshes_once_after_401 PASSED [ 68%]
backend/tests/test_snapchat_reporting_v2_resilience.py::test_provider_client_retries_500 PASSED [ 68%]
backend/tests/test_snapchat_reporting_v2_resilience.py::test_provider_total_reads_account_and_riyadh_windows PASSED [ 68%]
backend/tests/test_snapchat_reporting_v2_resilience.py::test_dual_window_reconciliation_compares_each_projection_to_matching_total PASSED [ 68%]
backend/tests/test_snapchat_reporting_v2_resilience.py::test_current_hour_is_provisional_and_future_hours_remain_unknown PASSED [ 68%]
backend/tests/test_snapchat_reporting_v2_resilience.py::test_stale_leases_and_runs_are_recovered PASSED [ 68%]
backend/tests/test_snapchat_reporting_v2_resilience.py::test_refresh_rotation_race_uses_peer_token PASSED [ 68%]
backend/tests/test_snapchat_reporting_v2_salla_timezone_alignment.py::test_real_timestamp_wins_over_store_order_date_for_new_york_boundary PASSED [ 68%]
backend/tests/test_snapchat_reporting_v2_salla_timezone_alignment.py::test_same_timestamp_is_next_day_in_riyadh_but_snapchat_uses_account_timezone PASSED [ 68%]
backend/tests/test_snapchat_reporting_v2_salla_timezone_alignment.py::test_order_date_is_only_fallback_when_timestamp_is_unavailable PASSED [ 69%]
backend/tests/test_stock_component_consumption.py::ComponentRulesTests::test_finite_six_decimal_quantity_contract 
backend/tests/test_stock_component_consumption.py::ComponentRulesTests::test_finite_six_decimal_quantity_contract PASSED [ 69%]
backend/tests/test_stock_component_consumption.py::ComponentRulesTests::test_name_only_and_filled_options PASSED [ 69%]
backend/tests/test_stock_component_consumption.py::ComponentRulesTests::test_rejects_ambiguous_line_and_noninteger_units PASSED [ 69%]
backend/tests/test_stock_component_consumption.py::ComponentRulesTests::test_selected_ids_override_conflicting_display_names PASSED [ 69%]
backend/tests/test_stock_component_consumption.py::ComponentRulesTests::test_stock_preparation_projection_matches_original_customer_context PASSED [ 69%]
backend/tests/test_stock_component_consumption.py::ComponentRulesTests::test_version_and_cohort_timestamps_require_explicit_identity PASSED [ 69%]
backend/tests/test_stock_component_consumption.py::ComponentMongoTests::test_cancel_before_accept_and_stale_cancel PASSED [ 69%]
backend/tests/test_stock_component_consumption.py::ComponentMongoTests::test_cancel_consumed_records_reconciliation_without_restock PASSED [ 69%]
backend/tests/test_stock_component_consumption.py::ComponentMongoTests::test_cancel_tombstone_dominates_accept_race PASSED [ 69%]
backend/tests/test_stock_component_consumption.py::ComponentMongoTests::test_committed_response_lost_replays_same_consumption PASSED [ 69%]
backend/tests/test_stock_component_consumption.py::ComponentMongoTests::test_custom_field_change_cannot_reuse_frozen_unit PASSED [ 69%]
backend/tests/test_stock_component_consumption.py::ComponentMongoTests::test_cutoff_no_historical_backfill_and_existing_replay PASSED [ 69%]
backend/tests/test_stock_component_consumption.py::ComponentMongoTests::test_fractional_component_quantity_never_negative PASSED [ 69%]
backend/tests/test_stock_component_consumption.py::ComponentMongoTests::test_multiplication_units_replay_and_product_stock_exclusion PASSED [ 69%]
backend/tests/test_stock_component_consumption.py::ComponentMongoTests::test_option_quantities_and_services_are_excluded PASSED [ 69%]
backend/tests/test_stock_component_consumption.py::ComponentMongoTests::test_outer_workflow_failure_rolls_back_real_transaction PASSED [ 69%]
backend/tests/test_stock_component_consumption.py::ComponentMongoTests::test_outside_stock_change_cannot_consume_another_orders_reserve PASSED [ 69%]
backend/tests/test_stock_component_consumption.py::ComponentMongoTests::test_owner_isolation_and_missing_reservation PASSED [ 69%]
backend/tests/test_stock_component_consumption.py::ComponentMongoTests::test_parallel_reservations_never_overreserve PASSED [ 69%]
backend/tests/test_stock_component_consumption.py::ComponentMongoTests::test_prebuilt_proof_cannot_substitute_another_variant PASSED [ 69%]
backend/tests/test_stock_component_consumption.py::ComponentMongoTests::test_prebuilt_proof_single_use_release_and_no_second_deduction PASSED [ 69%]
backend/tests/test_stock_component_consumption.py::ComponentMongoTests::test_process_death_before_commit_leaves_no_partial_stock PASSED [ 70%]
backend/tests/test_stock_component_consumption.py::ComponentMongoTests::test_real_receipt_increment_roundoff_does_not_block_valid_items PASSED [ 70%]
backend/tests/test_stock_component_consumption.py::ComponentMongoTests::test_recipe_is_frozen_and_changed_payload_fails PASSED [ 70%]
backend/tests/test_stock_component_consumption.py::ComponentMongoTests::test_shortage_rolls_back_all_reservations PASSED [ 70%]
backend/tests/test_stock_component_consumption.py::ComponentMongoTests::test_standalone_refuses_before_any_component_effect PASSED [ 70%]
backend/tests/test_stock_component_consumption.py::ComponentMongoTests::test_variant_change_cannot_reuse_frozen_unit PASSED [ 70%]
backend/tests/test_stock_component_consumption.py::ComponentMongoTests::test_zero_demand_plan_does_not_require_physical_stock PASSED [ 70%]
backend/tests/test_store_delivery_accounting.py::test_store_delivery_settlement_routes_expose_bank_and_cash_account_picker PASSED [ 70%]
backend/tests/test_store_delivery_accounting.py::test_driver_delivery_rejects_creation_before_any_journal[None-order_creation_timestamp_required] PASSED [ 70%]
backend/tests/test_store_delivery_accounting.py::test_driver_delivery_rejects_creation_before_any_journal[-order_creation_timestamp_required] PASSED [ 70%]
backend/tests/test_store_delivery_accounting.py::test_driver_delivery_rejects_creation_before_any_journal[invalid-order_creation_timestamp_invalid] PASSED [ 70%]
backend/tests/test_store_delivery_accounting.py::test_driver_delivery_rejects_creation_before_any_journal[2019-12-31T23:59:59Z-pre_cutover_order] PASSED [ 70%]
backend/tests/test_store_delivery_accounting.py::test_driver_delivery_cannot_trust_conflicted_creation_evidence PASSED [ 70%]
backend/tests/test_store_delivery_accounting.py::test_delivery_entries_keep_cod_and_driver_fee_as_separate_balanced_legs PASSED [ 70%]
backend/tests/test_store_delivery_accounting.py::test_prepaid_delivery_posts_only_the_individual_driver_fee PASSED [ 70%]
backend/tests/test_store_delivery_accounting.py::test_financial_cutover_gate_fails_closed_until_operation_and_timestamp_are_approved PASSED [ 70%]
backend/tests/test_store_delivery_accounting.py::test_p02_financial_writers_are_locked_by_default_without_ledger_delta PASSED [ 70%]
backend/tests/test_store_delivery_accounting.py::test_driver_delivery_and_net_settlement_reach_ledger_and_financial_position[2020-01-01T00:00:00Z] PASSED [ 70%]
backend/tests/test_store_delivery_accounting.py::test_driver_delivery_and_net_settlement_reach_ledger_and_financial_position[2020-01-02 03:00:00] PASSED [ 70%]
backend/tests/test_store_delivery_accounting.py::test_delivery_creation_is_tenant_scoped_and_rechecked_inside_transaction PASSED [ 70%]
backend/tests/test_store_delivery_accounting.py::test_driver_http_requires_cash_confirmation_without_touching_accounting[None-order_creation_timestamp_required] PASSED [ 70%]
backend/tests/test_store_delivery_accounting.py::test_driver_http_requires_cash_confirmation_without_touching_accounting[invalid-order_creation_timestamp_invalid] PASSED [ 70%]
backend/tests/test_store_delivery_accounting.py::test_driver_http_requires_cash_confirmation_without_touching_accounting[2019-12-31T23:59:59Z-pre_cutover_order] PASSED [ 71%]
backend/tests/test_store_delivery_accounting.py::test_driver_completion_request_contract_no_longer_requires_delivery_proof PASSED [ 71%]
backend/tests/test_store_delivery_driver_app_v2_contract.py::test_true_barcode_match_never_treats_order_number_as_barcode PASSED [ 71%]
backend/tests/test_store_delivery_driver_app_v2_contract.py::test_delivery_exception_contract_matches_courier_ui PASSED [ 71%]
backend/tests/test_store_delivery_driver_app_v2_contract.py::test_salla_order_id_prefers_raw_direct_id PASSED [ 71%]
backend/tests/test_store_delivery_driver_app_v2_contract.py::test_salla_delivery_status_write_and_readback PASSED [ 71%]
backend/tests/test_store_delivery_driver_app_v2_contract.py::test_salla_delivery_status_readback_mismatch_fails_closed PASSED [ 71%]
backend/tests/test_store_delivery_driver_app_v2_contract.py::test_delivery_evidence_collections_are_separate PASSED [ 71%]
backend/tests/test_store_delivery_driver_security.py::test_store_driver_role_has_zero_legacy_mezan_permissions PASSED [ 71%]
backend/tests/test_store_delivery_driver_security.py::test_driver_app_rejects_legacy_viewer_even_with_no_permissions PASSED [ 71%]
backend/tests/test_store_delivery_driver_security.py::test_driver_app_accepts_only_store_driver_role PASSED [ 71%]
backend/tests/test_store_delivery_driver_security.py::test_driver_app_rejects_non_native_store_driver PASSED [ 71%]
backend/tests/test_store_delivery_driver_security.py::test_driver_completion_payload_keeps_delivery_and_conversation_evidence_optional PASSED [ 71%]
backend/tests/test_store_delivery_driver_security.py::test_driver_pin_requires_exactly_six_ascii_digits PASSED [ 71%]
backend/tests/test_store_delivery_driver_security.py::test_driver_creation_requires_email_and_pin_together PASSED [ 71%]
backend/tests/test_store_delivery_driver_security.py::test_customer_service_existing_inbox_permission_can_manage_delivery_instructions PASSED [ 71%]
backend/tests/test_store_delivery_driver_security.py::test_customer_service_without_role_or_permission_is_rejected PASSED [ 71%]
backend/tests/test_store_delivery_driver_security.py::test_driver_scanner_accepts_shipment_barcode_fields_only PASSED [ 71%]
backend/tests/test_store_delivery_driver_security.py::test_driver_operational_exception_codes_are_bounded PASSED [ 71%]
backend/tests/test_store_delivery_driver_security.py::test_driver_salla_status_transition_is_written_and_read_back PASSED [ 71%]
backend/tests/test_store_delivery_driver_security.py::test_driver_salla_status_readback_mismatch_fails_closed PASSED [ 71%]
backend/tests/test_store_delivery_driver_security.py::test_resolved_delivery_state_clears_active_exception_projections PASSED [ 72%]
backend/tests/test_store_delivery_driver_security.py::test_out_for_delivery_can_be_reasserted_to_resume_after_exception PASSED [ 72%]
backend/tests/test_store_delivery_operational_v2_contract.py::test_operational_v2_true_barcode_match_excludes_order_numbers PASSED [ 72%]
backend/tests/test_store_delivery_operational_v2_contract.py::test_operational_v2_receive_session_payload_is_barcode_only PASSED [ 72%]
backend/tests/test_store_delivery_operational_v2_contract.py::test_operational_v2_assigned_can_be_received_or_delivered_in_one_flow PASSED [ 72%]
backend/tests/test_store_delivery_operational_v2_contract.py::test_operational_v2_exception_codes_are_internal_customer_outcomes PASSED [ 72%]
backend/tests/test_store_delivery_operational_v2_contract.py::test_operational_v2_evidence_channels_are_distinct PASSED [ 72%]
backend/tests/test_store_delivery_operational_v2_contract.py::test_operational_v2_delivery_requires_independent_proof_field PASSED [ 72%]
backend/tests/test_store_delivery_operational_v2_contract.py::test_operational_v2_status_changes_can_bind_optional_conversation_evidence PASSED [ 72%]
backend/tests/test_store_delivery_operational_v2_contract.py::test_operational_v2_salla_write_is_verified_by_readback[delivering-delivering] PASSED [ 72%]
backend/tests/test_store_delivery_operational_v2_contract.py::test_operational_v2_salla_write_is_verified_by_readback[delivered-delivered] PASSED [ 72%]
backend/tests/test_store_delivery_operational_v2_contract.py::test_operational_v2_router_exposes_simplified_courier_paths PASSED [ 72%]
backend/tests/test_store_delivery_operational_v2_contract.py::test_operational_v2_report_contract_exposes_receipt_and_delivery_proof_rows PASSED [ 72%]
backend/tests/test_store_delivery_operational_v2_contract.py::test_operational_v2_delivery_finance_is_operational_only_until_dedicated_mz2_link PASSED [ 72%]
backend/tests/test_store_delivery_operational_v2_contract.py::test_operational_v2_settlements_do_not_post_accounting_or_mutate_bank_balance PASSED [ 72%]
backend/tests/test_store_delivery_operational_v2_contract.py::test_operational_v2_internal_exceptions_never_call_salla PASSED [ 72%]
backend/tests/test_store_delivery_payment_evidence.py::test_authoritative_remaining_amount_is_primary PASSED [ 72%]
backend/tests/test_store_delivery_payment_evidence.py::test_authoritative_explicit_zero_is_valid PASSED [ 72%]
backend/tests/test_store_delivery_payment_evidence.py::test_authoritative_uncollected_cod_uses_same_total_fallback_as_order_review PASSED [ 72%]
backend/tests/test_store_delivery_payment_evidence.py::test_authoritative_cod_fallback_does_not_override_paid_order PASSED [ 72%]
backend/tests/test_store_delivery_payment_evidence.py::test_authoritative_total_minus_paid_fallback PASSED [ 72%]
backend/tests/test_store_delivery_payment_evidence.py::test_paid_status_is_zero_when_remaining_not_present PASSED [ 72%]
backend/tests/test_store_delivery_payment_evidence.py::test_missing_authoritative_amount_fails_closed PASSED [ 73%]
backend/tests/test_store_delivery_payment_evidence.py::test_receipt_signature_detection PASSED [ 73%]
backend/tests/test_store_delivery_payment_evidence.py::test_delivery_evidence_channels_are_distinct PASSED [ 73%]
backend/tests/test_supplier_debit_identity_v2.py::DebitIdentityTests::test_deleted_canonical_source_rejected_before_mapping PASSED [ 73%]
backend/tests/test_supplier_debit_identity_v2.py::DebitIdentityTests::test_disabled_variant_never_falls_back PASSED [ 73%]
backend/tests/test_supplier_debit_identity_v2.py::DebitIdentityTests::test_expense_requires_independent_active_confirmed_identity PASSED [ 73%]
backend/tests/test_supplier_debit_identity_v2.py::DebitIdentityTests::test_foreign_owner_mapping_is_not_available PASSED [ 73%]
backend/tests/test_supplier_debit_identity_v2.py::DebitIdentityTests::test_lifecycle_timestamps_and_invalid_mapping_version_rejected PASSED [ 73%]
backend/tests/test_supplier_debit_identity_v2.py::DebitIdentityTests::test_no_mapping_has_named_gap_without_legacy_reads PASSED [ 73%]
backend/tests/test_supplier_debit_identity_v2.py::DebitIdentityTests::test_opening_line_must_belong_to_sealed_approved_preview PASSED [ 73%]
backend/tests/test_supplier_debit_identity_v2.py::DebitIdentityTests::test_service_has_no_product_default_fallback PASSED [ 73%]
backend/tests/test_supplier_debit_identity_v2.py::DebitIdentityTests::test_variant_wins_and_selected_opening_identity_is_revalidated PASSED [ 73%]
backend/tests/test_supplier_debit_identity_v2.py::test_expense_creation_confirmation_replay_and_changed_request_conflict PASSED [ 73%]
backend/tests/test_supplier_debit_identity_v2.py::test_management_requires_current_owner_despite_employee_permissions PASSED [ 73%]
backend/tests/test_supplier_debit_identity_v2.py::test_paused_setup_creates_expense_and_audit_without_changing_controls PASSED [ 73%]
backend/tests/test_supplier_debit_identity_v2.py::test_expense_version_disable_and_revalidation_at_resolution PASSED [ 73%]
backend/tests/test_supplier_debit_identity_v2.py::test_foreign_owner_cannot_read_or_change_expense_identity PASSED [ 73%]
backend/tests/test_supplier_debit_setup_atomic.py::test_forbidden_write_aborts_all_effects_even_if_caught[False-accounting_general_ledger_v2-insert_one] PASSED [ 73%]
backend/tests/test_supplier_debit_setup_atomic.py::test_forbidden_write_aborts_all_effects_even_if_caught[False-accounting_journal_groups_v2-insert_one] PASSED [ 73%]
backend/tests/test_supplier_debit_setup_atomic.py::test_forbidden_write_aborts_all_effects_even_if_caught[False-general_ledger-insert_one] PASSED [ 73%]
backend/tests/test_supplier_debit_setup_atomic.py::test_forbidden_write_aborts_all_effects_even_if_caught[False-accounts-insert_one] PASSED [ 73%]
backend/tests/test_supplier_debit_setup_atomic.py::test_forbidden_write_aborts_all_effects_even_if_caught[False-mz2_financial_accounts-insert_one] PASSED [ 73%]
backend/tests/test_supplier_debit_setup_atomic.py::test_forbidden_write_aborts_all_effects_even_if_caught[False-mz2_opening_balance_drafts-insert_one] PASSED [ 74%]
backend/tests/test_supplier_debit_setup_atomic.py::test_forbidden_write_aborts_all_effects_even_if_caught[False-mz2_atomic_owners-update_one] PASSED [ 74%]
backend/tests/test_supplier_debit_setup_atomic.py::test_forbidden_write_aborts_all_effects_even_if_caught[False-users-update_one] PASSED [ 74%]
backend/tests/test_supplier_debit_setup_atomic.py::test_forbidden_write_aborts_all_effects_even_if_caught[False-mezan_supplier_invoices_v2-insert_one] PASSED [ 74%]
backend/tests/test_supplier_debit_setup_atomic.py::test_forbidden_write_aborts_all_effects_even_if_caught[False-mezan_supplier_receiving_sessions_v1-update_one] PASSED [ 74%]
backend/tests/test_supplier_debit_setup_atomic.py::test_forbidden_write_aborts_all_effects_even_if_caught[False-mz2_write_control_audit-insert_one] PASSED [ 74%]
backend/tests/test_supplier_debit_setup_atomic.py::test_forbidden_write_aborts_all_effects_even_if_caught[False-mz2_supplier_debit_identity_audit_v2-update_one] PASSED [ 74%]
backend/tests/test_supplier_debit_setup_atomic.py::test_forbidden_write_aborts_all_effects_even_if_caught[False-mz2_supplier_debit_identity_audit_v2-replace_one] PASSED [ 74%]
backend/tests/test_supplier_debit_setup_atomic.py::test_forbidden_write_aborts_all_effects_even_if_caught[False-mz2_supplier_debit_identity_audit_v2-delete_many] PASSED [ 74%]
backend/tests/test_supplier_debit_setup_atomic.py::test_forbidden_write_aborts_all_effects_even_if_caught[False-mz2_supplier_debit_mappings_v2-delete_many] PASSED [ 74%]
backend/tests/test_supplier_debit_setup_atomic.py::test_forbidden_write_aborts_all_effects_even_if_caught[True-accounting_general_ledger_v2-insert_one] PASSED [ 74%]
backend/tests/test_supplier_debit_setup_atomic.py::test_forbidden_write_aborts_all_effects_even_if_caught[True-accounting_journal_groups_v2-insert_one] PASSED [ 74%]
backend/tests/test_supplier_debit_setup_atomic.py::test_forbidden_write_aborts_all_effects_even_if_caught[True-general_ledger-insert_one] PASSED [ 74%]
backend/tests/test_supplier_debit_setup_atomic.py::test_forbidden_write_aborts_all_effects_even_if_caught[True-accounts-insert_one] PASSED [ 74%]
backend/tests/test_supplier_debit_setup_atomic.py::test_forbidden_write_aborts_all_effects_even_if_caught[True-mz2_financial_accounts-insert_one] PASSED [ 74%]
backend/tests/test_supplier_debit_setup_atomic.py::test_forbidden_write_aborts_all_effects_even_if_caught[True-mz2_opening_balance_drafts-insert_one] PASSED [ 74%]
backend/tests/test_supplier_debit_setup_atomic.py::test_forbidden_write_aborts_all_effects_even_if_caught[True-mz2_atomic_owners-update_one] PASSED [ 74%]
backend/tests/test_supplier_debit_setup_atomic.py::test_forbidden_write_aborts_all_effects_even_if_caught[True-users-update_one] PASSED [ 74%]
backend/tests/test_supplier_debit_setup_atomic.py::test_forbidden_write_aborts_all_effects_even_if_caught[True-mezan_supplier_invoices_v2-insert_one] PASSED [ 74%]
backend/tests/test_supplier_debit_setup_atomic.py::test_forbidden_write_aborts_all_effects_even_if_caught[True-mezan_supplier_receiving_sessions_v1-update_one] PASSED [ 74%]
backend/tests/test_supplier_debit_setup_atomic.py::test_forbidden_write_aborts_all_effects_even_if_caught[True-mz2_write_control_audit-insert_one] PASSED [ 74%]
backend/tests/test_supplier_debit_setup_atomic.py::test_forbidden_write_aborts_all_effects_even_if_caught[True-mz2_supplier_debit_identity_audit_v2-update_one] PASSED [ 75%]
backend/tests/test_supplier_debit_setup_atomic.py::test_forbidden_write_aborts_all_effects_even_if_caught[True-mz2_supplier_debit_identity_audit_v2-replace_one] PASSED [ 75%]
backend/tests/test_supplier_debit_setup_atomic.py::test_forbidden_write_aborts_all_effects_even_if_caught[True-mz2_supplier_debit_identity_audit_v2-delete_many] PASSED [ 75%]
backend/tests/test_supplier_debit_setup_atomic.py::test_forbidden_write_aborts_all_effects_even_if_caught[True-mz2_supplier_debit_mappings_v2-delete_many] PASSED [ 75%]
backend/tests/test_supplier_debit_setup_atomic.py::test_escape_and_owner_scope_denials_are_latched[_db] PASSED [ 75%]
backend/tests/test_supplier_debit_setup_atomic.py::test_escape_and_owner_scope_denials_are_latched[_session] PASSED [ 75%]
backend/tests/test_supplier_debit_setup_atomic.py::test_escape_and_owner_scope_denials_are_latched[client] PASSED [ 75%]
backend/tests/test_supplier_debit_setup_atomic.py::test_escape_and_owner_scope_denials_are_latched[command] PASSED [ 75%]
backend/tests/test_supplier_debit_setup_atomic.py::test_escape_and_owner_scope_denials_are_latched[get_collection] PASSED [ 75%]
backend/tests/test_supplier_debit_setup_atomic.py::test_escape_and_owner_scope_denials_are_latched[collection] PASSED [ 75%]
backend/tests/test_supplier_debit_setup_atomic.py::test_escape_and_owner_scope_denials_are_latched[aggregate] PASSED [ 75%]
backend/tests/test_supplier_debit_setup_atomic.py::test_escape_and_owner_scope_denials_are_latched[session_kwarg] PASSED [ 75%]
backend/tests/test_supplier_debit_setup_atomic.py::test_escape_and_owner_scope_denials_are_latched[foreign_insert] PASSED [ 75%]
backend/tests/test_supplier_debit_setup_atomic.py::test_escape_and_owner_scope_denials_are_latched[foreign_replace] PASSED [ 75%]
backend/tests/test_supplier_debit_setup_atomic.py::test_escape_and_owner_scope_denials_are_latched[owner_update] PASSED [ 75%]
backend/tests/test_supplier_debit_setup_atomic.py::test_escape_and_owner_scope_denials_are_latched[pipeline_update] PASSED [ 75%]
backend/tests/test_supplier_debit_setup_atomic.py::test_escape_and_owner_scope_denials_are_latched[nested_financial] PASSED [ 75%]
backend/tests/test_supplier_debit_setup_atomic.py::test_escape_and_owner_scope_denials_are_latched[nested_setup] PASSED [ 75%]
backend/tests/test_supplier_debit_setup_atomic.py::test_escape_and_owner_scope_denials_are_latched[unapproved_read] PASSED [ 75%]
backend/tests/test_supplier_debit_setup_atomic.py::test_escape_and_owner_scope_denials_are_latched[unapproved_journal_metadata] PASSED [ 75%]
backend/tests/test_supplier_debit_setup_atomic.py::test_escape_and_owner_scope_denials_are_latched[forged_cutover] PASSED [ 75%]
backend/tests/test_supplier_debit_setup_atomic.py::test_escape_and_owner_scope_denials_are_latched[nested_write_control] PASSED [ 75%]
backend/tests/test_supplier_debit_setup_atomic.py::test_capability_cannot_write_after_callback_returns PASSED [ 76%]
backend/tests/test_supplier_debit_setup_atomic.py::test_paused_product_mapping_create_update_and_audit_use_approved_opening PASSED [ 76%]
backend/tests/test_supplier_debit_setup_atomic.py::test_concurrent_paused_setup_serializes_and_preserves_controls PASSED [ 76%]
backend/tests/test_supplier_debit_setup_atomic.py::test_new_owner_setup_does_not_bootstrap_financial_controls PASSED [ 76%]
backend/tests/test_supplier_debit_setup_atomic.py::test_setup_and_write_control_share_the_same_serialization_lock PASSED [ 76%]
backend/tests/test_supplier_debit_setup_atomic.py::test_preopening_reviewed_identity_is_setup_only_not_posting_authority PASSED [ 76%]
backend/tests/test_supplier_dispatch_remaining_pdf.py::test_receipt_history_for_same_supplier_removes_piece_from_remaining_pdf PASSED [ 76%]
backend/tests/test_supplier_dispatch_remaining_pdf.py::test_receipt_history_for_other_supplier_does_not_close_original_supplier_without_match PASSED [ 76%]
backend/tests/test_supplier_dispatch_remaining_pdf.py::test_legacy_received_marker_for_same_dispatch_is_accepted PASSED [ 76%]
backend/tests/test_supplier_dispatch_remaining_pdf.py::test_received_marker_from_another_dispatch_does_not_hide_piece PASSED [ 76%]
backend/tests/test_supplier_dispatch_remaining_pdf.py::test_remaining_dispatch_pieces_keeps_only_unreceived_physical_pieces PASSED [ 76%]
backend/tests/test_supplier_dispatch_remaining_pdf.py::test_completed_dispatch_has_no_remaining_pieces PASSED [ 76%]
backend/tests/test_supplier_invoice_financial_integrity.py::test_exact_amount_actor_tenant_readback_and_presentation_source[amounts0-False] PASSED [ 76%]
backend/tests/test_supplier_invoice_financial_integrity.py::test_exact_amount_actor_tenant_readback_and_presentation_source[amounts1-False] PASSED [ 76%]
backend/tests/test_supplier_invoice_financial_integrity.py::test_exact_amount_actor_tenant_readback_and_presentation_source[amounts2-True] PASSED [ 76%]
backend/tests/test_supplier_invoice_financial_integrity.py::test_presentation_rereads_saved_invoice_and_ignores_independent_draft_values PASSED [ 76%]
backend/tests/test_supplier_invoice_financial_integrity.py::test_missing_or_foreign_invoice_never_reaches_presentation_generator PASSED [ 76%]
backend/tests/test_supplier_invoice_financial_integrity.py::test_presentation_failure_does_not_change_posted_invoice_or_ledger PASSED [ 76%]
backend/tests/test_supplier_invoice_financial_integrity.py::test_zero_total_has_no_business_writes PASSED [ 76%]
backend/tests/test_supplier_invoice_financial_integrity.py::test_confirmed_amount_or_selected_supplier_mismatch[confirmed_total_halalas-2099] PASSED [ 76%]
backend/tests/test_supplier_invoice_financial_integrity.py::test_confirmed_amount_or_selected_supplier_mismatch[expected_supplier_id-other] PASSED [ 76%]
backend/tests/test_supplier_invoice_financial_integrity.py::test_invoice_insert_failure_rolls_back_ledger PASSED [ 76%]
backend/tests/test_supplier_invoice_financial_integrity.py::test_ledger_failure_rolls_back_everything PASSED [ 77%]
backend/tests/test_supplier_invoice_financial_integrity.py::test_persisted_corruption_before_commit_rolls_back[amount] PASSED [ 77%]
backend/tests/test_supplier_invoice_financial_integrity.py::test_persisted_corruption_before_commit_rolls_back[supplier] PASSED [ 77%]
backend/tests/test_supplier_invoice_financial_integrity.py::test_persisted_corruption_before_commit_rolls_back[session_total] PASSED [ 77%]
backend/tests/test_supplier_invoice_financial_integrity.py::test_persisted_corruption_before_commit_rolls_back[invoice_total] PASSED [ 77%]
backend/tests/test_supplier_invoice_financial_integrity.py::test_persisted_corruption_before_commit_rolls_back[invoice_supplier] PASSED [ 77%]
backend/tests/test_supplier_invoice_financial_integrity.py::test_persisted_corruption_before_commit_rolls_back[missing_flags] PASSED [ 77%]
backend/tests/test_supplier_invoice_financial_integrity.py::test_persisted_corruption_before_commit_rolls_back[missing_group] PASSED [ 77%]
backend/tests/test_supplier_invoice_financial_integrity.py::test_persisted_corruption_before_commit_rolls_back[missing_invoice] PASSED [ 77%]
backend/tests/test_supplier_invoice_financial_integrity.py::test_persisted_corruption_before_commit_rolls_back[missing_summary] PASSED [ 77%]
backend/tests/test_supplier_invoice_financial_integrity.py::test_persisted_corruption_before_commit_rolls_back[second_group] PASSED [ 77%]
backend/tests/test_supplier_invoice_financial_integrity.py::test_persisted_corruption_before_commit_rolls_back[debit] PASSED [ 77%]
backend/tests/test_supplier_invoice_financial_integrity.py::test_persisted_corruption_before_commit_rolls_back[currency] PASSED [ 77%]
backend/tests/test_supplier_invoice_financial_integrity.py::test_persisted_corruption_before_commit_rolls_back[actor] PASSED [ 77%]
backend/tests/test_supplier_invoice_financial_integrity.py::test_lost_response_read_and_duplicate_close_one_group PASSED [ 77%]
backend/tests/test_supplier_invoice_financial_integrity.py::test_concurrent_close_one_invoice PASSED [ 77%]
backend/tests/test_supplier_invoice_financial_integrity.py::test_closed_without_invoice_is_not_success_and_not_repaired PASSED [ 77%]
backend/tests/test_supplier_invoice_financial_integrity.py::test_read_and_presentation_reject_corrupt_persisted_new_invoice_without_repair PASSED [ 77%]
backend/tests/test_supplier_invoice_service_candidates.py::test_service_candidates_exclude_product_and_option_links PASSED [ 77%]
backend/tests/test_supplier_invoice_service_eligibility.py::test_product_link_not_selected_by_customer_is_hidden_from_invoice PASSED [ 77%]
backend/tests/test_supplier_invoice_service_eligibility.py::test_explicit_empty_invoice_services_never_falls_back_to_product_services PASSED [ 77%]
backend/tests/test_supplier_invoice_service_eligibility.py::test_service_selection_is_optional_for_supplier_receipt PASSED [ 77%]
backend/tests/test_supplier_invoice_service_eligibility.py::test_future_piece_marks_permanent_service_but_not_ordinary_product_link PASSED [ 78%]
backend/tests/test_supplier_invoice_service_eligibility.py::test_permanent_snapshot_is_pending_and_invoice_required PASSED [ 78%]
backend/tests/test_supplier_invoice_service_eligibility.py::test_customer_selected_service_does_not_require_supplier_assignment PASSED [ 78%]
backend/tests/test_supplier_invoice_service_eligibility.py::test_hidden_product_service_remains_pending_when_not_invoiced PASSED [ 78%]
backend/tests/test_supplier_invoice_service_eligibility.py::test_permanent_service_selector_excludes_invoiced_and_received_pieces PASSED [ 78%]
backend/tests/test_supplier_invoice_service_eligibility.py::test_invoice_close_cannot_bypass_permanent_service_endpoint PASSED [ 78%]
backend/tests/test_supplier_multi_supplier_lifecycle.py::test_partially_completed_piece_is_assigned_during_second_supplier_receipt PASSED [ 78%]
backend/tests/test_supplier_multi_supplier_lifecycle.py::test_second_supplier_invoice_charges_selected_service_only PASSED [ 78%]
backend/tests/test_supplier_native_invoice_v2.py::test_product_mapping_exact_balanced_native_legs_and_zero_legacy_access PASSED [ 78%]
backend/tests/test_supplier_native_invoice_v2.py::test_variant_specific_overrides_product_mapping PASSED [ 78%]
backend/tests/test_supplier_native_invoice_v2.py::test_service_explicit_financial_treatment[CAPITALIZE_TO_INVENTORY-inventory-variant-asset-inventory] PASSED [ 78%]
backend/tests/test_supplier_native_invoice_v2.py::test_service_explicit_financial_treatment[EXPENSE-expense-main-expense-None] PASSED [ 78%]
backend/tests/test_supplier_native_invoice_v2.py::test_missing_mapping_fails_closed[False-MZ2_SUPPLIER_PRODUCT_DEBIT_IDENTITY_REQUIRED] PASSED [ 78%]
backend/tests/test_supplier_native_invoice_v2.py::test_missing_mapping_fails_closed[True-MZ2_SUPPLIER_SERVICE_DEBIT_IDENTITY_REQUIRED] PASSED [ 78%]
backend/tests/test_supplier_native_invoice_v2.py::test_foreign_mapping_not_accepted PASSED [ 78%]
backend/tests/test_supplier_native_invoice_v2.py::test_inactive_or_deleted_referenced_expense_rejected_at_posting[False] PASSED [ 78%]
backend/tests/test_supplier_native_invoice_v2.py::test_inactive_or_deleted_referenced_expense_rejected_at_posting[True] PASSED [ 78%]
backend/tests/test_supplier_native_invoice_v2.py::test_invoice_total_must_equal_exact_line_debits PASSED [ 78%]
backend/tests/test_supplier_native_invoice_v2.py::test_tax_without_purchase_contract_fails_closed PASSED [ 78%]
backend/tests/test_supplier_native_invoice_v2.py::test_same_retry_and_concurrent_retry_single_native_journal PASSED [ 78%]
backend/tests/test_supplier_native_invoice_v2.py::test_same_operation_changed_economics_conflict PASSED [ 78%]
backend/tests/test_supplier_native_invoice_v2.py::test_legacy_only_supplier_is_rejected PASSED [ 79%]
backend/tests/test_supplier_native_invoice_v2.py::test_pause_blocks_all_native_effects PASSED [ 79%]
backend/tests/test_supplier_native_invoice_v2.py::test_failure_after_journal_rolls_back_invoice_journal_and_audit PASSED [ 79%]
backend/tests/test_supplier_native_invoice_v2.py::test_closed_period_is_not_moved_to_another_date PASSED [ 79%]
backend/tests/test_supplier_native_invoice_v2.py::test_explicit_input_vat_requires_evidence_and_posts_exact_tax_identity PASSED [ 79%]
backend/tests/test_supplier_native_invoice_v2.py::test_changed_opening_manifest_does_not_authorize_invented_inventory_account PASSED [ 79%]
backend/tests/test_supplier_native_invoice_v2.py::test_real_concurrent_close_and_replay_commit_one_invoice_no_legacy PASSED [ 79%]
backend/tests/test_supplier_native_invoice_v2.py::test_real_close_missing_mapping_rolls_back_receiving_effects PASSED [ 79%]
backend/tests/test_supplier_native_invoice_v2.py::test_explicit_audited_store_default_inventory_mapping PASSED [ 79%]
backend/tests/test_supplier_native_invoice_v2.py::test_cutover_readiness_cannot_be_bypassed_by_valid_mappings PASSED [ 79%]
backend/tests/test_supplier_native_invoice_v2.py::test_post_reloads_permission_in_transaction PASSED [ 79%]
backend/tests/test_supplier_native_invoice_v2.py::test_reversal_endpoint_fail_closed_keeps_original_invoice_immutable PASSED [ 79%]
backend/tests/test_supplier_native_invoice_v2.py::test_out_of_band_native_reversal_requires_reconciliation_on_read PASSED [ 79%]
backend/tests/test_supplier_receiving.py::test_mobile_merchant_principal_restores_real_employee_draft_identity PASSED [ 79%]
backend/tests/test_supplier_receiving.py::test_supplier_invoice_reads_and_share_writes_are_employee_owned PASSED [ 79%]
backend/tests/test_supplier_receiving.py::test_mobile_supplier_invoice_history_is_personal_and_share_management_stays_actor_owned PASSED [ 79%]
backend/tests/test_supplier_receiving.py::test_catalog_keeps_both_active_draft_and_closed_invoices_private PASSED [ 79%]
backend/tests/test_supplier_receiving.py::test_supplier_order_fallback_picker_is_read_only_and_freezes_invalid_pieces PASSED [ 79%]
backend/tests/test_supplier_receiving.py::test_piece_barcode_round_trips_the_materialized_piece_identity PASSED [ 79%]
backend/tests/test_supplier_receiving.py::test_batch_pdf_line_uses_unique_piece_barcode_not_order_number PASSED [ 79%]
backend/tests/test_supplier_receiving.py::test_multi_quantity_batch_card_uses_first_piece_as_its_scan_anchor PASSED [ 79%]
backend/tests/test_supplier_receiving.py::test_supplier_reassignment_requires_an_explicit_scan_confirmation PASSED [ 79%]
backend/tests/test_supplier_receiving.py::test_receiving_rejects_duplicate_cancelled_and_blocked_pieces PASSED [ 80%]
backend/tests/test_supplier_receiving.py::test_scan_only_reserves_piece_without_recording_supplier_completion PASSED [ 80%]
backend/tests/test_supplier_receiving.py::test_partial_piece_is_directly_assigned_to_receiving_supplier PASSED [ 80%]
backend/tests/test_supplier_receiving.py::test_partial_piece_is_scan_candidate_for_next_supplier_without_reassignment PASSED [ 80%]
backend/tests/test_supplier_receiving.py::test_receipt_cancel_snapshot_restores_the_exact_previous_piece_state PASSED [ 80%]
backend/tests/test_supplier_receiving.py::test_supplier_service_selection_is_optional_and_not_limited_to_supplier_links PASSED [ 80%]
backend/tests/test_supplier_receiving.py::test_supplier_may_perform_one_service_from_a_product_group PASSED [ 80%]
backend/tests/test_supplier_receiving.py::test_quantity_candidates_are_limited_to_the_same_exact_card PASSED [ 80%]
backend/tests/test_supplier_receiving.py::test_supplier_reference_price_uses_service_quantity_and_flags_missing_costs PASSED [ 80%]
backend/tests/test_supplier_receiving.py::test_invoice_draft_separates_product_and_service_prices PASSED [ 80%]
backend/tests/test_supplier_receiving.py::test_invoice_draft_allows_normally_priced_product_without_services PASSED [ 80%]
backend/tests/test_supplier_receiving.py::test_second_supplier_invoice_rejects_product_price_and_charges_service_only PASSED [ 80%]
backend/tests/test_supplier_receiving.py::test_supplier_invoice_pdf_contains_a_valid_pdf_document PASSED [ 80%]
backend/tests/test_supplier_receiving.py::test_share_artifacts_use_supplier_name_and_validate_image_signature PASSED [ 80%]
backend/tests/test_supplier_receiving.py::test_invoice_rejects_grouping_pieces_with_different_pending_services PASSED [ 80%]
backend/tests/test_supplier_receiving.py::test_price_overrides_require_permissions_and_additions_use_dedicated_route PASSED [ 80%]
backend/tests/test_supplier_receiving.py::test_service_completion_keeps_unfinished_group_services_open PASSED [ 80%]
backend/tests/test_supplier_receiving.py::test_mezan_supplier_invoice_posts_balanced_payable_ledger_legs_in_transaction PASSED [ 80%]
backend/tests/test_supplier_receiving.py::test_router_exposes_catalog_open_scan_get_and_close_contracts PASSED [ 80%]
backend/tests/test_supplier_receiving.py::test_scan_reserves_then_close_posts_one_atomic_mezan_accounting_invoice PASSED [ 80%]
backend/tests/test_supplier_receiving.py::test_supplier_product_price_is_mezan_only_and_never_uses_salla PASSED [ 80%]
backend/tests/test_supplier_receiving.py::test_supplier_product_lookup_ignores_salla_cost_when_mezan_cost_is_missing PASSED [ 80%]
backend/tests/test_supplier_receiving.py::test_supplier_invoice_rejects_stale_salla_product_reference PASSED [ 81%]
backend/tests/test_supplier_receiving.py::test_authorised_manual_price_replaces_stale_salla_reference_and_updates_mezan PASSED [ 81%]
backend/tests/test_tiktok_native_reporting.py::test_native_reporting_persists_only_source_rows PASSED [ 81%]
backend/tests/test_tiktok_native_reporting.py::test_reporting_fails_closed_when_safety_flag_is_off PASSED [ 81%]
backend/tests/test_tiktok_native_reporting.py::test_async_job_persists_terminal_result PASSED [ 81%]
backend/tests/test_tiktok_native_reporting.py::test_active_job_is_reused PASSED [ 81%]
backend/tests/test_track_g_native_reports.py::test_no_legacy_read_and_native_reconciliation PASSED [ 81%]
backend/tests/test_track_g_native_reports.py::test_legacy_state_has_no_fallback PASSED [ 81%]
backend/tests/test_track_g_native_reports.py::test_unknown_identity_blocks_all_totals[bank-foreign-main] PASSED [ 81%]
backend/tests/test_track_g_native_reports.py::test_unknown_identity_blocks_all_totals[asset-free-text-deposit] PASSED [ 81%]
backend/tests/test_track_g_native_reports.py::test_unknown_identity_blocks_all_totals[supplier-legacy-payable] PASSED [ 81%]
backend/tests/test_track_g_native_reports.py::test_unknown_identity_blocks_all_totals[equity-unknown-main] PASSED [ 81%]
backend/tests/test_track_g_native_reports.py::test_native_employee_supplier_external_and_tax_stay_separate PASSED [ 81%]
backend/tests/test_track_g_native_reports.py::test_missing_is_not_zero_and_explicit_zero_is_preserved PASSED [ 81%]
backend/tests/test_track_g_native_reports.py::test_typed_fact_identity_required_not_just_generic_subaccount PASSED [ 81%]
backend/tests/test_track_g_native_reports.py::test_real_mongo_native_integrity_and_reconciliation PASSED [ 81%]
backend/tests/test_track_g_native_reports.py::test_empty_verified_scope_cannot_fabricate_zero PASSED [ 81%]
backend/tests/test_track_g_native_reports.py::test_foreign_and_inactive_native_identity_never_resolves[other-owner-active-mezan_employees_v2-employee-advance] PASSED [ 81%]
backend/tests/test_track_g_native_reports.py::test_foreign_and_inactive_native_identity_never_resolves[other-owner-active-mezan_suppliers_v2-supplier-payable] PASSED [ 81%]
backend/tests/test_track_g_native_reports.py::test_foreign_and_inactive_native_identity_never_resolves[other-owner-active-mz2_external_persons_v2-external_person-receivable] PASSED [ 81%]
backend/tests/test_track_g_native_reports.py::test_foreign_and_inactive_native_identity_never_resolves[owner-inactive-mezan_employees_v2-employee-advance] PASSED [ 81%]
backend/tests/test_track_g_native_reports.py::test_foreign_and_inactive_native_identity_never_resolves[owner-inactive-mezan_suppliers_v2-supplier-payable] PASSED [ 81%]
backend/tests/test_track_g_native_reports.py::test_foreign_and_inactive_native_identity_never_resolves[owner-inactive-mz2_external_persons_v2-external_person-receivable] PASSED [ 82%]
backend/tests/test_track_g_native_reports.py::test_readiness_port_reports_exact_identity_and_unopened_book PASSED [ 82%]
backend/tests/test_track_g_native_reports.py::test_employee_missing_or_different_financial_mapping_is_readiness_blocker[None] PASSED [ 82%]
backend/tests/test_track_g_native_reports.py::test_employee_missing_or_different_financial_mapping_is_readiness_blocker[legacy-employee-id] PASSED [ 82%]
backend/tests/test_mz2_shipping_current_carrier.py::test_current_native_imile_evidence_is_valid PASSED [ 82%]
backend/tests/test_mz2_shipping_current_carrier.py::test_invalid_or_stale_current_shipping_cannot_authorize_fee[changes0-shipping_current_store_driver_no_courier_fee] PASSED [ 82%]
backend/tests/test_mz2_shipping_current_carrier.py::test_invalid_or_stale_current_shipping_cannot_authorize_fee[changes1-shipping_current_carrier_conflict] PASSED [ 82%]
backend/tests/test_mz2_shipping_current_carrier.py::test_invalid_or_stale_current_shipping_cannot_authorize_fee[changes2-shipping_current_shipment_inactive] PASSED [ 82%]
backend/tests/test_mz2_shipping_current_carrier.py::test_invalid_or_stale_current_shipping_cannot_authorize_fee[changes3-shipping_current_shipment_inactive] PASSED [ 82%]
backend/tests/test_mz2_shipping_current_carrier.py::test_invalid_or_stale_current_shipping_cannot_authorize_fee[changes4-shipping_current_shipment_inactive] PASSED [ 82%]
backend/tests/test_mz2_shipping_current_carrier.py::test_invalid_or_stale_current_shipping_cannot_authorize_fee[changes5-shipping_current_shipment_inactive] PASSED [ 82%]
backend/tests/test_mz2_shipping_current_carrier.py::test_invalid_or_stale_current_shipping_cannot_authorize_fee[changes6-shipping_current_shipment_inactive] PASSED [ 82%]
backend/tests/test_mz2_shipping_current_carrier.py::test_invalid_or_stale_current_shipping_cannot_authorize_fee[changes7-shipping_current_shipment_inactive] PASSED [ 82%]
backend/tests/test_mz2_shipping_current_carrier.py::test_invalid_or_stale_current_shipping_cannot_authorize_fee[changes8-shipping_current_shipment_evidence_required] PASSED [ 82%]
backend/tests/test_mz2_shipping_current_carrier.py::test_invalid_or_stale_current_shipping_cannot_authorize_fee[changes9-shipping_current_shipment_evidence_required] PASSED [ 82%]
backend/tests/test_mz2_shipping_current_carrier.py::test_invalid_or_stale_current_shipping_cannot_authorize_fee[changes10-shipping_current_shipment_evidence_required] PASSED [ 82%]
backend/tests/test_mz2_shipping_current_carrier.py::test_invalid_or_stale_current_shipping_cannot_authorize_fee[changes11-shipping_current_shipment_evidence_required] PASSED [ 82%]
backend/tests/test_mz2_shipping_current_carrier.py::test_invalid_or_stale_current_shipping_cannot_authorize_fee[changes12-shipping_current_carrier_unresolved] PASSED [ 82%]
backend/tests/test_mz2_shipping_current_carrier.py::test_invalid_or_stale_current_shipping_cannot_authorize_fee[changes13-shipping_current_carrier_unresolved] PASSED [ 82%]
backend/tests/test_mz2_shipping_current_carrier.py::test_invalid_or_stale_current_shipping_cannot_authorize_fee[changes14-shipping_current_carrier_unresolved] PASSED [ 82%]
backend/tests/test_mz2_shipping_current_carrier.py::test_invalid_or_stale_current_shipping_cannot_authorize_fee[changes15-shipping_current_carrier_unresolved] PASSED [ 82%]
backend/tests/test_mz2_shipping_current_carrier.py::test_invalid_or_stale_current_shipping_cannot_authorize_fee[changes16-shipping_current_carrier_unresolved] PASSED [ 83%]
backend/tests/test_mz2_shipping_current_carrier.py::test_missing_or_ambiguous_current_order_fails_closed PASSED [ 83%]
backend/tests/test_mz2_shipping_current_carrier.py::test_missing_native_binding_or_conflicting_roots_fails_closed PASSED [ 83%]
backend/tests/test_mz2_shipping_current_carrier.py::test_capture_binds_the_current_shipment_and_preserves_cod_facts PASSED [ 83%]
backend/tests/test_mz2_shipping_current_carrier.py::test_capture_requires_consistent_outbound_payload_proof[returned] PASSED [ 83%]
backend/tests/test_mz2_shipping_current_carrier.py::test_capture_requires_consistent_outbound_payload_proof[archived] PASSED [ 83%]
backend/tests/test_mz2_shipping_current_carrier.py::test_capture_requires_consistent_outbound_payload_proof[conflicting_awb] PASSED [ 83%]
backend/tests/test_mz2_shipping_current_carrier.py::test_capture_requires_consistent_outbound_payload_proof[conflicting_carrier] PASSED [ 83%]
backend/tests/test_mz2_shipping_current_carrier.py::test_capture_requires_consistent_outbound_payload_proof[multiple_representations] PASSED [ 83%]
backend/tests/test_mz2_shipping_current_carrier.py::test_existing_imported_preparation_uses_approved_current_rate_only PASSED [ 83%]
backend/tests/test_mz2_shipping_current_carrier.py::test_existing_imported_preparation_rejects_old_evidence[store_driver] PASSED [ 83%]
backend/tests/test_mz2_shipping_current_carrier.py::test_existing_imported_preparation_rejects_old_evidence[smsa] PASSED [ 83%]
backend/tests/test_mz2_shipping_current_carrier.py::test_existing_imported_preparation_rejects_old_evidence[replacement] PASSED [ 83%]
backend/tests/test_mz2_shipping_current_carrier.py::test_existing_imported_preparation_rejects_old_evidence[missing] PASSED [ 83%]
backend/tests/test_mz2_shipping_current_carrier.py::test_imported_posted_replay_ignores_carrier_change_without_rewriting PASSED [ 83%]
backend/tests/test_mz2_shipping_current_carrier.py::test_inactive_imported_evidence_cannot_prepare_new_fee[archived] PASSED [ 83%]
backend/tests/test_mz2_shipping_current_carrier.py::test_inactive_imported_evidence_cannot_prepare_new_fee[superseded] PASSED [ 83%]
backend/tests/test_mz2_shipping_current_carrier.py::test_inactive_imported_evidence_cannot_prepare_new_fee[cancelled] PASSED [ 83%]
backend/tests/test_mz2_shipping_current_carrier.py::test_inactive_imported_evidence_cannot_prepare_new_fee[returned] PASSED [ 83%]
backend/tests/test_mz2_shipping_current_carrier.py::test_imported_reused_waybill_needs_current_shipment_identity PASSED [ 83%]
backend/tests/test_mz2_shipping_current_carrier_native.py::test_native_current_imile_fee_uses_existing_v2_writer PASSED [ 83%]
backend/tests/test_mz2_shipping_current_carrier_native.py::test_native_old_imile_evidence_cannot_fee_store_driver PASSED [ 83%]
backend/tests/test_mz2_shipping_current_carrier_native.py::test_changed_imile_to_smsa_rejects_import_and_requires_current_smsa_proof PASSED [ 84%]
backend/tests/test_mz2_shipping_current_carrier_native.py::test_valid_current_smsa_can_fee_while_old_imile_import_is_preserved PASSED [ 84%]
backend/tests/test_mz2_shipping_current_carrier_native.py::test_inactive_or_replaced_same_carrier_shipment_cannot_create_new_fee[changes0] PASSED [ 84%]
backend/tests/test_mz2_shipping_current_carrier_native.py::test_inactive_or_replaced_same_carrier_shipment_cannot_create_new_fee[changes1] PASSED [ 84%]
backend/tests/test_mz2_shipping_current_carrier_native.py::test_inactive_or_replaced_same_carrier_shipment_cannot_create_new_fee[changes2] PASSED [ 84%]
backend/tests/test_mz2_shipping_current_carrier_native.py::test_inactive_or_replaced_same_carrier_shipment_cannot_create_new_fee[changes3] PASSED [ 84%]
backend/tests/test_mz2_shipping_current_carrier_native.py::test_inactive_or_replaced_same_carrier_shipment_cannot_create_new_fee[changes4] PASSED [ 84%]
backend/tests/test_mz2_shipping_current_carrier_native.py::test_posted_fee_replay_never_rewrites_history_after_carrier_change PASSED [ 84%]
backend/tests/test_mz2_shipping_current_carrier_native.py::test_missing_or_ambiguous_current_carrier_creates_no_fee[missing] PASSED [ 84%]
backend/tests/test_mz2_shipping_current_carrier_native.py::test_missing_or_ambiguous_current_carrier_creates_no_fee[ambiguous] PASSED [ 84%]
backend/tests/test_mz2_shipping_current_carrier_native.py::test_concurrent_fee_retries_produce_one_existing_v2_journal PASSED [ 84%]
backend/tests/test_mz2_shipping_current_carrier_native.py::test_latest_authorized_carrier_wins_over_late_old_provider_event PASSED [ 84%]
backend/tests/test_mz2_shipping_current_carrier_native.py::test_fee_waits_for_operational_carrier_commit_then_refuses_old_evidence PASSED [ 84%]
backend/tests/test_g47_current_shipping.py::CurrentShippingTransactionTests::test_carrier_update_remains_operational_when_finance_is_paused PASSED [ 84%]
backend/tests/test_g47_current_shipping.py::CurrentShippingTransactionTests::test_concurrent_first_intake_keeps_latest_carrier PASSED [ 84%]
backend/tests/test_g47_current_shipping.py::CurrentShippingTransactionTests::test_standalone_rejects_current_carrier_write_without_partial_order PASSED [ 84%]
backend/tests/test_salla_current_shipping.py::test_changed_carrier_updates_root_and_dto_even_after_make[False] PASSED [ 84%]
backend/tests/test_salla_current_shipping.py::test_changed_carrier_updates_root_and_dto_even_after_make[True] PASSED [ 84%]
backend/tests/test_salla_current_shipping.py::test_order_current_carrier_wins_over_cancelled_old_shipment PASSED [ 84%]
backend/tests/test_salla_current_shipping.py::test_old_and_sparse_snapshots_do_not_regress_new_carrier PASSED [ 84%]
backend/tests/test_salla_current_shipping.py::test_carrier_switch_clears_old_identity_and_label PASSED [ 84%]
backend/tests/test_salla_current_shipping.py::test_return_shipment_does_not_replace_outbound_carrier PASSED [ 84%]
backend/tests/test_salla_current_shipping.py::test_obsolete_shipment_cancellation_does_not_cancel_replacement PASSED [ 85%]
backend/tests/test_salla_current_shipping.py::test_current_shipping_reaches_repository_detail_and_list_projection PASSED [ 85%]
backend/tests/test_salla_current_shipping.py::test_code_only_new_carrier_does_not_resurrect_old_name PASSED [ 85%]
backend/tests/test_salla_current_shipping.py::test_salla_date_updated_is_a_provider_version PASSED [ 85%]
backend/tests/test_salla_current_shipping.py::test_new_shipment_cannot_inherit_old_delivery_status_or_label PASSED [ 85%]
backend/tests/test_salla_current_shipping.py::test_new_order_envelope_cannot_reactivate_superseded_embedded_awb PASSED [ 85%]
backend/tests/test_salla_current_shipping.py::test_normalized_salla_intake_preserves_explicit_code_logo_and_tracking PASSED [ 85%]
backend/tests/test_salla_current_shipping.py::test_latest_active_outbound_selection_excludes_returns_and_cancelled PASSED [ 85%]
backend/tests/test_salla_current_shipping.py::test_later_old_shipment_event_cannot_restore_superseded_carrier PASSED [ 85%]
backend/tests/test_salla_current_shipping.py::test_current_cancellation_clears_label_and_is_idempotent PASSED [ 85%]
backend/tests/test_salla_current_shipping.py::test_conflicting_order_identity_is_rejected_without_cross_owner_write PASSED [ 85%]
backend/tests/test_salla_current_shipping.py::test_concurrent_old_intake_cannot_overwrite_new_carrier[False] PASSED [ 85%]
backend/tests/test_salla_current_shipping.py::test_concurrent_old_intake_cannot_overwrite_new_carrier[True] PASSED [ 85%]
backend/tests/test_salla_current_shipping.py::test_late_make_cannot_restore_shipping_or_change_financial_collections PASSED [ 85%]
backend/tests/test_salla_current_shipping.py::test_ambiguous_internal_order_id_has_no_shipping_write PASSED [ 85%]
backend/tests/test_salla_current_shipping.py::test_verified_order_update_persists_new_carrier_without_provider_calls PASSED [ 85%]
backend/tests/test_salla_current_shipping.py::test_light_refresh_preserves_verified_current_carrier_and_rich_items PASSED [ 85%]
backend/tests/test_salla_current_shipping.py::test_sparse_newer_order_clock_does_not_suppress_current_shipment_metadata PASSED [ 85%]
backend/tests/test_salla_current_shipping.py::test_new_order_envelope_cannot_regress_current_shipment_metadata_clock PASSED [ 85%]
backend/tests/test_salla_current_shipping.py::test_cancel_event_clock_wins_over_old_created_at_and_embedded_active_shipment[2026-10-01T09:00:00Z] PASSED [ 85%]
backend/tests/test_salla_current_shipping.py::test_cancel_event_clock_wins_over_old_created_at_and_embedded_active_shipment[2026-10-01T10:00:00Z] PASSED [ 85%]
backend/tests/test_salla_current_shipping.py::test_same_carrier_delivery_does_not_advance_order_carrier_identity_clock PASSED [ 86%]
backend/tests/test_salla_current_shipping.py::test_unknown_old_shipment_update_cannot_restore_previous_carrier PASSED [ 86%]
backend/tests/test_shipping_label_current_guard.py::test_stale_verified_snapshot_never_overwrites_current_shipping[superseded] PASSED [ 86%]
backend/tests/test_shipping_label_current_guard.py::test_stale_verified_snapshot_never_overwrites_current_shipping[different_id] PASSED [ 86%]
backend/tests/test_shipping_label_current_guard.py::test_stale_verified_snapshot_never_overwrites_current_shipping[cancelled] PASSED [ 86%]
backend/tests/test_shipping_label_current_guard.py::test_stale_verified_snapshot_never_overwrites_current_shipping[different_carrier] PASSED [ 86%]
backend/tests/test_shipping_label_current_guard.py::test_matching_current_snapshot_uses_owner_scope_and_preserves_carrier_clocks PASSED [ 86%]
backend/tests/test_shipping_label_current_guard.py::test_legacy_rows_keep_existing_persistence_behavior PASSED [ 86%]
backend/tests/test_shipping_label_current_guard.py::test_clear_no_active_labels_keeps_canonical_cancellation PASSED [ 86%]
backend/tests/test_shipping_label_current_guard.py::test_refresh_late_provider_response_is_rejected_before_return PASSED [ 86%]
backend/tests/test_shipping_label_current_guard.py::test_confirmed_creation_can_replace_same_carrier_id_before_its_webhook[draft] PASSED [ 86%]
backend/tests/test_shipping_label_current_guard.py::test_confirmed_creation_can_replace_same_carrier_id_before_its_webhook[cancelled] PASSED [ 86%]
backend/tests/test_shipping_label_current_guard.py::test_provider_post_confirmation_reaches_guard_without_extra_provider_calls PASSED [ 86%]
backend/tests/test_shipping_label_current_guard.py::test_creation_cannot_restore_an_id_already_marked_superseded PASSED [ 86%]
backend/tests/test_shipping_label_current_guard.py::test_compare_and_swap_rejects_metadata_changed_after_validation PASSED [ 86%]
backend/tests/test_shipping_label_current_guard.py::test_carrier_change_since_request_blocks_even_a_matching_returned_id PASSED [ 86%]
backend/tests/test_shipping_label_current_guard.py::test_cancelled_provider_snapshot_clears_operational_group PASSED [ 86%]
backend/tests/test_shipping_label_current_guard.py::test_confirmed_replacement_without_awb_cannot_inherit_previous_label PASSED [ 86%]
backend/tests/test_shipping_label_current_guard.py::test_snapshot_preserves_zero_as_a_known_store_courier_code PASSED [ 86%]
backend/tests/test_shipping_label_current_guard.py::test_generic_local_courier_names_do_not_establish_same_carrier PASSED [ 86%]
backend/tests/test_shipping_label_current_guard.py::test_unresolved_canonical_name_does_not_fall_back_to_an_old_root_name PASSED [ 86%]
backend/tests/test_shipping_label_current_guard.py::test_snapshot_extracts_structured_carrier_identity[structured0] PASSED [ 86%]
backend/tests/test_shipping_label_current_guard.py::test_snapshot_extracts_structured_carrier_identity[structured1] PASSED [ 87%]
backend/tests/test_shipping_label_current_guard.py::test_snapshot_extracts_structured_carrier_identity[structured2] PASSED [ 87%]
backend/tests/test_shipping_label_current_guard.py::test_verified_provider_clock_rejects_older_verification_and_delayed_webhook PASSED [ 87%]
backend/tests/test_shipping_label_current_guard.py::test_snapshot_uses_actual_created_clock_when_updated_clock_is_absent PASSED [ 87%]
backend/tests/test_order_engine_salla_refresh.py::test_refresh_reads_shipping_from_order_details_and_items_only PASSED [ 87%]
backend/tests/test_order_engine_salla_refresh.py::test_refresh_preserves_richer_existing_raw_when_light_details_omit_it PASSED [ 87%]
backend/tests/test_order_engine_salla_refresh.py::test_recent_central_snapshot_skips_salla_calls PASSED [ 87%]
backend/tests/test_order_engine_salla_refresh.py::test_address_extractor_accepts_customer_city_country_and_location PASSED [ 87%]
backend/tests/test_order_engine_salla_refresh.py::test_full_order_details_uses_embedded_ship_to_and_skips_numeric_ids PASSED [ 87%]
backend/tests/test_mz2_shipping_native_rich_contracts.py::test_rich_approved_contract_posts_original_separate_economics_once PASSED [ 87%]
backend/tests/test_mz2_shipping_native_rich_contracts.py::test_actual_native_tier_boundaries[50.00-19.75-2.17-0.33] PASSED [ 87%]
backend/tests/test_mz2_shipping_native_rich_contracts.py::test_actual_native_tier_boundaries[1000.00-29.25-10.43-1.57] PASSED [ 87%]
backend/tests/test_mz2_shipping_native_rich_contracts.py::test_actual_native_tier_boundaries[1000.01-42.25-21.74-3.26] PASSED [ 87%]
backend/tests/test_mz2_shipping_native_rich_contracts.py::test_actual_native_tier_boundaries[3000.00-82.25-56.52-8.48] PASSED [ 87%]
backend/tests/test_mz2_shipping_native_rich_contracts.py::test_actual_native_tier_boundaries[3000.01-107.25-78.26-11.74] PASSED [ 87%]
backend/tests/test_mz2_shipping_native_rich_contracts.py::test_uncovered_tier_cannot_post_a_zero_commission PASSED [ 87%]
backend/tests/test_mz2_shipping_native_rich_contracts.py::test_independent_tax_flags_and_prepaid_mode_preserve_cod_and_payable PASSED [ 87%]
backend/tests/test_mz2_shipping_native_rich_contracts.py::test_non_cod_delivery_uses_no_cod_tier_or_sale PASSED [ 87%]
backend/tests/test_mz2_shipping_native_rich_contracts.py::test_zero_rich_cost_has_no_journal_or_false_journal_evidence_link PASSED [ 87%]
backend/tests/test_mz2_shipping_native_rich_contracts.py::test_setup_approval_while_paused_cannot_post_or_change_control PASSED [ 87%]
backend/tests/test_mz2_shipping_native_rich_contracts.py::test_owner_without_explicit_review_cannot_approve_evidence_or_contract PASSED [ 87%]
backend/tests/test_mz2_shipping_native_rich_contracts.py::test_foreign_original_and_forged_review_metadata_fail_closed PASSED [ 87%]
backend/tests/test_mz2_shipping_native_rich_contracts.py::test_reviewer_downloads_exact_original_and_foreign_tampered_sources_fail PASSED [ 88%]
backend/tests/test_mz2_shipping_native_rich_contracts.py::test_evidence_invalidated_after_approval_cannot_post[revoke] PASSED [ 88%]
backend/tests/test_mz2_shipping_native_rich_contracts.py::test_evidence_invalidated_after_approval_cannot_post[tamper] PASSED [ 88%]
backend/tests/test_mz2_shipping_native_rich_contracts.py::test_evidence_invalidated_after_approval_cannot_post[delete] PASSED [ 88%]
backend/tests/test_mz2_shipping_native_rich_contracts.py::test_evidence_invalidated_after_approval_cannot_post[purpose] PASSED [ 88%]
backend/tests/test_mz2_shipping_native_rich_contracts.py::test_wrong_purpose_evidence_cannot_approve_contract PASSED [ 88%]
backend/tests/test_mz2_shipping_native_rich_contracts.py::test_employee_reviewer_has_only_explicit_review_authority PASSED [ 88%]
backend/tests/test_mz2_shipping_native_rich_contracts.py::test_evidence_approval_replay_does_not_create_new_review_or_overwrite_actor PASSED [ 88%]
backend/tests/test_mz2_shipping_native_rich_contracts.py::test_changed_hash_of_still_draft_contract_is_rejected_before_approval PASSED [ 88%]
backend/tests/test_mz2_shipping_native_rich_contracts.py::test_another_couriers_review_cannot_authorize_this_contract PASSED [ 88%]
backend/tests/test_mz2_shipping_native_rich_contracts.py::test_evidence_revocation_does_not_rewrite_posted_fee_on_replay PASSED [ 88%]
backend/tests/test_mz2_shipping_native_rich_contracts.py::test_concurrent_same_approval_and_fee_are_idempotent PASSED [ 88%]
backend/tests/test_mz2_shipping_native_rich_contracts.py::test_changed_approval_request_and_stale_draft_hash_cannot_mutate PASSED [ 88%]
backend/tests/test_mz2_shipping_native_rich_contracts.py::test_flat_contract_cannot_overlap_approved_rich_contract PASSED [ 88%]
backend/tests/test_mz2_shipping_native_rich_contracts.py::test_failure_after_real_journal_rolls_back_evidence_links_and_event PASSED [ 88%]
backend/tests/test_mz2_shipping_native_rich_contracts.py::test_failure_after_actual_source_pins_rolls_back_journal_and_links PASSED [ 88%]
backend/tests/test_mz2_driver_review_history.py::test_empty_native_history_is_explicit_and_read_only PASSED [ 88%]
backend/tests/test_mz2_driver_review_history.py::test_approved_history_uses_real_journal_and_canonical_destination[card_terminal] PASSED [ 88%]
backend/tests/test_mz2_driver_review_history.py::test_approved_history_uses_real_journal_and_canonical_destination[bank_transfer] PASSED [ 88%]
backend/tests/test_mz2_driver_review_history.py::test_rejected_revision_survives_real_resubmission_and_later_approval PASSED [ 88%]
backend/tests/test_mz2_driver_review_history.py::test_missing_prior_native_revision_is_explicit_after_resubmission[pending] PASSED [ 88%]
backend/tests/test_mz2_driver_review_history.py::test_missing_prior_native_revision_is_explicit_after_resubmission[approved] PASSED [ 88%]
backend/tests/test_mz2_driver_review_history.py::test_pending_and_unlinked_operational_history_are_not_financial_decisions PASSED [ 89%]
backend/tests/test_mz2_driver_review_history.py::test_timestamp_ties_paginate_without_duplicate_or_missing_decisions PASSED [ 89%]
backend/tests/test_mz2_driver_review_history.py::test_filters_and_cursor_cannot_cross_owner_or_filter_scope PASSED [ 89%]
backend/tests/test_mz2_driver_review_history.py::test_invalid_history_query_fails_closed_without_writes[params0] PASSED [ 89%]
backend/tests/test_mz2_driver_review_history.py::test_invalid_history_query_fails_closed_without_writes[params1] PASSED [ 89%]
backend/tests/test_mz2_driver_review_history.py::test_invalid_history_query_fails_closed_without_writes[params2] PASSED [ 89%]
backend/tests/test_mz2_driver_review_history.py::test_invalid_history_query_fails_closed_without_writes[params3] PASSED [ 89%]
backend/tests/test_mz2_driver_review_history.py::test_invalid_history_query_fails_closed_without_writes[params4] PASSED [ 89%]
backend/tests/test_mz2_driver_review_history.py::test_invalid_history_query_fails_closed_without_writes[params5] PASSED [ 89%]
backend/tests/test_mz2_driver_review_history.py::test_invalid_history_query_fails_closed_without_writes[params6] PASSED [ 89%]
backend/tests/test_mz2_driver_review_history.py::test_corrupt_native_decision_or_journal_never_becomes_history[event_seal] PASSED [ 89%]
backend/tests/test_mz2_driver_review_history.py::test_corrupt_native_decision_or_journal_never_becomes_history[event_id] PASSED [ 89%]
backend/tests/test_mz2_driver_review_history.py::test_corrupt_native_decision_or_journal_never_becomes_history[event_metadata] PASSED [ 89%]
backend/tests/test_mz2_driver_review_history.py::test_corrupt_native_decision_or_journal_never_becomes_history[foreign_journal] PASSED [ 89%]
backend/tests/test_mz2_driver_review_history.py::test_corrupt_native_decision_or_journal_never_becomes_history[journal_audit] PASSED [ 89%]
backend/tests/test_mz2_driver_review_history.py::test_corrupt_native_decision_or_journal_never_becomes_history[wrong_journal] PASSED [ 89%]
backend/tests/test_mz2_driver_review_history.py::test_rejection_cannot_claim_a_financial_journal PASSED [ 89%]
backend/tests/test_mz2_driver_review_history.py::test_rejection_cannot_hide_an_existing_journal_for_the_same_review_key PASSED [ 89%]
backend/tests/test_mz2_driver_review_history.py::test_owner_is_resolved_from_fresh_user_and_native_read_permission PASSED [ 89%]
backend/tests/test_mz2_driver_review_history.py::test_disabled_actor_cannot_read_history_using_stale_claims[changes0] PASSED [ 89%]
backend/tests/test_mz2_driver_review_history.py::test_disabled_actor_cannot_read_history_using_stale_claims[changes1] PASSED [ 89%]
backend/tests/test_mz2_driver_review_history.py::test_paused_read_preserves_controls_and_does_not_require_current_receipt_or_identity PASSED [ 90%]
backend/tests/test_mz2_driver_review_history.py::test_later_pos_bank_settlement_is_not_a_second_review_decision PASSED [ 90%]
backend/tests/test_mz2_driver_review_history.py::test_later_native_reversal_keeps_original_decision_and_sets_flag PASSED [ 90%]
backend/tests/test_mz2_driver_cash_chronology.py::test_noncash_or_opening_cod_cannot_authorize_cash_before_collection[None-0.00] PASSED [ 90%]
backend/tests/test_mz2_driver_cash_chronology.py::test_noncash_or_opening_cod_cannot_authorize_cash_before_collection[None-500.00] PASSED [ 90%]
backend/tests/test_mz2_driver_cash_chronology.py::test_noncash_or_opening_cod_cannot_authorize_cash_before_collection[bank_transfer-0.00] PASSED [ 90%]
backend/tests/test_mz2_driver_cash_chronology.py::test_noncash_or_opening_cod_cannot_authorize_cash_before_collection[bank_transfer-500.00] PASSED [ 90%]
backend/tests/test_mz2_driver_cash_chronology.py::test_noncash_or_opening_cod_cannot_authorize_cash_before_collection[card_terminal-0.00] PASSED [ 90%]
backend/tests/test_mz2_driver_cash_chronology.py::test_noncash_or_opening_cod_cannot_authorize_cash_before_collection[card_terminal-500.00] PASSED [ 90%]
backend/tests/test_mz2_driver_cash_chronology.py::test_valid_later_partial_full_receipts_preserve_noncash_and_fee PASSED [ 90%]
backend/tests/test_mz2_driver_cash_chronology.py::test_dated_cash_credits_prevent_reusing_earlier_cash_after_later_collection PASSED [ 90%]
backend/tests/test_mz2_driver_cash_chronology.py::test_riyadh_start_of_movement_day_remains_before_same_day_noon_collection PASSED [ 90%]
backend/tests/test_mz2_driver_cash_chronology.py::test_paused_cash_settlement_remains_423_without_mutation PASSED [ 90%]
backend/tests/test_mz2_driver_cash_chronology.py::test_valid_cash_settlement_still_rolls_back_after_actual_journal PASSED [ 90%]
backend/tests/test_mz2_driver_physical_cash.py::test_both_cash_read_routes_are_registered_and_do_not_write PASSED [ 90%]
backend/tests/test_mz2_driver_physical_cash.py::test_driver_delivered_capture_freezes_actual_identity_without_changing_expected_cod PASSED [ 90%]
backend/tests/test_mz2_driver_physical_cash.py::test_actual_short_or_excess_cash_is_observation_not_a_financial_adjustment[450.00--50.00] PASSED [ 90%]
backend/tests/test_mz2_driver_physical_cash.py::test_actual_short_or_excess_cash_is_observation_not_a_financial_adjustment[550.00-50.00] PASSED [ 90%]
backend/tests/test_mz2_driver_physical_cash.py::test_actual_short_or_excess_cash_is_observation_not_a_financial_adjustment[0.00--500.00] PASSED [ 90%]
backend/tests/test_mz2_driver_physical_cash.py::test_multiple_orders_and_missing_historical_confirmation_are_not_inferred PASSED [ 90%]
backend/tests/test_mz2_driver_physical_cash.py::test_later_assignment_state_preserves_cash_evidence_without_recounting[changes0] PASSED [ 90%]
backend/tests/test_mz2_driver_physical_cash.py::test_later_assignment_state_preserves_cash_evidence_without_recounting[changes1] PASSED [ 90%]
backend/tests/test_mz2_driver_physical_cash.py::test_later_assignment_state_preserves_cash_evidence_without_recounting[changes2] PASSED [ 91%]
backend/tests/test_mz2_driver_physical_cash.py::test_delivery_requires_explicit_exact_cash_confirmation_before_external_status[changes0] PASSED [ 91%]
backend/tests/test_mz2_driver_physical_cash.py::test_delivery_requires_explicit_exact_cash_confirmation_before_external_status[changes1] PASSED [ 91%]
backend/tests/test_mz2_driver_physical_cash.py::test_delivery_requires_explicit_exact_cash_confirmation_before_external_status[changes2] PASSED [ 91%]
backend/tests/test_mz2_driver_physical_cash.py::test_delivery_requires_explicit_exact_cash_confirmation_before_external_status[changes3] PASSED [ 91%]
backend/tests/test_mz2_driver_physical_cash.py::test_delivery_requires_explicit_exact_cash_confirmation_before_external_status[changes4] PASSED [ 91%]
backend/tests/test_mz2_driver_physical_cash.py::test_delivery_requires_explicit_exact_cash_confirmation_before_external_status[changes5] PASSED [ 91%]
backend/tests/test_mz2_driver_physical_cash.py::test_delivery_requires_explicit_exact_cash_confirmation_before_external_status[changes6] PASSED [ 91%]
backend/tests/test_mz2_driver_physical_cash.py::test_delivery_requires_explicit_exact_cash_confirmation_before_external_status[changes7] PASSED [ 91%]
backend/tests/test_mz2_driver_physical_cash.py::test_noncash_or_zero_delivery_never_infers_physical_cash[card_terminal-500.00] PASSED [ 91%]
backend/tests/test_mz2_driver_physical_cash.py::test_noncash_or_zero_delivery_never_infers_physical_cash[bank_transfer-500.00] PASSED [ 91%]
backend/tests/test_mz2_driver_physical_cash.py::test_noncash_or_zero_delivery_never_infers_physical_cash[cash-0.00] PASSED [ 91%]
backend/tests/test_mz2_driver_physical_cash.py::test_noncash_or_zero_delivery_rejects_submitted_physical_cash[card_terminal-500.00] PASSED [ 91%]
backend/tests/test_mz2_driver_physical_cash.py::test_noncash_or_zero_delivery_rejects_submitted_physical_cash[bank_transfer-500.00] PASSED [ 91%]
backend/tests/test_mz2_driver_physical_cash.py::test_noncash_or_zero_delivery_rejects_submitted_physical_cash[cash-0.00] PASSED [ 91%]
backend/tests/test_mz2_driver_physical_cash.py::test_duplicate_delivery_confirmation_is_idempotent_and_cannot_overwrite PASSED [ 91%]
backend/tests/test_mz2_driver_physical_cash.py::test_concurrent_delivery_confirmation_records_once PASSED [ 91%]
backend/tests/test_mz2_driver_physical_cash.py::test_explicit_operational_handover_allocation_is_metadata_only_and_never_nets_fees PASSED [ 91%]
backend/tests/test_mz2_driver_physical_cash.py::test_partial_exact_explicit_links_and_idempotent_concurrent_retry PASSED [ 91%]
backend/tests/test_mz2_driver_physical_cash.py::test_foreign_unconfirmed_net_or_financially_ambiguous_handover_is_rejected[changes0] PASSED [ 91%]
backend/tests/test_mz2_driver_physical_cash.py::test_foreign_unconfirmed_net_or_financially_ambiguous_handover_is_rejected[changes1] PASSED [ 91%]
backend/tests/test_mz2_driver_physical_cash.py::test_foreign_unconfirmed_net_or_financially_ambiguous_handover_is_rejected[changes2] PASSED [ 91%]
backend/tests/test_mz2_driver_physical_cash.py::test_foreign_unconfirmed_net_or_financially_ambiguous_handover_is_rejected[changes3] PASSED [ 92%]
backend/tests/test_mz2_driver_physical_cash.py::test_foreign_unconfirmed_net_or_financially_ambiguous_handover_is_rejected[changes4] PASSED [ 92%]
backend/tests/test_mz2_driver_physical_cash.py::test_foreign_unconfirmed_net_or_financially_ambiguous_handover_is_rejected[changes5] PASSED [ 92%]
backend/tests/test_mz2_driver_physical_cash.py::test_foreign_unconfirmed_net_or_financially_ambiguous_handover_is_rejected[changes6] PASSED [ 92%]
backend/tests/test_mz2_driver_physical_cash.py::test_foreign_unconfirmed_net_or_financially_ambiguous_handover_is_rejected[changes7] PASSED [ 92%]
backend/tests/test_mz2_driver_physical_cash.py::test_foreign_unconfirmed_net_or_financially_ambiguous_handover_is_rejected[changes8] PASSED [ 92%]
backend/tests/test_mz2_driver_physical_cash.py::test_reader_and_matching_use_fresh_owner_and_accountant_authority PASSED [ 92%]
backend/tests/test_mz2_driver_physical_cash.py::test_explicit_persisted_settlement_denial_overrides_accountant_role PASSED [ 92%]
backend/tests/test_mz2_driver_physical_cash.py::test_native_handover_requires_verified_journal_and_explicit_link_without_second_settlement PASSED [ 92%]
backend/tests/test_mz2_driver_physical_cash.py::test_native_handover_tamper_or_foreign_identity_fails_closed[event_owner] PASSED [ 92%]
backend/tests/test_mz2_driver_physical_cash.py::test_native_handover_tamper_or_foreign_identity_fails_closed[event_party] PASSED [ 92%]
backend/tests/test_mz2_driver_physical_cash.py::test_native_handover_tamper_or_foreign_identity_fails_closed[event_metadata] PASSED [ 92%]
backend/tests/test_mz2_driver_physical_cash.py::test_native_handover_tamper_or_foreign_identity_fails_closed[journal_owner] PASSED [ 92%]
backend/tests/test_mz2_driver_physical_cash.py::test_native_handover_tamper_or_foreign_identity_fails_closed[journal_amount] PASSED [ 92%]
backend/tests/test_mz2_driver_physical_cash.py::test_native_handover_tamper_or_foreign_identity_fails_closed[audit_missing] PASSED [ 92%]
backend/tests/test_mz2_driver_physical_cash.py::test_reversed_native_handover_is_visible_but_cannot_be_newly_matched PASSED [ 92%]
backend/tests/test_mz2_driver_physical_cash.py::test_later_reversal_marks_linked_financial_proof_incomplete_without_inventing_cash_return PASSED [ 92%]
backend/tests/test_mz2_driver_physical_cash.py::test_real_reconciliation_transaction_rolls_back_insert_and_rejects_financial_escalation[after_insert] PASSED [ 92%]
backend/tests/test_mz2_driver_physical_cash.py::test_real_reconciliation_transaction_rolls_back_insert_and_rejects_financial_escalation[caught_financial_escalation] PASSED [ 92%]
backend/tests/test_mz2_driver_physical_cash.py::test_reconciliation_requires_exact_owned_confirmed_amounts_and_later_handover[missing_collection] PASSED [ 92%]
backend/tests/test_mz2_driver_physical_cash.py::test_reconciliation_requires_exact_owned_confirmed_amounts_and_later_handover[foreign_collection] PASSED [ 92%]
backend/tests/test_mz2_driver_physical_cash.py::test_reconciliation_requires_exact_owned_confirmed_amounts_and_later_handover[unconfirmed] PASSED [ 93%]
backend/tests/test_mz2_driver_physical_cash.py::test_reconciliation_requires_exact_owned_confirmed_amounts_and_later_handover[over_actual] PASSED [ 93%]
backend/tests/test_mz2_driver_physical_cash.py::test_reconciliation_requires_exact_owned_confirmed_amounts_and_later_handover[sum_mismatch] PASSED [ 93%]
backend/tests/test_mz2_driver_physical_cash.py::test_reconciliation_requires_exact_owned_confirmed_amounts_and_later_handover[before_collection] PASSED [ 93%]
backend/tests/test_mz2_driver_physical_cash.py::test_reconciliation_requires_exact_owned_confirmed_amounts_and_later_handover[duplicate_allocation] PASSED [ 93%]
backend/tests/test_mz2_driver_physical_cash.py::test_reconciliation_requires_exact_owned_confirmed_amounts_and_later_handover[zero_allocation] PASSED [ 93%]
backend/tests/test_mz2_driver_physical_cash.py::test_reconciliation_requires_exact_owned_confirmed_amounts_and_later_handover[fractional_cent] PASSED [ 93%]
backend/tests/test_mz2_driver_physical_cash.py::test_reader_detects_mutated_confirmation_binding_or_handover_after_explicit_link[evidence_amount] PASSED [ 93%]
backend/tests/test_mz2_driver_physical_cash.py::test_reader_detects_mutated_confirmation_binding_or_handover_after_explicit_link[resealed_evidence] PASSED [ 93%]
backend/tests/test_mz2_driver_physical_cash.py::test_reader_detects_mutated_confirmation_binding_or_handover_after_explicit_link[collection_expected] PASSED [ 93%]
backend/tests/test_mz2_driver_physical_cash.py::test_reader_detects_mutated_confirmation_binding_or_handover_after_explicit_link[link_amount] PASSED [ 93%]
backend/tests/test_mz2_driver_physical_cash.py::test_reader_detects_mutated_confirmation_binding_or_handover_after_explicit_link[link_source] PASSED [ 93%]
backend/tests/test_mz2_driver_physical_cash.py::test_reader_detects_mutated_confirmation_binding_or_handover_after_explicit_link[source_destination] PASSED [ 93%]
backend/tests/test_mz2_driver_physical_cash.py::test_reader_detects_mutated_confirmation_binding_or_handover_after_explicit_link[source_amount] PASSED [ 93%]
backend/tests/test_mz2_driver_physical_cash.py::test_reader_detects_mutated_confirmation_binding_or_handover_after_explicit_link[missing_collection] PASSED [ 93%]
backend/tests/test_mz2_driver_physical_cash.py::test_cash_observation_does_not_change_existing_cod_and_fee_economics PASSED [ 93%]
backend/tests/test_mz2_driver_physical_cash.py::test_delivery_capture_rolls_back_all_local_state_on_insert_failure_or_financial_escalation[after_collection] PASSED [ 93%]
backend/tests/test_mz2_driver_physical_cash.py::test_delivery_capture_rolls_back_all_local_state_on_insert_failure_or_financial_escalation[after_event] PASSED [ 93%]
backend/tests/test_mz2_driver_physical_cash.py::test_delivery_capture_rolls_back_all_local_state_on_insert_failure_or_financial_escalation[caught_financial_escalation] PASSED [ 93%]
backend/tests/test_mz2_driver_physical_cash.py::test_delivery_capture_rechecks_current_identity_amount_and_proof_after_external_response[amount] PASSED [ 93%]
backend/tests/test_mz2_driver_physical_cash.py::test_delivery_capture_rechecks_current_identity_amount_and_proof_after_external_response[driver_revoked] PASSED [ 93%]
backend/tests/test_mz2_driver_physical_cash.py::test_delivery_capture_rechecks_current_identity_amount_and_proof_after_external_response[proof_revoked] PASSED [ 93%]
backend/tests/test_mz2_late_delivery_evidence.py::test_late_upload_review_then_existing_native_recognition_once_at_original_period PASSED [ 94%]
backend/tests/test_mz2_late_delivery_evidence.py::test_original_bound_proof_and_sealed_c3_remain_immutable PASSED [ 94%]
backend/tests/test_mz2_late_delivery_evidence.py::test_rejection_never_posts_or_allows_recognition PASSED [ 94%]
backend/tests/test_mz2_late_delivery_evidence.py::test_paused_evidence_approval_preserves_controls_and_writer_stays_423 PASSED [ 94%]
backend/tests/test_mz2_late_delivery_evidence.py::test_upload_replay_and_conflicting_request_or_duplicate_bytes PASSED [ 94%]
backend/tests/test_mz2_late_delivery_evidence.py::test_concurrent_identical_upload_and_approval_have_one_event_each PASSED [ 94%]
backend/tests/test_mz2_late_delivery_evidence.py::test_wrong_driver_or_owner_cannot_upload_or_read_original[other-driver-user] PASSED [ 94%]
backend/tests/test_mz2_late_delivery_evidence.py::test_wrong_driver_or_owner_cannot_upload_or_read_original[foreign-owner] PASSED [ 94%]
backend/tests/test_mz2_late_delivery_evidence.py::test_driver_list_is_assignment_scoped_and_accountant_list_is_owner_scoped PASSED [ 94%]
backend/tests/test_mz2_late_delivery_evidence.py::test_collection_identity_mismatch_rejects_attachment_without_financial_effect[changes0] PASSED [ 94%]
backend/tests/test_mz2_late_delivery_evidence.py::test_collection_identity_mismatch_rejects_attachment_without_financial_effect[changes1] PASSED [ 94%]
backend/tests/test_mz2_late_delivery_evidence.py::test_collection_identity_mismatch_rejects_attachment_without_financial_effect[changes2] PASSED [ 94%]
backend/tests/test_mz2_late_delivery_evidence.py::test_absent_proof_original_c3_survives_late_approval_and_recognition PASSED [ 94%]
backend/tests/test_mz2_late_delivery_evidence.py::test_tampered_proof_never_downloads_approves_or_recognizes[mutation0] PASSED [ 94%]
backend/tests/test_mz2_late_delivery_evidence.py::test_tampered_proof_never_downloads_approves_or_recognizes[mutation1] PASSED [ 94%]
backend/tests/test_mz2_late_delivery_evidence.py::test_tampered_proof_never_downloads_approves_or_recognizes[mutation2] PASSED [ 94%]
backend/tests/test_mz2_late_delivery_evidence.py::test_tampered_proof_never_downloads_approves_or_recognizes[mutation3] PASSED [ 94%]
backend/tests/test_mz2_late_delivery_evidence.py::test_tampered_proof_never_downloads_approves_or_recognizes[mutation4] PASSED [ 94%]
backend/tests/test_mz2_late_delivery_evidence.py::test_tampered_proof_never_downloads_approves_or_recognizes[mutation5] PASSED [ 94%]
backend/tests/test_mz2_late_delivery_evidence.py::test_two_candidates_can_only_bind_one_approved_proof PASSED [ 94%]
backend/tests/test_mz2_late_delivery_evidence.py::test_upload_event_failure_rolls_back_new_proof_and_owner_revision PASSED [ 94%]
backend/tests/test_mz2_late_delivery_evidence.py::test_approved_late_proof_tampering_still_blocks_existing_writer[mutation0] PASSED [ 94%]
backend/tests/test_mz2_late_delivery_evidence.py::test_approved_late_proof_tampering_still_blocks_existing_writer[mutation1] PASSED [ 95%]
backend/tests/test_mz2_late_delivery_evidence.py::test_review_permission_is_fresh_and_separate_from_read_and_post PASSED [ 95%]
backend/tests/test_mz2_late_delivery_evidence.py::test_owner_can_read_metadata_but_needs_explicit_grant_for_original_and_review PASSED [ 95%]
backend/tests/test_mz2_late_delivery_evidence.py::test_late_attachment_requires_immutable_original_delivery_actor[missing_workflow] PASSED [ 95%]
backend/tests/test_mz2_late_delivery_evidence.py::test_late_attachment_requires_immutable_original_delivery_actor[missing_actor] PASSED [ 95%]
backend/tests/test_mz2_late_delivery_evidence.py::test_late_attachment_requires_immutable_original_delivery_actor[wrong_time] PASSED [ 95%]
backend/tests/test_mz2_late_delivery_evidence.py::test_late_attachment_requires_immutable_original_delivery_actor[new_login] PASSED [ 95%]
backend/tests/test_mz2_late_delivery_evidence.py::test_original_actor_change_between_upload_and_review_is_rejected PASSED [ 95%]
backend/tests/test_mz2_late_delivery_evidence.py::test_cancelled_source_blocks_review_or_recognition[False] PASSED [ 95%]
backend/tests/test_mz2_late_delivery_evidence.py::test_cancelled_source_blocks_review_or_recognition[True] PASSED [ 95%]
backend/tests/test_mz2_late_delivery_evidence.py::test_operational_profile_cannot_write_finance_or_patch_originals_even_when_error_caught[journal] PASSED [ 95%]
backend/tests/test_mz2_late_delivery_evidence.py::test_operational_profile_cannot_write_finance_or_patch_originals_even_when_error_caught[original_collection] PASSED [ 95%]
backend/tests/test_mz2_late_delivery_evidence.py::test_operational_profile_cannot_write_finance_or_patch_originals_even_when_error_caught[original_proof] PASSED [ 95%]
backend/tests/test_mz2_late_delivery_evidence.py::test_concurrent_source_mutation_aborts_recognition_and_retry_fails_closed[store_drivers] PASSED [ 95%]
backend/tests/test_mz2_late_delivery_evidence.py::test_concurrent_source_mutation_aborts_recognition_and_retry_fails_closed[order_review_workflows] PASSED [ 95%]
backend/tests/test_mz2_receipt_resubmission_upload.py::test_real_rejected_delivery_upload_resubmission_and_separate_approval[bank_transfer] PASSED [ 95%]
backend/tests/test_mz2_receipt_resubmission_upload.py::test_real_rejected_delivery_upload_resubmission_and_separate_approval[card_terminal] PASSED [ 95%]
backend/tests/test_mz2_receipt_resubmission_upload.py::test_delivered_receipt_upload_rejects_ineligible_review_or_identity[pending] PASSED [ 95%]
backend/tests/test_mz2_receipt_resubmission_upload.py::test_delivered_receipt_upload_rejects_ineligible_review_or_identity[approved] PASSED [ 95%]
backend/tests/test_mz2_receipt_resubmission_upload.py::test_delivered_receipt_upload_rejects_ineligible_review_or_identity[cash] PASSED [ 95%]
backend/tests/test_mz2_receipt_resubmission_upload.py::test_delivered_receipt_upload_rejects_ineligible_review_or_identity[missing_review] PASSED [ 95%]
backend/tests/test_mz2_receipt_resubmission_upload.py::test_delivered_receipt_upload_rejects_ineligible_review_or_identity[foreign_owner] PASSED [ 95%]
backend/tests/test_mz2_receipt_resubmission_upload.py::test_delivered_receipt_upload_rejects_ineligible_review_or_identity[wrong_driver] PASSED [ 96%]
backend/tests/test_mz2_receipt_resubmission_upload.py::test_delivered_receipt_upload_rejects_ineligible_review_or_identity[inactive_driver] PASSED [ 96%]
backend/tests/test_mz2_receipt_resubmission_upload.py::test_delivered_receipt_upload_rejects_ineligible_review_or_identity[inactive_assignment] PASSED [ 96%]
backend/tests/test_mz2_receipt_resubmission_upload.py::test_delivered_receipt_upload_rejects_ineligible_review_or_identity[wrong_review_driver] PASSED [ 96%]
backend/tests/test_mz2_receipt_resubmission_upload.py::test_delivered_receipt_upload_rejects_ineligible_review_or_identity[wrong_review_order_id] PASSED [ 96%]
backend/tests/test_mz2_receipt_resubmission_upload.py::test_delivered_receipt_upload_rejects_ineligible_review_or_identity[wrong_review_order_number] PASSED [ 96%]
backend/tests/test_mz2_receipt_resubmission_upload.py::test_delivered_receipt_upload_rejects_ineligible_review_or_identity[duplicate_review] PASSED [ 96%]
backend/tests/test_mz2_receipt_resubmission_upload.py::test_replacement_receipt_while_paused_has_no_financial_effect PASSED [ 96%]
backend/tests/test_mz2_optional_delivery_late_evidence.py::test_real_optional_delivery_late_evidence_chain_preserves_original_cash_and_period[475.00--25.00] PASSED [ 96%]
backend/tests/test_mz2_optional_delivery_late_evidence.py::test_real_optional_delivery_late_evidence_chain_preserves_original_cash_and_period[500.00-0.00] PASSED [ 96%]
backend/tests/test_mz2_optional_delivery_late_evidence.py::test_real_optional_delivery_late_evidence_chain_preserves_original_cash_and_period[525.00-25.00] PASSED [ 96%]
backend/tests/test_mz2_optional_delivery_late_evidence.py::test_optional_photo_cash_delivery_retry_is_exactly_idempotent PASSED [ 96%]
backend/tests/test_mz2_optional_delivery_late_evidence.py::test_optional_evidence_auth_bridge_does_not_grant_driver_management PASSED [ 96%]
backend/tests/test_store_courier_dispatch.py::test_dispatch_and_delivery_roles_are_separated PASSED [ 96%]
backend/tests/test_store_courier_dispatch.py::test_only_explicit_store_courier_identity_is_eligible PASSED [ 96%]
backend/tests/test_store_courier_dispatch.py::test_my_shipment_stage_filters_keep_each_queue_isolated PASSED [ 96%]
backend/tests/test_store_courier_dispatch.py::test_invalid_courier_stage_fails_closed PASSED [ 96%]
backend/tests/test_store_courier_dispatch.py::test_address_text_prefers_canonical_formatted_address PASSED [ 96%]
backend/tests/test_store_courier_dispatch.py::test_address_text_builds_stable_fallback_without_duplicates PASSED [ 96%]
backend/tests/test_store_courier_dispatch.py::test_dispatch_requires_ready_completed_store_courier_shipment_without_extra_print_gate PASSED [ 96%]
backend/tests/test_store_delivery_handover_routes.py::test_handover_reads_canonical_unified_orders_collection PASSED [ 96%]
backend/tests/test_store_delivery_handover_routes.py::test_store_courier_assignment_requires_ready_completed_shipment PASSED [ 97%]
backend/tests/test_store_delivery_handover_routes.py::test_order_city_prefers_shipping_fields PASSED [ 97%]
backend/tests/test_store_delivery_handover_routes.py::test_order_city_supports_nested_shipping_address PASSED [ 97%]
backend/tests/test_store_delivery_handover_routes.py::test_order_number_uses_canonical_order_fields PASSED [ 97%]
backend/tests/test_store_delivery_handover_routes.py::test_order_id_never_depends_on_mongo_document_id PASSED [ 97%]
backend/tests/test_store_delivery_handover_routes.py::test_barcode_candidates_cover_shipping_and_canonical_order_identifiers PASSED [ 97%]
backend/tests/test_store_delivery_handover_routes.py::test_assignment_snapshot_freezes_driver_fee_and_city PASSED [ 97%]
backend/tests/test_store_delivery_handover_routes.py::test_assignment_order_filter_never_adds_null_identity_clause PASSED [ 97%]
backend/tests/test_store_delivery_handover_routes.py::test_city_mismatch_is_rejected_before_assignment PASSED [ 97%]
backend/tests/test_store_delivery_handover_routes.py::test_current_assignment_status_covers_assigned_and_out_for_delivery PASSED [ 97%]
backend/tests/test_store_delivery_handover_routes.py::test_delivery_duration_report_uses_assignment_to_delivered_timestamp PASSED [ 97%]
backend/tests/test_salla_raw_snapshot_preservation.py::test_light_order_without_items_cannot_erase_rich_order_items PASSED [ 97%]
backend/tests/test_salla_raw_snapshot_preservation.py::test_sparse_item_update_keeps_customer_options_and_custom_fields PASSED [ 97%]
backend/tests/test_salla_raw_snapshot_preservation.py::test_richer_item_update_can_update_customer_options PASSED [ 97%]
backend/tests/test_salla_raw_snapshot_preservation.py::test_new_item_identity_does_not_inherit_another_items_options_by_position PASSED [ 97%]
backend/tests/test_salla_raw_snapshot_preservation.py::test_item_preservation_composes_with_explicit_attribution_correction PASSED [ 97%]
backend/tests/test_salla_resync_raw_shape.py::test_resync_returns_safe_raw_shape_only PASSED [ 97%]
backend/tests/test_order_engine_models.py::test_canonical_order_accepts_minimum_valid_contract PASSED [ 97%]
backend/tests/test_order_engine_models.py::test_order_item_requires_stable_order_item_id PASSED [ 97%]
backend/tests/test_order_engine_models.py::test_order_rejects_database_specific_extra_fields PASSED [ 97%]
backend/tests/test_order_engine_models.py::test_quantity_must_be_positive PASSED [ 97%]
backend/tests/test_order_engine_models.py::test_order_created_at_is_separate_from_engine_updated_at PASSED [ 97%]
backend/tests/test_order_engine_service.py::test_list_orders_returns_creation_date_ordered_page PASSED [ 98%]
backend/tests/test_order_engine_service.py::test_cursor_returns_next_page_without_duplicates PASSED [ 98%]
backend/tests/test_order_engine_service.py::test_get_order_returns_exact_tenant_order PASSED [ 98%]
backend/tests/test_order_engine_service.py::test_get_orders_bulk_maps_exact_tenant_orders PASSED [ 98%]
backend/tests/test_order_engine_service.py::test_get_order_rejects_other_tenant PASSED [ 98%]
backend/tests/test_order_engine_service.py::test_invalid_raw_rows_are_skipped PASSED [ 98%]
backend/tests/test_order_engine_service.py::test_cursor_round_trip PASSED [ 98%]
backend/tests/test_order_engine_service.py::test_invalid_cursor_is_rejected PASSED [ 98%]
backend/tests/test_order_engine_service.py::test_service_has_no_mongo_collection_dependency PASSED [ 98%]
backend/tests/test_order_engine_cod_fee_source.py::test_orders_v2_preserves_explicit_cod_fee[cash_on_delivery-amounts.cash_on_delivery] PASSED [ 98%]
backend/tests/test_order_engine_cod_fee_source.py::test_orders_v2_preserves_explicit_cod_fee[cod_fee-amounts.cod_fee] PASSED [ 98%]
backend/tests/test_order_engine_cod_fee_source.py::test_orders_v2_preserves_explicit_cod_fee[payment_fee-amounts.payment_fee] PASSED [ 98%]
backend/tests/test_order_engine_cod_fee_source.py::test_orders_v2_reads_cod_fee_from_nested_payment_shape PASSED [ 98%]
backend/tests/test_order_engine_cod_fee_source.py::test_orders_v2_does_not_double_count_product_choice_price_as_order_options PASSED [ 98%]
backend/tests/test_order_engine_cod_fee_source.py::test_orders_v2_never_infers_cod_fee_from_total_residual PASSED [ 98%]
backend/tests/test_order_engine_cod_fee_source.py::test_cod_fee_reaches_qoyod_as_explicit_separate_line PASSED [ 98%]
backend/tests/test_order_engine_cod_fee_source.py::test_overlay_accepts_trusted_order_engine_fee_without_legacy_audit_path PASSED [ 98%]
backend/tests/test_order_engine_cod_fee_source.py::test_legacy_orders_v2_cod_fee_rebuilds_gross_from_tax_percent PASSED [ 98%]
backend/tests/test_order_engine_cod_fee_source.py::test_legacy_orders_v2_cod_fee_prefers_stored_tax_amount PASSED [ 98%]
backend/tests/test_order_engine_cod_fee_source.py::test_cod_fee_gross_never_infers_from_order_total_residual PASSED [ 98%]
backend/tests/test_order_engine_cod_fee_source.py::test_overlay_refuses_untrusted_fee_without_source_or_explicit_flag PASSED [ 98%]
backend/tests/test_order_engine_cod_fee_source.py::test_overlay_does_not_treat_non_cod_payment_fee_as_cod_fee PASSED [ 98%]
backend/tests/test_salla_single_order_status_resync.py::test_fetch_uses_order_details_as_authority PASSED [ 99%]
backend/tests/test_salla_single_order_status_resync.py::test_fetch_recovers_real_sku_from_variant_details PASSED [ 99%]
backend/tests/test_salla_single_order_status_resync.py::test_snapshot_is_status_aware_idempotent_and_never_sendable PASSED [ 99%]
backend/tests/test_fulfillment_carrier_label.py::test_completed_status_waits_for_delayed_carrier_shipment PASSED [ 99%]
backend/tests/test_fulfillment_carrier_label.py::test_store_courier_qr_contains_order_number_only PASSED [ 99%]
backend/tests/test_fulfillment_carrier_label.py::test_store_courier_label_collects_unpaid_cod_when_salla_balance_is_null PASSED [ 99%]
backend/tests/test_fulfillment_carrier_label.py::test_store_courier_label_respects_collection_evidence[remaining0-0-unpaid-0] PASSED [ 99%]
backend/tests/test_fulfillment_carrier_label.py::test_store_courier_label_respects_collection_evidence[remaining1-0-unpaid-199.5] PASSED [ 99%]
backend/tests/test_fulfillment_carrier_label.py::test_store_courier_label_respects_collection_evidence[None-100-partial-641.4] PASSED [ 99%]
backend/tests/test_fulfillment_carrier_label.py::test_store_courier_label_respects_collection_evidence[None-741.4-paid-0] PASSED [ 99%]
backend/tests/test_fulfillment_carrier_label.py::test_store_courier_label_does_not_infer_cod_for_prepaid_order PASSED [ 99%]
backend/tests/test_fulfillment_carrier_label.py::test_store_courier_label_rejects_ambiguous_cod_balance[None-total0-None] PASSED [ 99%]
backend/tests/test_fulfillment_carrier_label.py::test_store_courier_label_rejects_ambiguous_cod_balance[paid1-total1-None] PASSED [ 99%]
backend/tests/test_fulfillment_carrier_label.py::test_store_courier_label_rejects_ambiguous_cod_balance[paid2-None-None] PASSED [ 99%]
backend/tests/test_fulfillment_carrier_label.py::test_store_courier_label_rejects_ambiguous_cod_balance[None-total3-partial] PASSED [ 99%]
backend/tests/test_fulfillment_carrier_label.py::test_workflow_snapshot_distinguishes_store_courier_label PASSED [ 99%]
backend/tests/test_fulfillment_carrier_label.py::test_shipment_list_falls_back_to_full_order_embedded_label PASSED [ 99%]
backend/tests/test_fulfillment_carrier_label.py::test_poll_reads_delayed_label_from_order_details_without_shipping_scope PASSED [ 99%]
backend/tests/test_fulfillment_carrier_label.py::test_shipment_list_uses_legacy_order_route_without_shipping_scope PASSED [ 99%]
backend/tests/test_fulfillment_carrier_label.py::test_poll_uses_legacy_order_route_when_order_details_has_no_shipments PASSED [ 99%]
backend/tests/test_fulfillment_carrier_label.py::test_experiment_override_builds_store_courier_label_from_salla_data PASSED [ 99%]
backend/tests/test_fulfillment_carrier_label.py::test_completed_label_sync_honors_experimental_store_courier_mode PASSED [100%]

============================== warnings summary ===============================
..\mz2-final-integration-owner-20261001\.venv\Lib\site-packages\fastapi\testclient.py:1
  C:\Users\amasi\mz2-final-integration-owner-20261001\.venv\Lib\site-packages\fastapi\testclient.py:1: StarletteDeprecationWarning: Using `httpx` with `starlette.testclient` is deprecated; install `httpx2` instead.
    from starlette.testclient import TestClient as TestClient  # noqa

backend\liabilities_routes.py:170
  C:\Users\amasi\mz2-final-release-1240-1241-20261002\backend\liabilities_routes.py:170: PydanticDeprecatedSince20: Pydantic V1 style `@validator` validators are deprecated. You should migrate to Pydantic V2 style `@field_validator` validators, see the migration guide for more details. Deprecated in Pydantic V2.0 to be removed in V3.0. See Pydantic V2 Migration Guide at https://errors.pydantic.dev/2.13/migration/
    @validator("ad_provider")

backend\liabilities_routes.py:177
  C:\Users\amasi\mz2-final-release-1240-1241-20261002\backend\liabilities_routes.py:177: PydanticDeprecatedSince20: Pydantic V1 style `@validator` validators are deprecated. You should migrate to Pydantic V2 style `@field_validator` validators, see the migration guide for more details. Deprecated in Pydantic V2.0 to be removed in V3.0. See Pydantic V2 Migration Guide at https://errors.pydantic.dev/2.13/migration/
    @validator("employee_salary_id")

backend\liabilities_routes.py:183
  C:\Users\amasi\mz2-final-release-1240-1241-20261002\backend\liabilities_routes.py:183: PydanticDeprecatedSince20: Pydantic V1 style `@validator` validators are deprecated. You should migrate to Pydantic V2 style `@field_validator` validators, see the migration guide for more details. Deprecated in Pydantic V2.0 to be removed in V3.0. See Pydantic V2 Migration Guide at https://errors.pydantic.dev/2.13/migration/
    @validator("paid_from_account_id")

backend\liabilities_routes.py:191
  C:\Users\amasi\mz2-final-release-1240-1241-20261002\backend\liabilities_routes.py:191: PydanticDeprecatedSince20: Pydantic V1 style `@validator` validators are deprecated. You should migrate to Pydantic V2 style `@field_validator` validators, see the migration guide for more details. Deprecated in Pydantic V2.0 to be removed in V3.0. See Pydantic V2 Migration Guide at https://errors.pydantic.dev/2.13/migration/
    @validator("supplier_name")

backend\liabilities_routes.py:207
  C:\Users\amasi\mz2-final-release-1240-1241-20261002\backend\liabilities_routes.py:207: PydanticDeprecatedSince20: Pydantic V1 style `@validator` validators are deprecated. You should migrate to Pydantic V2 style `@field_validator` validators, see the migration guide for more details. Deprecated in Pydantic V2.0 to be removed in V3.0. See Pydantic V2 Migration Guide at https://errors.pydantic.dev/2.13/migration/
    @validator("counterparty_name")

backend\accounts_routes.py:363
  C:\Users\amasi\mz2-final-release-1240-1241-20261002\backend\accounts_routes.py:363: PydanticDeprecatedSince20: Pydantic V1 style `@validator` validators are deprecated. You should migrate to Pydantic V2 style `@field_validator` validators, see the migration guide for more details. Deprecated in Pydantic V2.0 to be removed in V3.0. See Pydantic V2 Migration Guide at https://errors.pydantic.dev/2.13/migration/
    @validator("account_type")

backend\accounts_routes.py:383
  C:\Users\amasi\mz2-final-release-1240-1241-20261002\backend\accounts_routes.py:383: PydanticDeprecatedSince20: Pydantic V1 style `@validator` validators are deprecated. You should migrate to Pydantic V2 style `@field_validator` validators, see the migration guide for more details. Deprecated in Pydantic V2.0 to be removed in V3.0. See Pydantic V2 Migration Guide at https://errors.pydantic.dev/2.13/migration/
    @validator("status")

backend\accounts_routes.py:399
  C:\Users\amasi\mz2-final-release-1240-1241-20261002\backend\accounts_routes.py:399: PydanticDeprecatedSince20: Pydantic V1 style `@validator` validators are deprecated. You should migrate to Pydantic V2 style `@field_validator` validators, see the migration guide for more details. Deprecated in Pydantic V2.0 to be removed in V3.0. See Pydantic V2 Migration Guide at https://errors.pydantic.dev/2.13/migration/
    @validator("transaction_type")

backend\accounts_routes.py:405
  C:\Users\amasi\mz2-final-release-1240-1241-20261002\backend\accounts_routes.py:405: PydanticDeprecatedSince20: Pydantic V1 style `@validator` validators are deprecated. You should migrate to Pydantic V2 style `@field_validator` validators, see the migration guide for more details. Deprecated in Pydantic V2.0 to be removed in V3.0. See Pydantic V2 Migration Guide at https://errors.pydantic.dev/2.13/migration/
    @validator("status")

backend/tests/test_mobile_session_security.py::test_mobile_auth_response_replaces_browser_tokens_with_native_bound_tokens
backend/tests/test_mobile_session_security.py::test_mobile_auth_derives_refresh_when_success_cookie_is_missing
backend/tests/test_mobile_session_security.py::test_mobile_refresh_rotates_access_and_refresh_tokens
backend/tests/test_mobile_session_security.py::test_native_store_driver_refresh_does_not_require_email_otp
backend/tests/test_mobile_session_security.py::test_native_normal_employee_refresh_still_requires_email_otp
backend/tests/test_mobile_session_security.py::test_mobile_refresh_rejects_an_untagged_browser_refresh_token
  C:\Users\amasi\mz2-final-integration-owner-20261001\.venv\Lib\site-packages\jwt\api_jwt.py:149: InsecureKeyLengthWarning: The HMAC key is 26 bytes long, which is below the minimum recommended length of 32 bytes for SHA256. See RFC 7518 Section 3.2.
    return self._jws.encode(

backend/tests/test_mobile_session_security.py::test_mobile_auth_response_replaces_browser_tokens_with_native_bound_tokens
backend/tests/test_mobile_session_security.py::test_mobile_auth_derives_refresh_when_success_cookie_is_missing
backend/tests/test_mobile_session_security.py::test_mobile_refresh_rotates_access_and_refresh_tokens
backend/tests/test_mobile_session_security.py::test_native_store_driver_refresh_does_not_require_email_otp
backend/tests/test_mobile_session_security.py::test_native_normal_employee_refresh_still_requires_email_otp
backend/tests/test_mobile_session_security.py::test_mobile_refresh_rejects_an_untagged_browser_refresh_token
  C:\Users\amasi\mz2-final-integration-owner-20261001\.venv\Lib\site-packages\jwt\api_jwt.py:370: InsecureKeyLengthWarning: The HMAC key is 26 bytes long, which is below the minimum recommended length of 32 bytes for SHA256. See RFC 7518 Section 3.2.
    decoded = self.decode_complete(

-- Docs: https://docs.pytest.org/en/stable/how-to/capture-warnings.html
- generated xml file: D:\CodexAcceptance\mz2-final-release-57688-20261002-b9478c1e\backend.xml -
============================ slowest 15 durations =============================
48.21s call     backend/tests/test_mz2_order_refunds.py::OrderRefundTests::test_statement_first_all_actual_payment_providers
47.08s call     backend/tests/test_mz2_order_refunds.py::OrderRefundTests::test_order_first_all_actual_payment_providers
45.86s call     backend/tests/test_mz2_daily_refunds.py::DailyRefundTests::test_bank_two_payments_30_20_webhook_first_and_daily_first
45.38s call     backend/tests/test_mz2_daily_refunds.py::DailyRefundTests::test_full_and_partial_provider_daily_approval_and_statement_order
17.13s call     backend/tests/test_mz2_write_balance_isolation.py::WriteBalanceIsolationTests::test_documented_different_provider_uses_only_qualified_target_balance
10.06s call     backend/tests/test_mz2_employee_outgoing_reports.py::DailyOutgoingReportTests::test_existing_daily_expense_categories_remain_reportable
9.53s call     backend/tests/test_mz2_write_balance_isolation.py::WriteBalanceIsolationTests::test_provider_refund_legacy_receivable_cannot_fund_then_qualified_activity_can
9.35s call     backend/tests/test_mz2_employee_outgoing_reports.py::PayrollReportTests::test_accrual_salary_advance_and_custody_remain_reportable
9.28s call     backend/tests/test_mz2_atomic_recovery.py::AtomicRecoveryTests::test_process_death_after_native_journal_insert_then_restart_retry
9.13s call     backend/tests/test_mz2_order_refunds.py::OrderRefundTests::test_conflicting_statement_and_cross_owner_do_not_write
8.94s call     backend/tests/test_stock_component_consumption.py::ComponentMongoTests::test_process_death_before_commit_leaves_no_partial_stock
7.76s call     backend/tests/test_mz2_customer_advances.py::AdvanceTests::test_other_provider_known_evidence_must_match_and_original_execution_blocks
7.11s call     backend/tests/test_mz2_report_isolation.py::ReportIsolationTests::test_actual_refund_month_end_partial_and_final_payment_with_legacy_sentinels
6.69s call     backend/tests/test_mz2_refund_entitlements.py::EntitlementTests::test_native_refund_reversal_keeps_period_history_and_excludes_other_reversals
6.62s call     backend/tests/test_mz2_receivable_workflow.py::WorkflowTests::test_partial_full_refund_uses_original_rate
===== 2172 passed, 22 warnings, 900 subtests passed in 1850.99s (0:30:50) =====
