file,line,source_or_dynamic_expression,code
backend/account_balance_diagnostic_iter246i.py,32,accounts,rows = await db.accounts.find(
backend/account_tx_vs_ledger_walk_routes.py,100,accounts,acc = await db.accounts.find_one(
backend/account_tx_vs_ledger_walk_routes.py,125,account_transactions,async for tx in db.account_transactions.find(
backend/account_tx_vs_ledger_walk_routes.py,193,general_ledger,async for r in db.general_ledger.find(
backend/account_tx_vs_ledger_walk_routes.py,272,account_transactions,async for tx in db.account_transactions.find(
backend/account_tx_vs_ledger_walk_routes.py,311,general_ledger,async for r in db.general_ledger.find(
backend/accounting_ad_bindings.py,84,mz2_ad_account_bindings,"clash = await db[COLLECTION].find_one({""user_id"": owner, ""integration_account_id"": {""$ne"": integration_id}, ""status"": ""active"", ""$or"": [{field: {""$in"": selected}} for field, _ in FIELDS]})"
backend/accounting_ad_bindings.py,54,mezan_integration_accounts_v2,"rows = await db[INTEGRATIONS].find({""user_id"": owner, ""mezan_integration_account_id"": integration_id, ""connection_provenance"": ""api_connection""}, {""_id"": 0}).to_list(2)"
backend/accounting_ad_bindings.py,61,mz2_ad_account_bindings,"return await db[COLLECTION].find({""user_id"": owner, ""integration_account_id"": integration_id}).to_list(2)"
backend/accounting_ad_bindings.py,128,mz2_ad_account_bindings,"rows = await db[COLLECTION].find({""user_id"": owner}, {""_id"": 0, ""user_id"": 0, ""requests"": 0}).to_list(1001)"
backend/accounting_ad_bindings.py,73,mz2_financial_accounts,"rows = await db.mz2_financial_accounts.find({""user_id"": owner, ""id"": identity}, {""_id"": 0}).to_list(2)"
backend/accounting_atomic.py,87,current,db = db.current()
backend/accounting_atomic.py,92,command,"hello = await db.command(""hello"")"
backend/accounting_atomic.py,89,_owner,if db._owner != owner or control:
backend/accounting_atomic.py,104,client,async with await db.client.start_session() as session:
backend/accounting_atomic.py,100,mz2_atomic_owners,await db.mz2_atomic_owners.update_one(
backend/accounting_bank_transfer_receipts.py,172,settings,row = await db.settings.find_one(
backend/accounting_bank_transfer_receipts.py,286,mz2_salla_order_evidence,evidence = await db.mz2_salla_order_evidence.find_one(
backend/accounting_bank_transfer_receipts.py,319,mz2_bank_transfer_receipts,duplicate_file = await db.mz2_bank_transfer_receipts.find_one(
backend/accounting_bank_transfer_receipts.py,424,mz2_bank_transfer_receipts,review = await db.mz2_bank_transfer_receipts.find_one(
backend/accounting_bank_transfer_receipts.py,513,mz2_bank_transfer_receipts,current = await db.mz2_bank_transfer_receipts.find_one(
backend/accounting_bank_transfer_receipts.py,521,mz2_bank_transfer_receipt_files,await db.mz2_bank_transfer_receipt_files.insert_one({
backend/accounting_bank_transfer_receipts.py,567,mz2_bank_transfer_receipt_audit,await db.mz2_bank_transfer_receipt_audit.insert_one({
backend/accounting_bank_transfer_receipts.py,579,mz2_salla_order_evidence,await db.mz2_salla_order_evidence.update_one(
backend/accounting_bank_transfer_receipts.py,660,general_ledger,existing = await db.general_ledger.find_one({
backend/accounting_bank_transfer_receipts.py,208,settings,settings = await db.settings.find_one(
backend/accounting_bank_transfer_receipts.py,215,accounts,bank = await db.accounts.find_one(
backend/accounting_bank_transfer_receipts.py,335,mz2_bank_transfer_receipts,duplicate_ref = await db.mz2_bank_transfer_receipts.find_one(
backend/accounting_bank_transfer_receipts.py,560,mz2_bank_transfer_receipts,await db.mz2_bank_transfer_receipts.replace_one(
backend/accounting_bank_transfer_receipts.py,565,mz2_bank_transfer_receipts,await db.mz2_bank_transfer_receipts.insert_one(draft)
backend/accounting_bank_transfer_receipts.py,1021,mz2_bank_transfer_receipts,review = await db.mz2_bank_transfer_receipts.find_one(
backend/accounting_bank_transfer_receipts.py,1198,mz2_bank_transfer_receipts,review = await db.mz2_bank_transfer_receipts.find_one(
backend/accounting_bank_transfer_receipts.py,1204,mz2_bank_transfer_receipt_files,blob = await db.mz2_bank_transfer_receipt_files.find_one(
backend/accounting_bank_transfer_receipts.py,234,accounts,banks = await db.accounts.find(
backend/accounting_bank_transfer_receipts.py,387,mz2_bank_transfer_receipts,review = await db.mz2_bank_transfer_receipts.find_one(
backend/accounting_bank_transfer_receipts.py,633,general_ledger,receipt_legs = await db.general_ledger.find({
backend/accounting_bank_transfer_receipts.py,353,mz2_salla_order_evidence,evidence_rows = await db.mz2_salla_order_evidence.find(
backend/accounting_bank_transfer_receipts.py,431,mz2_daily_movements,rows = await db.mz2_daily_movements.find(
backend/accounting_bank_transfer_receipts.py,1015,mz2_salla_order_evidence,rows = await db.mz2_salla_order_evidence.find(
backend/accounting_clean_start_guard.py,79,settings,settings = await db.settings.find_one(
backend/accounting_courier_bank_routes.py,109,accounts,return await db.accounts.find_one(
backend/accounting_courier_bank_routes.py,141,accounting_provider_bank_bindings_v2,doc = await db.accounting_provider_bank_bindings_v2.find_one(
backend/accounting_courier_bank_routes.py,120,settings,"settings = await db.settings.find_one({""user_id"": owner_id}) or {}"
backend/accounting_courier_bank_routes.py,216,accounting_provider_bank_bindings_v2,before = await db.accounting_provider_bank_bindings_v2.find_one(
backend/accounting_courier_bank_routes.py,243,accounting_provider_bank_bindings_v2,await db.accounting_provider_bank_bindings_v2.update_one(
backend/accounting_customer_advances.py,312,mz2_customer_advance_payments,"payments = await db.mz2_customer_advance_payments.find({'user_id': owner}, {'_id': 0, 'proof_bytes': 0}).to_list(1000)"
backend/accounting_customer_advances.py,311,mz2_customer_advances,"rows = await db.mz2_customer_advances.find({'user_id': owner}, {'_id': 0}).sort('created_at', -1).to_list(200)"
backend/accounting_customer_advances.py,313,accounts,"banks = await db.accounts.find({'user_id': owner, 'account_type': 'bank'},"
backend/accounting_customer_refund_routes.py,95,mz2_customer_refund_payments,"row=await db.mz2_customer_refund_payments.find_one({'id':payment_id,'user_id':owner})"
backend/accounting_customer_refund_routes.py,55,mz2_recognition_events,"originals=await db.mz2_recognition_events.find({'user_id':owner,'status':'posted',"
backend/accounting_customer_refund_routes.py,63,mz2_customer_refunds,"return dict(cases=await db.mz2_customer_refunds.find(query,{'_id':0}).limit(100).to_list(100),"
backend/accounting_customer_refund_routes.py,64,mz2_customer_refund_payments,"payments=await db.mz2_customer_refund_payments.find(query,{'_id':0,'proof_bytes':0}).limit(100).to_list(100),"
backend/accounting_customer_refund_routes.py,66,accounts,"banks=await db.accounts.find({'user_id':owner,'account_type':'bank'},{'_id':0,'id':1,'name':1}).limit(100).to_list(100))"
backend/accounting_customer_refunds.py,30,mz2_recognition_events,"row = await db.mz2_recognition_events.find_one({'_id': key, 'user_id': owner,"
backend/accounting_customer_refunds.py,47,mz2_recognition_events,"prior = await db.mz2_recognition_events.find({'user_id': owner,"
backend/accounting_customer_refunds.py,49,mz2_customer_refund_payments,"payments = await db.mz2_customer_refund_payments.find({'user_id': owner,"
backend/accounting_customer_refunds.py,52,mz2_customer_refunds,"entitlements = await db.mz2_customer_refunds.find({'user_id': owner,"
backend/accounting_cutoffs.py,84,accounting_cutoffs,async for d in db.accounting_cutoffs.find(
backend/accounting_cutoffs.py,67,accounting_cutoffs,doc = await db.accounting_cutoffs.find_one(
backend/accounting_cutoffs.py,130,accounting_cutoffs,prev = await db.accounting_cutoffs.find_one(
backend/accounting_cutoffs.py,135,accounting_cutoffs,await db.accounting_cutoffs.update_one(
backend/accounting_cutoffs.py,101,accounting_cutoffs,await db.accounting_cutoffs.insert_many([
backend/accounting_cutoffs_routes.py,74,liabilities,r2 = await db.liabilities.update_many(
backend/accounting_cutoffs_routes.py,86,unified_orders,r4 = await db.unified_orders.update_many(
backend/accounting_cutoffs_routes.py,92,unified_orders,await db.unified_orders.update_many(
backend/accounting_cutoffs_routes.py,100,account_transactions,r5 = await db.account_transactions.update_many(
backend/accounting_cutoffs_routes.py,106,account_transactions,await db.account_transactions.update_many(
backend/accounting_cutoffs_routes.py,116,unified_orders,r6 = await db.unified_orders.update_many(
backend/accounting_cutoffs_routes.py,59,DYNAMIC:col,r = await db[col].update_many(
backend/accounting_cutoffs_routes.py,65,DYNAMIC:col,await db[col].update_many(
backend/accounting_daily_movements.py,178,settings,settings = await db.settings.find_one(
backend/accounting_daily_movements.py,391,mz2_bank_receipts,await db.mz2_bank_receipts.update_one(
backend/accounting_daily_movements.py,401,mz2_daily_movements,await db.mz2_daily_movements.update_one(
backend/accounting_daily_movements.py,427,mz2_daily_movement_files,"prior = await db.mz2_daily_movement_files.find_one({""_id"": file_key, ""user_id"": owner})"
backend/accounting_daily_movements.py,553,mz2_daily_movement_files,await db.mz2_daily_movement_files.insert_one(file_doc)
backend/accounting_daily_movements.py,556,mz2_daily_movement_audit,await db.mz2_daily_movement_audit.insert_one({
backend/accounting_daily_movements.py,634,mz2_manual_movement_requests,prior_request = await db.mz2_manual_movement_requests.find_one(
backend/accounting_daily_movements.py,653,mz2_daily_movements,existing = await db.mz2_daily_movements.find_one(
backend/accounting_daily_movements.py,722,mz2_daily_movements,await db.mz2_daily_movements.insert_one(movement)
backend/accounting_daily_movements.py,723,mz2_manual_movement_requests,await db.mz2_manual_movement_requests.insert_one({
backend/accounting_daily_movements.py,731,mz2_daily_movement_audit,await db.mz2_daily_movement_audit.insert_one({
backend/accounting_daily_movements.py,785,mz2_manual_movement_requests,prior_request = await db.mz2_manual_movement_requests.find_one(
backend/accounting_daily_movements.py,804,mz2_daily_movements,existing = await db.mz2_daily_movements.find_one(
backend/accounting_daily_movements.py,858,mz2_daily_movements,await db.mz2_daily_movements.insert_one(movement)
backend/accounting_daily_movements.py,859,mz2_manual_movement_requests,await db.mz2_manual_movement_requests.insert_one({
backend/accounting_daily_movements.py,867,mz2_daily_movement_audit,await db.mz2_daily_movement_audit.insert_one({
backend/accounting_daily_movements.py,895,expense_categories,row = await db.expense_categories.find_one(
backend/accounting_daily_movements.py,910,suppliers,row = await db.suppliers.find_one(
backend/accounting_daily_movements.py,934,mz2_daily_movements,movement = await db.mz2_daily_movements.find_one(
backend/accounting_daily_movements.py,1037,mz2_outgoing_financial_events,prior_event = await db.mz2_outgoing_financial_events.find_one(
backend/accounting_daily_movements.py,1148,mz2_outgoing_financial_events,await db.mz2_outgoing_financial_events.insert_one(event)
backend/accounting_daily_movements.py,1149,mz2_daily_movements,changed = await db.mz2_daily_movements.update_one(
backend/accounting_daily_movements.py,1168,mz2_daily_movement_audit,await db.mz2_daily_movement_audit.insert_one({
backend/accounting_daily_movements.py,1197,mz2_daily_movements,movement = await db.mz2_daily_movements.find_one(
backend/accounting_daily_movements.py,1213,mz2_daily_movements,await db.mz2_daily_movements.update_one(
backend/accounting_daily_movements.py,1220,mz2_daily_movement_audit,await db.mz2_daily_movement_audit.insert_one({
backend/accounting_daily_movements.py,1229,mz2_daily_movements,current = await db.mz2_daily_movements.find_one(
backend/accounting_daily_movements.py,370,mz2_bank_receipts,receipt = await db.mz2_bank_receipts.find_one(
backend/accounting_daily_movements.py,555,mz2_daily_movements,await db.mz2_daily_movements.insert_many(docs)
backend/accounting_daily_movements.py,640,mz2_daily_movements,existing = await db.mz2_daily_movements.find_one(
backend/accounting_daily_movements.py,673,mz2_manual_movement_requests,await db.mz2_manual_movement_requests.insert_one({
backend/accounting_daily_movements.py,791,mz2_daily_movements,existing = await db.mz2_daily_movements.find_one(
backend/accounting_daily_movements.py,816,mz2_manual_movement_requests,await db.mz2_manual_movement_requests.insert_one({
backend/accounting_daily_movements.py,942,mz2_outgoing_financial_events,prior = await db.mz2_outgoing_financial_events.find_one(
backend/accounting_daily_movements.py,472,mz2_daily_movements,prior_reference = await db.mz2_daily_movements.find_one(
backend/accounting_daily_movements.py,492,mz2_daily_movements,await db.mz2_daily_movements.update_one(
backend/accounting_daily_movements.py,579,mz2_daily_movements,items = await db.mz2_daily_movements.find(
backend/accounting_daily_movements.py,1237,accounts,banks = await db.accounts.find(
backend/accounting_daily_movements.py,1250,expense_categories,stored_categories = await db.expense_categories.find(
backend/accounting_daily_movements.py,1271,suppliers,suppliers = await db.suppliers.find(
backend/accounting_daily_movements.py,429,mz2_daily_movements,items = await db.mz2_daily_movements.find(
backend/accounting_daily_movements.py,1318,mz2_daily_movements,rows = await db.mz2_daily_movements.find(
backend/accounting_employee_finance.py,86,settings,row = await db.settings.find_one(
backend/accounting_employee_finance.py,132,operating_salaries,employee = await db.operating_salaries.find_one(
backend/accounting_employee_finance.py,212,mz2_employee_financial_events,prior = await db.mz2_employee_financial_events.find_one(
backend/accounting_employee_finance.py,288,mz2_employee_financial_events,await db.mz2_employee_financial_events.insert_one(event)
backend/accounting_employee_finance.py,377,mz2_daily_movements,movement = await db.mz2_daily_movements.find_one(
backend/accounting_employee_finance.py,606,mz2_employee_financial_events,prior = await db.mz2_employee_financial_events.find_one(
backend/accounting_employee_finance.py,658,mz2_employee_financial_events,await db.mz2_employee_financial_events.insert_one(event)
backend/accounting_employee_finance.py,659,mz2_daily_movements,changed = await db.mz2_daily_movements.update_one(
backend/accounting_employee_finance.py,678,mz2_employee_financial_audit,await db.mz2_employee_financial_audit.insert_one({
backend/accounting_employee_finance.py,405,mz2_employee_financial_events,prior = await db.mz2_employee_financial_events.find_one(
backend/accounting_employee_finance.py,694,operating_salaries,employees = await db.operating_salaries.find(
backend/accounting_employee_finance.py,314,operating_salaries,employees = await db.operating_salaries.find(
backend/accounting_employee_finance.py,726,mz2_daily_movements,pending_movements = await db.mz2_daily_movements.find(
backend/accounting_financial_accounts.py,620,mz2_financial_accounts,await db.mz2_financial_accounts.create_index(
backend/accounting_financial_accounts.py,623,mz2_financial_accounts,await db.mz2_financial_accounts.create_index(
backend/accounting_financial_accounts.py,627,mz2_opening_balance_drafts,await db.mz2_opening_balance_drafts.create_index(
backend/accounting_financial_accounts.py,631,mz2_opening_balance_drafts,await db.mz2_opening_balance_drafts.create_index(
backend/accounting_financial_accounts.py,636,mz2_opening_evidence,await db.mz2_opening_evidence.create_index(
backend/accounting_financial_accounts.py,640,mz2_opening_balance_audit,await db.mz2_opening_balance_audit.create_index(
backend/accounting_financial_accounts.py,670,mz2_opening_balance_audit,await db.mz2_opening_balance_audit.insert_one(document)
backend/accounting_financial_accounts.py,501,accounting_source_files,"source = await db.accounting_source_files.find_one({""user_id"": owner, ""file_id"": file_id})"
backend/accounting_financial_accounts.py,792,mz2_financial_accounts,"row = await db.mz2_financial_accounts.find_one({""user_id"": owner, ""id"": account_id})"
backend/accounting_financial_accounts.py,899,mz2_opening_evidence,await db.mz2_opening_evidence.insert_one(document)
backend/accounting_financial_accounts.py,911,mz2_opening_balance_drafts,"row = await db.mz2_opening_balance_drafts.find_one({""user_id"": owner, ""id"": draft_id})"
backend/accounting_financial_accounts.py,491,mz2_opening_evidence,rows = await db.mz2_opening_evidence.find(
backend/accounting_financial_accounts.py,682,mz2_financial_accounts,rows = await db.mz2_financial_accounts.find({
backend/accounting_financial_accounts.py,702,mz2_financial_accounts,accounts = await db.mz2_financial_accounts.find({
backend/accounting_financial_accounts.py,332,mz2_financial_accounts,account_rows = await db.mz2_financial_accounts.find({
backend/accounting_financial_accounts.py,786,mz2_financial_accounts,"rows = await db.mz2_financial_accounts.find({""user_id"": owner}).sort(""created_at"", 1).to_list(500)"
backend/accounting_financial_accounts.py,905,mz2_opening_balance_drafts,"rows = await db.mz2_opening_balance_drafts.find({""user_id"": owner}).sort(""created_at"", -1).to_list(200)"
backend/accounting_ingress.py,19,current,"target = db.current() if isinstance(db, AccountingDatabase) else db"
backend/accounting_ingress.py,88,mz2_ingress_events,"""pending_events"": await db.mz2_ingress_events.count_documents({"
backend/accounting_ingress.py,70,mz2_ingress_events,"rows = await db.mz2_ingress_events.find({""user_id"": owner, ""state"": ""pending""},"
backend/accounting_ledger_v2.py,2037,general_ledger,"legacy = db[""general_ledger""]"
backend/accounting_ledger_v2.py,2103,accounting_journal_groups_v2,groups = db[GROUPS_COLLECTION]
backend/accounting_ledger_v2.py,2104,accounting_general_ledger_v2,ledger = db[GENERAL_LEDGER_COLLECTION]
backend/accounting_ledger_v2.py,2105,accounting_audit_log_v2,audit = db[AUDIT_COLLECTION]
backend/accounting_ledger_v2.py,2106,accounting_ledger_sequences_v2,sequences = db[SEQUENCES_COLLECTION]
backend/accounting_ledger_v2.py,1977,accounting_general_ledger_v2,async for entry in db[GENERAL_LEDGER_COLLECTION].find(query):
backend/accounting_ledger_v2.py,495,accounting_ledger_sequences_v2,"before = await db[SEQUENCES_COLLECTION].find_one(selector, session=session)"
backend/accounting_ledger_v2.py,507,accounting_ledger_sequences_v2,await db[SEQUENCES_COLLECTION].update_one(
backend/accounting_ledger_v2.py,520,accounting_ledger_sequences_v2,"sequence = await db[SEQUENCES_COLLECTION].find_one(selector, session=session)"
backend/accounting_ledger_v2.py,546,accounting_journal_groups_v2,"existing = await db[GROUPS_COLLECTION].find_one(group_selector, session=session)"
backend/accounting_ledger_v2.py,696,accounting_journal_groups_v2,"await db[GROUPS_COLLECTION].insert_one(group, session=session)"
backend/accounting_ledger_v2.py,697,accounting_general_ledger_v2,"await db[GENERAL_LEDGER_COLLECTION].insert_many(legs, ordered=True, session=session)"
backend/accounting_ledger_v2.py,698,accounting_audit_log_v2,"await db[AUDIT_COLLECTION].insert_one(audit, session=session)"
backend/accounting_ledger_v2.py,708,accounting_journal_groups_v2,existing = await db[GROUPS_COLLECTION].find_one(
backend/accounting_ledger_v2.py,734,settings,"settings = await db[""settings""].find_one("
backend/accounting_ledger_v2.py,817,accounting_journal_groups_v2,reversed_opening = await db[GROUPS_COLLECTION].find_one(
backend/accounting_ledger_v2.py,861,accounting_journal_groups_v2,group = await db[GROUPS_COLLECTION].find_one(
backend/accounting_ledger_v2.py,1789,accounting_journal_groups_v2,reversal = await db[GROUPS_COLLECTION].find_one(
backend/accounting_ledger_v2.py,557,accounting_journal_groups_v2,opening = await db[GROUPS_COLLECTION].find_one(
backend/accounting_ledger_v2.py,754,mz2_opening_balance_drafts,"zero = await db[""mz2_opening_balance_drafts""].find_one("
backend/accounting_ledger_v2.py,1346,accounting_journal_groups_v2,root = await db[GROUPS_COLLECTION].find_one(
backend/accounting_ledger_v2.py,1355,accounting_journal_groups_v2,replaced = await db[GROUPS_COLLECTION].find_one(
backend/accounting_ledger_v2.py,1364,accounting_journal_groups_v2,reversal = await db[GROUPS_COLLECTION].find_one(
backend/accounting_ledger_v2.py,1434,accounting_journal_groups_v2,existing_reversal = await db[GROUPS_COLLECTION].find_one(
backend/accounting_ledger_v2.py,1717,mz2_opening_balance_drafts,"manifest = await db[""mz2_opening_balance_drafts""].find_one("
backend/accounting_ledger_v2.py,573,accounting_journal_groups_v2,duplicate_revision = await db[GROUPS_COLLECTION].find_one(
backend/accounting_ledger_v2.py,583,accounting_journal_groups_v2,duplicate_target = await db[GROUPS_COLLECTION].find_one(
backend/accounting_ledger_v2.py,871,accounting_audit_log_v2,audits = await db[AUDIT_COLLECTION].find(
backend/accounting_ledger_v2.py,1747,accounting_journal_groups_v2,root = await db[GROUPS_COLLECTION].find_one(
backend/accounting_ledger_v2.py,1757,accounting_journal_groups_v2,replaced = await db[GROUPS_COLLECTION].find_one(
backend/accounting_ledger_v2.py,1767,accounting_journal_groups_v2,linked_reversal = await db[GROUPS_COLLECTION].find_one(
backend/accounting_ledger_v2.py,1912,accounting_general_ledger_v2,rows = await db[GENERAL_LEDGER_COLLECTION].aggregate(
backend/accounting_ledger_v2.py,867,accounting_general_ledger_v2,entries = await db[GENERAL_LEDGER_COLLECTION].find(
backend/accounting_ledger_v2.py,1619,accounting_general_ledger_v2,"rows = await db[GENERAL_LEDGER_COLLECTION].find(query).sort(""entry_no"", 1).limit(limit).to_list("
backend/accounting_ledger_v2.py,1659,accounting_general_ledger_v2,rows = await db[GENERAL_LEDGER_COLLECTION].find(
backend/accounting_module_ledger.py,85,accounts,"async for account in db.accounts.find({""user_id"": user_id},"
backend/accounting_module_ledger.py,88,mz2_financial_accounts,async for account in db.mz2_financial_accounts.find(
backend/accounting_module_ledger.py,61,general_ledger,rows = await db.general_ledger.find(
backend/accounting_module_opening_balances.py,323,settings,row = await db.settings.find_one(
backend/accounting_module_opening_balances.py,547,mz2_opening_balance_previews,await db.mz2_opening_balance_previews.update_many(
backend/accounting_module_opening_balances.py,551,mz2_opening_balance_previews,await db.mz2_opening_balance_previews.insert_one(preview)
backend/accounting_module_opening_balances.py,552,settings,await db.settings.update_one(
backend/accounting_module_opening_balances.py,578,mz2_opening_balance_audit,await db.mz2_opening_balance_audit.insert_one({
backend/accounting_module_opening_balances.py,605,mz2_opening_balance_previews,preview = await db.mz2_opening_balance_previews.find_one(
backend/accounting_module_opening_balances.py,624,general_ledger,any_mz2 = await db.general_ledger.count_documents({
backend/accounting_module_opening_balances.py,676,settings,await db.settings.update_one(
backend/accounting_module_opening_balances.py,686,mz2_opening_balance_previews,await db.mz2_opening_balance_previews.update_one(
backend/accounting_module_opening_balances.py,695,mz2_opening_balance_audit,await db.mz2_opening_balance_audit.insert_one({
backend/accounting_module_opening_balances.py,740,settings,await db.settings.update_one(
backend/accounting_module_opening_balances.py,749,mz2_opening_balance_audit,await db.mz2_opening_balance_audit.insert_one({
backend/accounting_module_opening_balances.py,429,mz2_shipping_rate_policies,shipping_policy = await db.mz2_shipping_rate_policies.find_one(
backend/accounting_module_opening_balances.py,597,mz2_opening_balance_previews,existing = await db.mz2_opening_balance_previews.find_one(
backend/accounting_module_opening_balances.py,771,mz2_opening_balance_previews,preview = await db.mz2_opening_balance_previews.find_one(
backend/accounting_module_opening_balances.py,336,accounts,accounts = await db.accounts.find(
backend/accounting_module_opening_balances.py,372,operating_salaries,employees = await db.operating_salaries.find(
backend/accounting_module_opening_balances.py,404,store_drivers,drivers = await db.store_drivers.find(
backend/accounting_module_opening_balances.py,492,operating_salaries,"await db.operating_salaries.find_one(query, {""_id"": 1})"
backend/accounting_module_opening_balances.py,493,employees,"or await db.employees.find_one(query, {""_id"": 1})"
backend/accounting_module_opening_balances.py,462,accounts,accounts = await db.accounts.find(
backend/accounting_module_opening_balances.py,776,accounts,accounts = await db.accounts.find(
backend/accounting_module_opening_balances.py,784,operating_salaries,employees = await db.operating_salaries.find(
backend/accounting_module_permission_routes.py,78,users,target = await db.users.find_one({
backend/accounting_module_permission_routes.py,94,users,await db.users.update_one(
backend/accounting_module_permission_routes.py,102,users,updated = await db.users.find_one(
backend/accounting_module_permission_routes.py,42,users,rows = await db.users.find(
backend/accounting_module_status_routes.py,39,users,"fresh = await db.users.find_one({""id"": user[""id""]}, _USER_PROJECTION)"
backend/accounting_module_status_routes.py,56,financial_provider_tax_invoices_v2,verified = await db.financial_provider_tax_invoices_v2.count_documents({
backend/accounting_module_status_routes.py,51,settings,"merchant_settings = await db.settings.find_one({""user_id"": owner_id}) or {}"
backend/accounting_module_status_routes.py,97,settings,settings = await db.settings.find_one(
backend/accounting_mz2_balances.py,32,current,db = db.current()
backend/accounting_mz2_balances.py,33,_owner,"if (not isinstance(db, SessionDatabase) or db._owner != owner"
backend/accounting_mz2_balances.py,34,_session,or not db._session.in_transaction):
backend/accounting_mz2_reports.py,98,settings,"row = await db.settings.find_one({""user_id"": owner}, {""_id"": 0, ""mezan2_financial_cutover"": 1})"
backend/accounting_mz2_reports.py,119,general_ledger,"opening = await db.general_ledger.find({""user_id"": owner, ""txn_group_id"": group}, {""_id"": 0}).to_list(MAX_REPORT_LEGS + 1)"
backend/accounting_mz2_reports.py,134,general_ledger,"rows = await db.general_ledger.find(mz2_query(owner), {""_id"": 0}).to_list(MAX_REPORT_LEGS + 1)"
backend/accounting_mz2_reports.py,179,accounts,"accounts = await db.accounts.find({""user_id"": owner, ""status"": {""$ne"": ""hidden""},"
backend/accounting_mz2_reports.py,274,mz2_financial_accounts,accounts = await db.mz2_financial_accounts.find(
backend/accounting_mz2_reports.py,352,accounts,"accounts = await db.accounts.find({""user_id"": owner}, {""_id"": 0, ""id"": 1, ""account_type"": 1}).to_list(MAX_REPORT_LEGS + 1)"
backend/accounting_mz2_reports.py,353,mz2_financial_accounts,financial_accounts = await db.mz2_financial_accounts.find(
backend/accounting_onboarding.py,261,root,"raw = db.root if isinstance(db, AccountingDatabase) else db"
backend/accounting_onboarding.py,52,mz2_onboarding_sessions,"row = await db[COLLECTION].find_one({""id"": session_id, ""user_id"": owner})"
backend/accounting_onboarding.py,80,mz2_onboarding_sessions,result = await db[COLLECTION].find_one_and_update(
backend/accounting_onboarding.py,232,settings,"settings = await db.settings.find_one({""user_id"": owner}) or {}"
backend/accounting_onboarding.py,439,scope,token = db.scope.set(scoped)
backend/accounting_onboarding.py,451,scope,db.scope.reset(token)
backend/accounting_onboarding_domains.py,56,mz2_financial_accounts,"canonical = await _rows(db, ""mz2_financial_accounts"", owner, IDENTITY_FIELDS, {**ACTIVE, ""status"": ""active""})"
backend/accounting_onboarding_domains.py,75,mezan_products_v2,"products = await _rows(db, ""mezan_products_v2"", owner,"
backend/accounting_onboarding_domains.py,83,mezan_cost_resources_v2,"resources = await _rows(db, ""mezan_cost_resources_v2"", owner,"
backend/accounting_onboarding_domains.py,87,mezan_component_categories_v2,"categories = await _rows(db, ""mezan_component_categories_v2"", owner, {""id"": 1, ""name"": 1})"
backend/accounting_onboarding_domains.py,89,warehouse_locations,"locations = await _rows(db, ""warehouse_locations"", owner,"
backend/accounting_onboarding_domains.py,108,counterparties,"existing = await _rows(db, ""counterparties"", owner, IDENTITY_FIELDS, {""kind"": ""general""})"
backend/accounting_onboarding_domains.py,88,warehouse_locations_cabinets,"cabinets = {row[""id""]: row for row in await _rows(db, ""warehouse_locations_cabinets"", owner, {""id"": 1, ""purpose"": 1}) if row.get(""id"")}"
backend/accounting_onboarding_domains.py,118,counterparties,await db.counterparties.insert_one(row)
backend/accounting_onboarding_domains.py,25,DYNAMIC:collection,"rows = await db[collection].find({**(query or {}), ""user_id"": owner},"
backend/accounting_onboarding_identities.py,44,mz2_financial_accounts,"rows = await _rows(db, ""mz2_financial_accounts"", {**query, ""account_type"": ""bank"", ""status"": ""active"", ""currency"": ""SAR""})"
backend/accounting_onboarding_identities.py,46,mezan_employees_v2,"rows = await _rows(db, ""mezan_employees_v2"", query)"
backend/accounting_onboarding_identities.py,48,mezan_suppliers_v2,"rows = await _rows(db, ""mezan_suppliers_v2"", query)"
backend/accounting_onboarding_identities.py,114,mz2_financial_accounts,"bank = await db.mz2_financial_accounts.find_one({""user_id"": owner, ""id"": binding[""bank_account_id""],"
backend/accounting_onboarding_identities.py,116,accounts,"legacy_bank = await db.accounts.find_one({""user_id"": owner, ""id"": binding[""bank_account_id""]}, {""_id"": 0, ""id"": 1})"
backend/accounting_onboarding_identities.py,27,DYNAMIC:collection,"rows = await db[collection].find(query, PROJECTION).to_list(1001)"
backend/accounting_onboarding_identities.py,50,store_drivers,"rows = await _rows(db, ""store_drivers"", query)"
backend/accounting_onboarding_identities.py,54,counterparties,"rows = await _rows(db, ""counterparties"", {**query, ""kind"": ""general"" if kind == ""external_person"" else kind})"
backend/accounting_onboarding_identities.py,62,accounts,"if kind == ""bank"" and await db.accounts.find_one({""user_id"": owner, ""id"": key}, {""_id"": 0, ""id"": 1}):"
backend/accounting_onboarding_identities.py,68,mezan_employee_salary_contracts_v2,"contract = await db.mezan_employee_salary_contracts_v2.find_one({""user_id"": owner, ""employee_id"": key}, {""_id"": 0, ""id"": 1})"
backend/accounting_onboarding_inventory_catalog.py,96,DYNAMIC:collection,"return await db[collection].find_one(query, {""_id"": 0})"
backend/accounting_onboarding_inventory_catalog.py,70,DYNAMIC:collection,"rows = await db[collection].find({""user_id"": str(owner)}, {""_id"": 0}).sort(""id"", 1).to_list(length=LIMIT + 1)"
backend/accounting_onboarding_prepaid.py,64,operating_recurring_obligations_v2,"rows = await db[""operating_recurring_obligations_v2""].find({""user_id"": tenant_id}, {""_id"": 0}).to_list(5000)"
backend/accounting_onboarding_prepaid.py,65,operating_recurring_invoices_v2,"invoices = await db[""operating_recurring_invoices_v2""].find({""user_id"": tenant_id}, {""_id"": 0}).to_list(10000)"
backend/accounting_onboarding_source_gaps.py,63,mezan_integration_accounts_v2,"accounts = await rows(db, ""mezan_integration_accounts_v2"", owner, fields, {""connection_provenance"": ""api_connection""})"
backend/accounting_onboarding_source_gaps.py,78,mz2_financial_accounts,"canonical = await rows(db, ""mz2_financial_accounts"", owner, FINANCIAL_FIELDS)"
backend/accounting_onboarding_source_gaps.py,79,accounts,"legacy = await rows(db, ""accounts"", owner, FINANCIAL_FIELDS)"
backend/accounting_onboarding_source_gaps.py,24,mz2_financial_accounts,"banks = await rows(db, ""mz2_financial_accounts"", owner, FINANCIAL_FIELDS, {""id"": key}) if key else []"
backend/accounting_onboarding_source_gaps.py,35,mz2_salla_order_evidence,"names = await db.mz2_salla_order_evidence.distinct(""shipping_company"", {""user_id"": owner, ""conflict"": {""$ne"": True}})"
backend/accounting_onboarding_source_gaps.py,43,mz2_shipping_rate_policies,"policy = await db.mz2_shipping_rate_policies.find_one({""_id"": owner, ""user_id"": owner}, {""versions"": 1}) or {}"
backend/accounting_onboarding_source_gaps.py,9,DYNAMIC:collection,"result = await db[collection].find({""user_id"": owner, **(query or {})}, {""_id"": 0, **fields}).to_list(1001)"
backend/accounting_onboarding_source_gaps.py,22,accounting_provider_bank_bindings_v2,"binding = await db.accounting_provider_bank_bindings_v2.find_one({""user_id"": owner, ""provider"": provider}, {""_id"": 0, ""bank_account_id"": 1, ""verification_status"": 1}) or {}"
backend/accounting_onboarding_source_gaps.py,26,accounts,"legacy = await db.accounts.find_one({""user_id"": owner, ""id"": key}, {""_id"": 0, ""id"": 1}) if key else None"
backend/accounting_order_recognition.py,79,settings,row = await db.settings.find_one(
backend/accounting_order_recognition.py,238,mz2_salla_order_evidence,evidence = await db.mz2_salla_order_evidence.find_one(
backend/accounting_order_recognition.py,309,mz2_recognition_events,prior = await db.mz2_recognition_events.find_one(
backend/accounting_order_recognition.py,325,general_ledger,existing = await db.general_ledger.find_one(
backend/accounting_order_recognition.py,252,mz2_recognition_events,prior = await db.mz2_recognition_events.find_one(
backend/accounting_order_recognition.py,120,mz2_salla_order_evidence,matches = await db.mz2_salla_order_evidence.find(
backend/accounting_order_recognition.py,193,payment_transactions,payments = await db.payment_transactions.find(
backend/accounting_order_recognition.py,551,mz2_salla_order_evidence,candidates = await db.mz2_salla_order_evidence.find(
backend/accounting_order_refunds.py,25,settlement_entries,"rows = await db.settlement_entries.find({'user_id': owner,"
backend/accounting_order_refunds.py,33,mz2_statement_refund_links,links = await db.mz2_statement_refund_links.find({
backend/accounting_periods.py,20,mz2_accounting_periods,closed = await db.mz2_accounting_periods.find_one({
backend/accounting_periods.py,70,mz2_accounting_periods,return dict(items=await db.mz2_accounting_periods.find(
backend/accounting_receipt_service.py,153,mz2_bank_receipts,result = await db.mz2_bank_receipts.update_one(
backend/accounting_receipt_service.py,105,mz2_bank_receipts,"receipt = await db.mz2_bank_receipts.find_one({'user_id': owner, 'id': rid}) if rid else None"
backend/accounting_receipt_service.py,194,mz2_bank_receipts,"rows = await db.mz2_bank_receipts.find({'user_id': owner}, {'_id': 0}).sort('created_at', -1).to_list(200)"
backend/accounting_receivable_routes.py,39,users,"actor = await db.users.find_one({""id"": user.get(""id"")}, {"
backend/accounting_receivable_routes.py,76,payment_transactions,"payments = await db.payment_transactions.find(query, {"
backend/accounting_receivable_routes.py,81,payment_refunds,"payment[""refunds""] = await db.payment_refunds.find({"
backend/accounting_receivable_routes.py,107,mz2_order_refund_reviews,"return {""items"": await db.mz2_order_refund_reviews.find({""user_id"":owner}, {""_id"":0}).limit(100).to_list(100)}"
backend/accounting_receivable_service.py,46,payment_transactions,payment = await db.payment_transactions.find_one({
backend/accounting_receivable_service.py,85,mz2_recognition_events,"prior = await db.mz2_recognition_events.find_one({""_id"": event_key, ""user_id"": owner})"
backend/accounting_receivable_service.py,105,general_ledger,existing = await db.general_ledger.find_one({
backend/accounting_receivable_service.py,179,mz2_recognition_events,await db.mz2_recognition_events.insert_one(record)
backend/accounting_receivable_service.py,38,settings,"settings = await db.settings.find_one({""user_id"": owner}) or {}"
backend/accounting_receivable_service.py,64,payment_refunds,refund = await db.payment_refunds.find_one({
backend/accounting_receivable_service.py,118,mz2_recognition_events,original = await db.mz2_recognition_events.find_one({
backend/accounting_receivable_service.py,194,mz2_recognition_events,await db.mz2_recognition_events.update_one(
backend/accounting_receivable_service.py,59,orders_db,"orders = await db.orders_db.find({""user_id"": owner, ""order_number"": reference}).to_list(2)"
backend/accounting_receivable_service.py,125,mz2_recognition_events,refunds = await db.mz2_recognition_events.find({
backend/accounting_sales_tax_service.py,13,mz2_sales_tax_policies,"return await db.mz2_sales_tax_policies.find_one({""_id"": owner}) or {"
backend/accounting_sales_tax_service.py,47,mz2_sales_tax_policies,result = await db.mz2_sales_tax_policies.replace_one(
backend/accounting_sales_tax_service.py,41,mz2_sales_tax_policies,await db.mz2_sales_tax_policies.insert_one(record)
backend/accounting_salla_order_evidence.py,463,mz2_salla_order_files,"existing_file = await db.mz2_salla_order_files.find_one({""_id"": file_key, ""user_id"": owner})"
backend/accounting_salla_order_evidence.py,579,mz2_salla_order_files,await db.mz2_salla_order_files.insert_one(file_doc)
backend/accounting_salla_order_evidence.py,580,mz2_salla_order_audit,await db.mz2_salla_order_audit.insert_one({
backend/accounting_salla_order_evidence.py,501,mz2_salla_order_evidence,"prior = await db.mz2_salla_order_evidence.find_one({""_id"": current_id, ""user_id"": owner})"
backend/accounting_salla_order_evidence.py,555,mz2_salla_order_snapshots,await db.mz2_salla_order_snapshots.insert_many(snapshots)
backend/accounting_salla_order_evidence.py,557,mz2_salla_order_evidence,await db.mz2_salla_order_evidence.replace_one(
backend/accounting_salla_order_evidence.py,465,mz2_salla_order_snapshots,items = await db.mz2_salla_order_snapshots.find(
backend/accounting_salla_order_evidence.py,624,mz2_salla_order_evidence,items = await db.mz2_salla_order_evidence.find(
backend/accounting_settlement_bank_match_routes.py,102,accounting_settlements_v2,doc = await db.accounting_settlements_v2.find_one(
backend/accounting_settlement_bank_match_routes.py,140,account_transactions,return await db.account_transactions.find_one(
backend/accounting_settlement_bank_match_routes.py,116,accounting_settlements_v2,await db.accounting_settlements_v2.create_index(
backend/accounting_settlement_bank_match_routes.py,125,accounting_settlements_v2,await db.accounting_settlements_v2.drop_index(_LEGACY_BANK_MATCH_INDEX)
backend/accounting_settlement_bank_match_routes.py,217,accounting_settlements_v2,async for row in db.accounting_settlements_v2.find(
backend/accounting_settlement_bank_match_routes.py,299,accounting_settlements_v2,used = await db.accounting_settlements_v2.find_one(
backend/accounting_settlement_bank_match_routes.py,339,accounting_settlements_v2,result = await db.accounting_settlements_v2.update_one(
backend/accounting_settlement_bank_match_routes.py,198,account_transactions,transactions = await db.account_transactions.find(
backend/accounting_settlement_currency_guard.py,188,accounting_settlements_v2,await db.accounting_settlements_v2.update_one(
backend/accounting_settlement_evidence_guard.py,17,accounting_settlements_v2,linked = await db.accounting_settlements_v2.find_one(
backend/accounting_settlement_identity_routes.py,51,accounting_settlements_v2,current = await db.accounting_settlements_v2.find_one(
backend/accounting_settlement_identity_routes.py,82,accounting_settlements_v2,duplicate = await db.accounting_settlements_v2.find_one(
backend/accounting_settlement_identity_routes.py,118,accounting_settlements_v2,result = await db.accounting_settlements_v2.update_one(
backend/accounting_settlement_lifecycle_routes.py,144,accounting_settlements_v2,result = await db.accounting_settlements_v2.update_one(
backend/accounting_settlement_lifecycle_routes.py,202,accounting_settlements_v2,result = await db.accounting_settlements_v2.update_one(
backend/accounting_settlement_lifecycle_routes.py,244,accounting_settlements_v2,result = await db.accounting_settlements_v2.update_one(
backend/accounting_settlement_lifecycle_routes.py,296,accounting_settlements_v2,claim = await db.accounting_settlements_v2.update_one(
backend/accounting_settlement_lifecycle_routes.py,341,accounting_settlements_v2,await db.accounting_settlements_v2.update_one(
backend/accounting_settlement_lifecycle_routes.py,106,accounting_settlements_v2,await db.accounting_settlements_v2.update_one(
backend/accounting_settlement_lifecycle_routes.py,179,accounting_settlements_v2,await db.accounting_settlements_v2.update_one(
backend/accounting_settlement_lifecycle_routes.py,285,accounting_settlements_v2,await db.accounting_settlements_v2.update_one(
backend/accounting_settlement_lifecycle_routes.py,315,accounting_settlements_v2,await db.accounting_settlements_v2.update_one(
backend/accounting_settlement_register_routes.py,168,accounting_settlements_v2,draft = await db.accounting_settlements_v2.find_one(
backend/accounting_settlement_register_routes.py,177,settlement_files,source_file = await db.settlement_files.find_one(
backend/accounting_settlement_register_routes.py,207,mz2_bank_receipts,receipt = await db.mz2_bank_receipts.find_one(
backend/accounting_settlement_register_routes.py,135,accounting_settlements_v2,documents = await db.accounting_settlements_v2.find(
backend/accounting_settlement_register_routes.py,195,mz2_statement_refund_links,entry['refund_links'] = await db.mz2_statement_refund_links.find(
backend/accounting_settlement_register_routes.py,186,settlement_entries,source_entries = await db.settlement_entries.find(
backend/accounting_settlement_routes.py,175,accounts,return await db.accounts.find_one(
backend/accounting_settlement_routes.py,193,accounting_provider_bank_bindings_v2,doc = await db.accounting_provider_bank_bindings_v2.find_one(
backend/accounting_settlement_routes.py,251,settlement_files,doc = await db.settlement_files.find_one(
backend/accounting_settlement_routes.py,261,accounting_settlements_v2,doc = await db.accounting_settlements_v2.find_one(
backend/accounting_settlement_routes.py,405,accounting_settlements_v2,existing = await db.accounting_settlements_v2.find_one(
backend/accounting_settlement_routes.py,483,accounting_settlements_v2,await db.accounting_settlements_v2.insert_one(dict(draft))
backend/accounting_settlement_routes.py,525,accounting_settlements_v2,async for row in db.accounting_settlements_v2.aggregate(pipeline):
backend/accounting_settlement_routes.py,142,accounting_provider_bank_bindings_v2,await db.accounting_provider_bank_bindings_v2.create_index(
backend/accounting_settlement_routes.py,147,accounting_settlements_v2,await db.accounting_settlements_v2.create_index(
backend/accounting_settlement_routes.py,152,accounting_settlements_v2,await db.accounting_settlements_v2.create_index(
backend/accounting_settlement_routes.py,209,settings,settings = await db.settings.find_one(
backend/accounting_settlement_routes.py,271,settlement_entries,return int(await db.settlement_entries.count_documents({
backend/accounting_settlement_routes.py,563,accounting_provider_bank_bindings_v2,before = await db.accounting_provider_bank_bindings_v2.find_one(
backend/accounting_settlement_routes.py,584,accounting_provider_bank_bindings_v2,await db.accounting_provider_bank_bindings_v2.update_one(
backend/accounting_settlement_routes.py,591,settings,await db.settings.update_one(
backend/accounting_settlement_routes.py,814,accounting_settlements_v2,await db.accounting_settlements_v2.replace_one(
backend/accounting_settlement_routes.py,832,settlement_entries,entry = await db.settlement_entries.find_one(
backend/accounting_settlement_routes.py,842,unified_orders,target = await db.unified_orders.find_one(
backend/accounting_settlement_routes.py,866,settlement_entries,await db.settlement_entries.update_one(
backend/accounting_settlement_routes.py,881,settlement_entries,total_rows = await db.settlement_entries.count_documents({
backend/accounting_settlement_routes.py,890,settlement_files,await db.settlement_files.update_one(
backend/accounting_settlement_routes.py,920,accounting_settlements_v2,await db.accounting_settlements_v2.replace_one(
backend/accounting_settlement_routes.py,983,accounting_settlements_v2,await db.accounting_settlements_v2.update_one(
backend/accounting_settlement_routes.py,1018,accounting_settlements_v2,await db.accounting_settlements_v2.update_one(
backend/accounting_settlement_routes.py,1045,accounting_settlements_v2,await db.accounting_settlements_v2.update_one(
backend/accounting_settlement_routes.py,1068,accounting_settlements_v2,claimed = await db.accounting_settlements_v2.update_one(
backend/accounting_settlement_routes.py,1108,accounting_settlements_v2,await db.accounting_settlements_v2.update_one(
backend/accounting_settlement_routes.py,752,settlement_entries,await db.settlement_entries.update_many(
backend/accounting_settlement_routes.py,1086,accounting_settlements_v2,await db.accounting_settlements_v2.update_one(
backend/accounting_settlement_routes.py,291,settlement_entries,return await db.settlement_entries.find(
backend/accounting_settlement_routes.py,509,accounts,banks = await db.accounts.find(
backend/accounting_settlement_routes.py,702,accounting_settlements_v2,docs = await db.accounting_settlements_v2.find(
backend/accounting_settlement_service.py,443,accounts,bank = await db.accounts.find_one(
backend/accounting_settlement_service.py,455,general_ledger,existing = await db.general_ledger.find_one(
backend/accounting_settlement_service.py,476,settlement_files,source = await db.settlement_files.find_one({
backend/accounting_settlement_service.py,483,settlement_entries,rows = await db.settlement_entries.find({
backend/accounting_shipping_contract_service.py,160,settings,changed = await db.settings.update_one(
backend/accounting_shipping_contract_service.py,272,mz2_shipping_contract_audit,"await db[AUDIT_COLLECTION].insert_one({""_id"": audit[""request_key""], **audit})"
backend/accounting_shipping_contract_service.py,277,mz2_shipping_contract_audit,"prior = await db[AUDIT_COLLECTION].find_one({""_id"": key, ""user_id"": owner})"
backend/accounting_shipping_contract_service.py,535,mz2_salla_order_evidence,evidence = await db.mz2_salla_order_evidence.find_one(
backend/accounting_shipping_contract_service.py,586,mz2_shipping_accounting_events,prior_order = await db.mz2_shipping_accounting_events.find_one({
backend/accounting_shipping_contract_service.py,111,settings,settings = await db.settings.find_one(
backend/accounting_shipping_contract_service.py,156,settings,"settings = await db.settings.find_one({""user_id"": owner}, {""_id"": 0, ""shipping_companies"": 1}) or {}"
backend/accounting_shipping_contract_service.py,267,mz2_shipping_rate_policies,result = await db[POLICY_COLLECTION].replace_one(
backend/accounting_shipping_contract_service.py,261,mz2_shipping_rate_policies,await db[POLICY_COLLECTION].insert_one(updated)
backend/accounting_shipping_contract_service.py,581,mz2_salla_order_evidence,same_waybill = await db.mz2_salla_order_evidence.find(
backend/accounting_shipping_evidence.py,97,current,db = db.current()
backend/accounting_shipping_evidence.py,98,_owner,"if not isinstance(db, SessionDatabase) or db._owner != owner or not db._session.in_transaction:"
backend/accounting_shipping_evidence.py,98,_session,"if not isinstance(db, SessionDatabase) or db._owner != owner or not db._session.in_transaction:"
backend/accounting_shipping_evidence.py,120,accounting_source_files,"blob = await db.accounting_source_files.find_one({""user_id"": owner, ""file_id"": proof.file_id})"
backend/accounting_shipping_evidence.py,216,mz2_shipping_evidence_links,"linked = await db[LINKS].find_one({""user_id"": owner, ""file_id"": file_id})"
backend/accounting_shipping_evidence.py,217,mz2_shipping_rate_policies,"contract = await db.mz2_shipping_rate_policies.find_one({""user_id"": owner, ""versions"": {""$elemMatch"": {"
backend/accounting_shipping_evidence.py,220,general_ledger,"journal = await db.general_ledger.find_one({""user_id"": owner,"
backend/accounting_shipping_p02.py,301,mz2_shipping_accounting_events,return await db.mz2_shipping_accounting_events.find_one(
backend/accounting_shipping_p02.py,323,mz2_shipping_accounting_events,await db.mz2_shipping_accounting_events.insert_one({
backend/accounting_shipping_p02.py,344,mz2_salla_order_evidence,evidence = await db.mz2_salla_order_evidence.find_one(
backend/accounting_shipping_p02.py,378,mz2_shipping_accounting_events,prior_for_order = await db.mz2_shipping_accounting_events.find_one({
backend/accounting_shipping_p02.py,537,store_delivery_collections,collection = await db[DRIVER_COLLECTIONS].find_one(
backend/accounting_shipping_p02.py,556,store_drivers,driver = await db[STORE_DRIVERS].find_one(
backend/accounting_shipping_p02.py,567,store_delivery_driver_earnings,earning = await db[DRIVER_EARNINGS].find_one(
backend/accounting_shipping_p02.py,595,settings,settings = await db.settings.find_one(
backend/accounting_shipping_p02.py,174,mz2_shipping_rate_policies,"return await db.mz2_shipping_rate_policies.find_one({""_id"": owner}) or {"
backend/accounting_shipping_p02.py,254,mz2_shipping_rate_policies,result = await db.mz2_shipping_rate_policies.replace_one(
backend/accounting_shipping_p02.py,246,mz2_shipping_rate_policies,await db.mz2_shipping_rate_policies.insert_one(record)
backend/accounting_shipping_p02.py,368,mz2_salla_order_evidence,same_waybill = await db.mz2_salla_order_evidence.find(
backend/accounting_shipping_p02.py,580,mz2_salla_order_evidence,orders = await db.mz2_salla_order_evidence.find(
backend/accounting_shipping_p02.py,917,store_drivers,drivers = await db[STORE_DRIVERS].find(
backend/accounting_shipping_p02.py,896,mz2_salla_order_evidence,courier_candidates = await db.mz2_salla_order_evidence.find(
backend/accounting_shipping_p02.py,929,store_delivery_collections,driver_candidates = await db[DRIVER_COLLECTIONS].find(
backend/accounting_shipping_p02.py,955,mz2_daily_movements,bank_movements = await db.mz2_daily_movements.find(
backend/accounting_shipping_p02.py,1017,mz2_shipping_accounting_events,events = await db.mz2_shipping_accounting_events.find(
backend/accounting_shipping_settlements.py,124,mz2_daily_movements,movement = await db.mz2_daily_movements.find_one(
backend/accounting_shipping_settlements.py,131,mz2_shipping_accounting_events,prior = await db.mz2_shipping_accounting_events.find_one({
backend/accounting_shipping_settlements.py,106,mz2_shipping_rate_policies,policy = await db.mz2_shipping_rate_policies.find_one(
backend/accounting_shipping_settlements.py,100,store_drivers,return bool(await db.store_drivers.find_one({
backend/accounting_source_files.py,28,accounting_source_files,"prior = await db.accounting_source_files.find_one({""_id"": key, ""user_id"": owner})"
backend/accounting_source_files.py,43,accounting_settlements_v2,"draft = await db.accounting_settlements_v2.find_one({""id"": draft_id, ""user_id"": owner})"
backend/accounting_source_files.py,47,settlement_files,"source = await db.settlement_files.find_one({""id"": file_id, ""user_id"": owner})"
backend/accounting_source_files.py,48,accounting_source_files,"blob = await db.accounting_source_files.find_one({""file_id"": file_id, ""user_id"": owner})"
backend/accounting_source_files.py,34,accounting_source_files,await db.accounting_source_files.insert_one(record)
backend/accounting_source_files.py,36,accounting_source_files,"prior = await db.accounting_source_files.find_one({""_id"": key, ""user_id"": owner})"
backend/accounting_write_control.py,37,users,"actor = await db.users.find_one({""id"": user.get(""id"")}, {"
backend/accounting_write_control.py,48,mz2_atomic_owners,"row = await db.mz2_atomic_owners.find_one({""_id"": owner}) or {}"
backend/accounting_write_control.py,100,mz2_ingress_events,"result[""pending_events""] = await db.mz2_ingress_events.count_documents({"
backend/accounting_write_control.py,138,root,"actor = await fresh_actor(db.root, {"
backend/accounting_write_control.py,147,root,"return await atomic_owner(db.root, owner, operation)"
backend/accounting_write_control.py,142,scope,token = db.scope.set(scoped)
backend/accounting_write_control.py,146,scope,db.scope.reset(token)
backend/accounting_writer_transition.py,41,mz2_atomic_owners,return db[COLLECTION]
backend/accounting_writer_transition.py,168,mz2_atomic_owners,result = await db[COLLECTION].update_one(
backend/accounts_balance_diagnostic_routes.py,71,accounts,"async for acc in db.accounts.find(acc_filter, {""_id"": 0}):"
backend/accounts_balance_diagnostic_routes.py,283,general_ledger,async for e in db.general_ledger.find(
backend/accounts_balance_diagnostic_routes.py,492,general_ledger,async for e in db.general_ledger.find(
backend/accounts_balance_diagnostic_routes.py,504,account_transactions,async for t in db.account_transactions.find(
backend/accounts_balance_diagnostic_routes.py,670,accounts,"async for acc in db.accounts.find(acc_filter, {""_id"": 0}):"
backend/accounts_balance_diagnostic_routes.py,915,general_ledger,async for row in db.general_ledger.aggregate(recv_pipeline):
backend/accounts_balance_diagnostic_routes.py,937,general_ledger,async for e in db.general_ledger.find(
backend/accounts_balance_diagnostic_routes.py,81,account_transactions,async for t in db.account_transactions.find(
backend/accounts_balance_diagnostic_routes.py,270,accounts,acc = await db.accounts.find_one(
backend/accounts_balance_diagnostic_routes.py,397,general_ledger,total_count = await db.general_ledger.count_documents(match)
backend/accounts_balance_diagnostic_routes.py,604,general_ledger,total_count = await db.general_ledger.count_documents(match)
backend/accounts_balance_diagnostic_routes.py,708,account_transactions,async for t in db.account_transactions.find(
backend/accounts_balance_diagnostic_routes.py,110,general_ledger,ledger_entries_count = await db.general_ledger.count_documents({
backend/accounts_balance_diagnostic_routes.py,304,account_transactions,async for t in db.account_transactions.find(
backend/accounts_balance_diagnostic_routes.py,730,general_ledger,ledger_entries_count = await db.general_ledger.count_documents({
backend/accounts_balance_diagnostic_routes.py,741,general_ledger,existing_repair = await db.general_ledger.find_one({
backend/accounts_balance_diagnostic_routes.py,114,general_ledger,has_opening = bool(await db.general_ledger.find_one({
backend/accounts_balance_diagnostic_routes.py,399,general_ledger,"async for e in db.general_ledger.find(match, {"
backend/accounts_balance_diagnostic_routes.py,606,general_ledger,"async for e in db.general_ledger.find(match, {"
backend/accounts_balance_diagnostic_routes.py,137,account_transactions,async for t in db.account_transactions.find(
backend/accounts_balance_diagnostic_routes.py,159,general_ledger,async for e in db.general_ledger.find(
backend/accounts_routes.py,236,general_ledger,async for rv in db.general_ledger.find(
backend/accounts_routes.py,255,general_ledger,async for cr in db.general_ledger.find(
backend/accounts_routes.py,471,accounts,await db.accounts.update_one(
backend/accounts_routes.py,482,account_transactions,"out[""transactions_count""] = await db.account_transactions.count_documents("
backend/accounts_routes.py,540,accounts,cur = db.accounts.find(
backend/accounts_routes.py,720,account_transactions,async for t in db.account_transactions.find(
backend/accounts_routes.py,1047,accounts,async for b in db.accounts.find(
backend/accounts_routes.py,1068,unified_orders,async for row in db.unified_orders.aggregate(pipeline):
backend/accounts_routes.py,1183,accounts,"async for s in db.accounts.find(stale_query, {""_id"": 0, ""id"": 1, ""name"": 1, ""normalized_payment_method"": 1}):"
backend/accounts_routes.py,1356,accounts,async for stale in db.accounts.find(
backend/accounts_routes.py,134,accounts,await db.accounts.create_index(
backend/accounts_routes.py,449,accounts,acc = await db.accounts.find_one(
backend/accounts_routes.py,609,accounts,await db.accounts.insert_one(account)
backend/accounts_routes.py,646,accounts,doc = await db.accounts.find_one(
backend/accounts_routes.py,697,accounts,acc = await db.accounts.find_one(
backend/accounts_routes.py,783,accounts,existing = await db.accounts.find_one(
backend/accounts_routes.py,836,accounts,await db.accounts.update_one(
backend/accounts_routes.py,839,accounts,doc = await db.accounts.find_one(
backend/accounts_routes.py,846,accounts,existing = await db.accounts.find_one(
backend/accounts_routes.py,852,account_transactions,count = await db.account_transactions.count_documents(
backend/accounts_routes.py,860,account_transactions,await db.account_transactions.delete_many(
backend/accounts_routes.py,863,accounts,"await db.accounts.delete_one({""id"": account_id, ""user_id"": user[""id""]})"
backend/accounts_routes.py,879,accounts,acc = await db.accounts.find_one(
backend/accounts_routes.py,916,accounts,acc = await db.accounts.find_one(
backend/accounts_routes.py,937,account_transactions,await db.account_transactions.insert_one(doc)
backend/accounts_routes.py,939,account_transactions,fresh = await db.account_transactions.find_one(
backend/accounts_routes.py,949,account_transactions,res = await db.account_transactions.delete_one(
backend/accounts_routes.py,1150,unclassified_payment_methods,"await db.unclassified_payment_methods.delete_many({""user_id"": uid})"
backend/accounts_routes.py,466,account_transactions,await db.account_transactions.update_one(
backend/accounts_routes.py,613,account_transactions,await db.account_transactions.insert_one({
backend/accounts_routes.py,666,accounts,async for b in db.accounts.find(
backend/accounts_routes.py,890,general_ledger,anchor = await db.general_ledger.find_one(
backend/accounts_routes.py,1152,unclassified_payment_methods,await db.unclassified_payment_methods.insert_many([
backend/accounts_routes.py,1189,account_transactions,tx_count = await db.account_transactions.count_documents(
backend/accounts_routes.py,1255,accounts,existing = await db.accounts.find_one(
backend/accounts_routes.py,1335,accounts,await db.accounts.update_one(
backend/accounts_routes.py,1347,accounts,fresh = await db.accounts.find_one(
backend/accounts_routes.py,1364,accounts,await db.accounts.update_one(
backend/accounts_routes.py,1425,accounts,exists = await db.accounts.find_one(
backend/accounts_routes.py,1454,accounts,await db.accounts.insert_one(doc)
backend/accounts_routes.py,820,accounts,clash = await db.accounts.find_one(
backend/accounts_routes.py,1193,accounts,"await db.accounts.delete_one({""id"": s[""id""], ""user_id"": uid})"
backend/accounts_routes.py,1198,accounts,await db.accounts.update_one(
backend/accounts_routes.py,1277,accounts,await db.accounts.update_one(
backend/accounts_routes.py,1284,accounts,fresh = await db.accounts.find_one(
backend/accounts_routes.py,1313,accounts,await db.accounts.insert_one(doc)
backend/accounts_routes.py,210,general_ledger,rows = await db.general_ledger.find(
backend/accounts_routes.py,455,account_transactions,docs = await db.account_transactions.find(
backend/accounts_routes.py,585,accounts,"docs = await db.accounts.find(q, {""_id"": 0}).sort(""created_at"", -1).to_list(2000)"
backend/accounts_routes.py,639,unclassified_payment_methods,rows = await db.unclassified_payment_methods.find(
backend/accounts_routes.py,903,account_transactions,docs = await db.account_transactions.find(
backend/ad_account_actual_debt_routes.py,96,counterparties,async for a in db.counterparties.find(
backend/ad_account_actual_debt_routes.py,108,general_ledger,gl_ids = await db.general_ledger.distinct(
backend/ad_account_actual_debt_routes.py,143,general_ledger,async for r in db.general_ledger.aggregate([
backend/ad_account_actual_debt_routes.py,163,general_ledger,async for r in db.general_ledger.aggregate([
backend/ad_account_actual_debt_routes.py,207,general_ledger,async for r in db.general_ledger.aggregate([
backend/ad_account_actual_debt_routes.py,112,counterparties,cp = await db.counterparties.find_one(
backend/ad_account_dryrun_diff_routes.py,69,counterparties,async for a in db.counterparties.find(
backend/ad_account_dryrun_diff_routes.py,86,counterparties,async for a in db.counterparties.find(
backend/ad_account_dryrun_diff_routes.py,105,general_ledger,gl_ids: List[str] = await db.general_ledger.distinct(
backend/ad_account_dryrun_diff_routes.py,184,ad_account_ledger,async for r in db.ad_account_ledger.aggregate([
backend/ad_account_dryrun_diff_routes.py,195,liabilities,async for r in db.liabilities.aggregate([
backend/ad_account_dryrun_diff_routes.py,340,counterparties,counterparties_count = await db.counterparties.count_documents({
backend/ad_account_dryrun_diff_routes.py,344,counterparties,await db.counterparties.count_documents({
backend/ad_account_dryrun_diff_routes.py,348,counterparties,api_listing_count = await db.counterparties.count_documents({
backend/ad_account_dryrun_diff_routes.py,157,general_ledger,async for r in db.general_ledger.aggregate([
backend/ad_account_dryrun_diff_routes.py,204,account_transactions,atx_n = await db.account_transactions.count_documents({
backend/ad_account_dryrun_diff_routes.py,113,counterparties,cp = await db.counterparties.find_one(
backend/ad_account_forensic_routes.py,323,ad_account_ledger,async for r in db.ad_account_ledger.aggregate([
backend/ad_account_forensic_routes.py,336,liabilities,async for r in db.liabilities.aggregate([
backend/ad_account_forensic_routes.py,350,account_transactions,async for r in db.account_transactions.aggregate([
backend/ad_account_forensic_routes.py,274,counterparties,cp = await db.counterparties.find_one(
backend/ad_account_forensic_routes.py,292,general_ledger,async for r in db.general_ledger.aggregate([
backend/ad_account_recompute_dryrun_routes.py,52,counterparties,async for a in db.counterparties.find(
backend/ad_account_recompute_dryrun_routes.py,67,general_ledger,"gl_ids = await db.general_ledger.distinct(""entity_id"","
backend/ad_account_recompute_dryrun_routes.py,113,general_ledger,async for r in db.general_ledger.aggregate([
backend/ad_account_recompute_dryrun_routes.py,148,ad_account_ledger,legacy_l_n = await db.ad_account_ledger.count_documents({
backend/ad_account_recompute_dryrun_routes.py,151,liabilities,liab_n = await db.liabilities.count_documents({
backend/ad_account_recompute_dryrun_routes.py,154,account_transactions,atx_n = await db.account_transactions.count_documents({
backend/ad_account_recompute_dryrun_routes.py,73,counterparties,cp = await db.counterparties.find_one(
backend/ad_account_root_cause_routes.py,76,general_ledger,async for r in db.general_ledger.aggregate([
backend/ad_account_root_cause_routes.py,140,general_ledger,async for r in db.general_ledger.aggregate([
backend/ad_account_root_cause_routes.py,178,general_ledger,async for r in db.general_ledger.aggregate([
backend/ad_account_root_cause_routes.py,250,general_ledger,async for r in db.general_ledger.aggregate([
backend/ad_account_root_cause_routes.py,42,counterparties,cp = await db.counterparties.find_one(
backend/ad_account_root_cause_routes.py,103,general_ledger,async for r in db.general_ledger.aggregate([
backend/ad_account_root_cause_routes.py,227,general_ledger,no_platform_count = await db.general_ledger.count_documents({
backend/ad_account_root_cause_routes.py,362,general_ledger,first_entry = await db.general_ledger.find_one(
backend/ad_account_root_cause_routes.py,299,general_ledger,async for r in db.general_ledger.find(
backend/ad_account_root_cause_routes.py,261,counterparties,exists = await db.counterparties.count_documents(
backend/ad_account_root_cause_routes.py,263,accounts,exists += await db.accounts.count_documents(
backend/ad_account_root_cause_routes.py,90,general_ledger,async for r in db.general_ledger.find(
backend/ad_account_routes.py,349,general_ledger,async for row in db.general_ledger.aggregate([
backend/ad_account_routes.py,2971,counterparties,async for cp in db.counterparties.find(
backend/ad_account_routes.py,3307,counterparties,async for cp in db.counterparties.find(
backend/ad_account_routes.py,3343,counterparties,async for cp in db.counterparties.find(
backend/ad_account_routes.py,238,DYNAMIC:col_name,"async for row in db[col_name].find(q, projection):"
backend/ad_account_routes.py,265,counterparties,cp = await db.counterparties.find_one(
backend/ad_account_routes.py,276,liabilities,return await db.liabilities.find_one(
backend/ad_account_routes.py,418,ad_account_ledger,await db.ad_account_ledger.insert_one(doc)
backend/ad_account_routes.py,456,general_ledger,existing = await db.general_ledger.find_one(
backend/ad_account_routes.py,541,accounts,acc = await db.accounts.find_one(
backend/ad_account_routes.py,547,account_transactions,await db.account_transactions.insert_one({
backend/ad_account_routes.py,923,DYNAMIC:src['collection'],"coll = db[src[""collection""]]"
backend/ad_account_routes.py,1849,counterparties,async for cp in db.counterparties.find(
backend/ad_account_routes.py,2346,counterparties,async for cp in db.counterparties.find(
backend/ad_account_routes.py,2681,counterparties,async for cp in db.counterparties.find(
backend/ad_account_routes.py,2768,counterparties,async for cp in db.counterparties.find(
backend/ad_account_routes.py,2897,liabilities,existing = await db.liabilities.find_one(
backend/ad_account_routes.py,2915,liabilities,await db.liabilities.insert_one({
backend/ad_account_routes.py,309,ad_account_ledger,async for row in db.ad_account_ledger.find(
backend/ad_account_routes.py,567,ad_account_ledger,await db.ad_account_ledger.create_index(
backend/ad_account_routes.py,577,general_ledger,await db.general_ledger.create_index(
backend/ad_account_routes.py,751,counterparties,await db.counterparties.update_one(
backend/ad_account_routes.py,777,counterparties,await db.counterparties.update_one(
backend/ad_account_routes.py,1078,counterparties,await db.counterparties.update_one(
backend/ad_account_routes.py,1164,ad_account_ledger,old = await db.ad_account_ledger.find_one(
backend/ad_account_routes.py,1223,counterparties,await db.counterparties.update_one(
backend/ad_account_routes.py,1263,account_transactions,await db.account_transactions.insert_one({
backend/ad_account_routes.py,1298,counterparties,await db.counterparties.update_one(
backend/ad_account_routes.py,1304,ad_account_ledger,await db.ad_account_ledger.update_one(
backend/ad_account_routes.py,1397,counterparties,await db.counterparties.update_one(
backend/ad_account_routes.py,1563,counterparties,existing = await db.counterparties.find_one(
backend/ad_account_routes.py,1578,counterparties,async for d in db.counterparties.find(
backend/ad_account_routes.py,1608,counterparties,await db.counterparties.insert_one(doc)
backend/ad_account_routes.py,1626,counterparties,await db.counterparties.update_one(
backend/ad_account_routes.py,1646,counterparties,"await db.counterparties.delete_one({""id"": cp_id, ""user_id"": user[""id""]})"
backend/ad_account_routes.py,1668,counterparties,cp = await db.counterparties.find_one(
backend/ad_account_routes.py,1734,liabilities,existing = await db.liabilities.find_one(
backend/ad_account_routes.py,1780,counterparties,await db.counterparties.update_one(
backend/ad_account_routes.py,2362,ad_account_ledger,async for row in db.ad_account_ledger.find(
backend/ad_account_routes.py,2687,ad_account_ledger,async for row in db.ad_account_ledger.find(
backend/ad_account_routes.py,2774,ad_account_ledger,async for row in db.ad_account_ledger.find(
backend/ad_account_routes.py,2885,liabilities,existing = await db.liabilities.find_one(
backend/ad_account_routes.py,2905,liabilities,await db.liabilities.update_one(
backend/ad_account_routes.py,3353,counterparties,marker = await db.counterparties.find_one(
backend/ad_account_routes.py,3364,counterparties,await db.counterparties.update_many(
backend/ad_account_routes.py,598,counterparties,async for cp in db.counterparties.find(
backend/ad_account_routes.py,653,counterparties,async for cp in db.counterparties.find(
backend/ad_account_routes.py,1065,liabilities,await db.liabilities.update_one(
backend/ad_account_routes.py,1106,accounts,bank_acc = await db.accounts.find_one(
backend/ad_account_routes.py,1197,general_ledger,"await db.general_ledger.find_one(ssot_lookup, {""_id"": 0,"
backend/ad_account_routes.py,1201,general_ledger,ssot_doc = await db.general_ledger.find_one(
backend/ad_account_routes.py,1231,liabilities,existing = await db.liabilities.find_one(
backend/ad_account_routes.py,1249,account_transactions,await db.account_transactions.delete_one(
backend/ad_account_routes.py,1289,liabilities,await db.liabilities.update_one(
backend/ad_account_routes.py,1686,ad_account_ledger,async for r in db.ad_account_ledger.find(
backend/ad_account_routes.py,1750,liabilities,await db.liabilities.update_one(
backend/ad_account_routes.py,1878,liabilities,await db.liabilities.update_many(
backend/ad_account_routes.py,1892,counterparties,await db.counterparties.update_one(
backend/ad_account_routes.py,1930,counterparties,async for cp in db.counterparties.find(
backend/ad_account_routes.py,2044,counterparties,cp = await db.counterparties.find_one(
backend/ad_account_routes.py,2287,counterparties,await db.counterparties.update_one(
backend/ad_account_routes.py,2520,liabilities,existing = await db.liabilities.find_one(
backend/ad_account_routes.py,2568,counterparties,await db.counterparties.update_one(
backend/ad_account_routes.py,2574,ad_account_ledger,await db.ad_account_ledger.insert_one({
backend/ad_account_routes.py,3003,counterparties,await db.counterparties.update_one(
backend/ad_account_routes.py,3041,counterparties,await db.counterparties.update_one(
backend/ad_account_routes.py,3054,counterparties,await db.counterparties.update_one(
backend/ad_account_routes.py,3077,counterparties,await db.counterparties.update_one(
backend/ad_account_routes.py,3215,counterparties,await db.counterparties.update_one(
backend/ad_account_routes.py,3226,liabilities,existing_debt = await db.liabilities.find_one(
backend/ad_account_routes.py,3256,ad_account_ledger,await db.ad_account_ledger.insert_one({
backend/ad_account_routes.py,642,DYNAMIC:col,"rows = await db[col].count_documents({""user_id"": uid})"
backend/ad_account_routes.py,895,counterparties,accs = await db.counterparties.find(
backend/ad_account_routes.py,1240,liabilities,await db.liabilities.update_one(
backend/ad_account_routes.py,1330,accounts,bank_acc = await db.accounts.find_one(
backend/ad_account_routes.py,1766,liabilities,await db.liabilities.insert_one({
backend/ad_account_routes.py,1873,ad_account_ledger,await db.ad_account_ledger.delete_one(
backend/ad_account_routes.py,2167,ad_account_ledger,await db.ad_account_ledger.insert_one({
backend/ad_account_routes.py,2527,liabilities,await db.liabilities.delete_one(
backend/ad_account_routes.py,3112,ad_account_ledger,await db.ad_account_ledger.delete_many(
backend/ad_account_routes.py,3131,ad_account_ledger,await db.ad_account_ledger.update_one(
backend/ad_account_routes.py,3143,ad_account_ledger,await db.ad_account_ledger.insert_one({
backend/ad_account_routes.py,3242,liabilities,await db.liabilities.update_one(
backend/ad_account_routes.py,641,DYNAMIC:col,"ids = await db[col].distinct(scope, {""user_id"": uid})"
backend/ad_account_routes.py,738,ad_account_ledger,async for r in db.ad_account_ledger.find(
backend/ad_account_routes.py,862,accounting_audit_log,cur = db.accounting_audit_log.find(
backend/ad_account_routes.py,878,general_ledger,cur = db.general_ledger.find(
backend/ad_account_routes.py,1207,general_ledger,ssot_legs = await db.general_ledger.find(
backend/ad_account_routes.py,1412,liabilities,await db.liabilities.update_one(
backend/ad_account_routes.py,1443,liabilities,await db.liabilities.insert_one(debt_doc)
backend/ad_account_routes.py,1857,ad_account_ledger,rows = await db.ad_account_ledger.find(
backend/ad_account_routes.py,2066,ad_account_ledger,prev_rows = await db.ad_account_ledger.find({
backend/ad_account_routes.py,2082,counterparties,await db.counterparties.update_one(
backend/ad_account_routes.py,2092,liabilities,existing_liab = await db.liabilities.find_one(
backend/ad_account_routes.py,2128,ad_account_ledger,res = await db.ad_account_ledger.delete_many({
backend/ad_account_routes.py,2392,counterparties,await db.counterparties.update_one(
backend/ad_account_routes.py,2398,liabilities,open_liab = await db.liabilities.find_one(
backend/ad_account_routes.py,2430,ad_account_ledger,await db.ad_account_ledger.delete_many({
backend/ad_account_routes.py,2435,liabilities,opens = await db.liabilities.find(
backend/ad_account_routes.py,2459,liabilities,await db.liabilities.update_one(
backend/ad_account_routes.py,2466,liabilities,await db.liabilities.delete_many({
backend/ad_account_routes.py,2837,ad_account_ledger,await db.ad_account_ledger.delete_one(
backend/ad_account_routes.py,3026,ad_account_ledger,prev_rows = await db.ad_account_ledger.find({
backend/ad_account_routes.py,2255,ad_account_ledger,await db.ad_account_ledger.update_one(
backend/ad_account_routes.py,2268,ad_account_ledger,await db.ad_account_ledger.insert_one({
backend/ad_account_routes.py,2534,liabilities,await db.liabilities.update_one(
backend/ad_account_routes.py,2544,liabilities,await db.liabilities.insert_one({
backend/ad_account_routes.py,2803,account_transactions,del_res = await db.account_transactions.delete_one(
backend/ad_account_routes.py,2809,counterparties,await db.counterparties.update_one(
backend/ad_account_routes.py,2816,liabilities,liab = await db.liabilities.find_one(
backend/ad_account_routes.py,644,DYNAMIC:col,async for d in db[col].find(
backend/ad_account_routes.py,1960,counterparties,tiktok_cps = await db.counterparties.count_documents({
backend/ad_account_routes.py,2120,liabilities,await db.liabilities.update_one(
backend/ad_account_routes.py,2237,ad_account_ledger,await db.ad_account_ledger.delete_many(
backend/ad_account_routes.py,2424,liabilities,await db.liabilities.update_one(
backend/ad_account_routes.py,2828,liabilities,await db.liabilities.update_one(
backend/ad_account_routes.py,3096,ad_account_ledger,existing_ledger_rows = await db.ad_account_ledger.find(
backend/ad_account_routes.py,2109,liabilities,await db.liabilities.update_one(
backend/ad_account_routes.py,2116,liabilities,await db.liabilities.delete_one(
backend/ad_account_routes.py,2413,liabilities,await db.liabilities.update_one(
backend/ad_account_routes.py,2420,liabilities,await db.liabilities.delete_one(
backend/ad_account_routes.py,2199,ad_account_ledger,prior_rows = await db.ad_account_ledger.find(
backend/ad_debt_diagnostic_routes.py,73,general_ledger,async for e in db.general_ledger.find(
backend/ad_debt_diagnostic_routes.py,231,counterparties,async for cp in db.counterparties.find(
backend/ad_debt_diagnostic_routes.py,31,ad_account_ledger,async for row in db.ad_account_ledger.find(
backend/ad_debt_diagnostic_routes.py,164,counterparties,await db.counterparties.count_documents(
backend/ad_debt_diagnostic_routes.py,173,ad_account_ledger,"await db.ad_account_ledger.count_documents({""user_id"": uid})"
backend/ad_debt_diagnostic_routes.py,176,general_ledger,await db.general_ledger.count_documents({
backend/ad_debt_diagnostic_routes.py,184,general_ledger,await db.general_ledger.count_documents({
backend/ad_debt_diagnostic_routes.py,198,counterparties,async for cp in db.counterparties.find(
backend/ad_debt_diagnostic_routes.py,169,list_collection_names,"if ""ad_accounts"" in (await db.list_collection_names())"
backend/ad_debt_diagnostic_routes.py,168,ad_accounts,"await db.ad_accounts.count_documents({""user_id"": uid})"
backend/ad_debt_diagnostic_routes.py,204,ad_account_ledger,async for r in db.ad_account_ledger.find(
backend/ad_debt_diagnostic_routes.py,210,general_ledger,async for e in db.general_ledger.find(
backend/ad_debt_diagnostic_routes.py,220,general_ledger,async for e in db.general_ledger.find(
backend/ad_spend_rca_routes.py,416,counterparties,async for cp in db.counterparties.find(
backend/ad_spend_rca_routes.py,525,ads_currency_settings,async for r in db.ads_currency_settings.find(
backend/ad_spend_rca_routes.py,92,counterparties,async for cp in db.counterparties.find(
backend/ad_spend_rca_routes.py,151,DYNAMIC:src['collection'],"cursor = db[src[""collection""]].find(q, {""_id"": 0})"
backend/ad_spend_rca_routes.py,193,DYNAMIC:source_used,"async for r in db[source_used].find(pq, {""_id"": 0}):"
backend/ad_spend_rca_routes.py,201,general_ledger,async for e in db.general_ledger.find(
backend/ad_spend_rca_routes.py,361,general_ledger,async for e in db.general_ledger.find(
backend/ad_spend_rca_routes.py,380,ads_currency_settings,doc = await db.ads_currency_settings.find_one(
backend/ad_spend_rca_routes.py,497,DYNAMIC:src_name,async for r in db[src_name].find(
backend/ad_spend_rca_routes.py,439,general_ledger,async for e in db.general_ledger.find(
backend/ad_spend_rca_routes.py,465,ad_spend_idempotency,async for r in db.ad_spend_idempotency.find(
backend/ad_spend_rca_routes.py,474,financial_movements,async for r in db.financial_movements.find(
backend/ad_spend_reporting.py,44,counterparties,counterparties = await db.counterparties.find(
backend/ad_spend_reporting.py,70,general_ledger,rows = await db.general_ledger.find(
backend/ad_spend_scheduler_diagnostics.py,97,counterparties,async for cp in db.counterparties.find(
backend/ad_spend_scheduler_diagnostics.py,127,ads_currency_settings,async for r in db.ads_currency_settings.find(
backend/ad_spend_scheduler_diagnostics.py,120,snapchat_ad_accounts,async for r in db.snapchat_ad_accounts.find(
backend/ad_spend_scheduler_diagnostics.py,225,DYNAMIC:col,async for r in db[col].find(
backend/ad_spend_scheduler_diagnostics.py,279,general_ledger,docs = await db.general_ledger.aggregate(pipeline).to_list(1)
backend/ad_spend_scheduler_diagnostics.py,60,cron_runs,async for r in db.cron_runs.find(
backend/ad_spend_windows.py,377,counterparties,"async for cp in db.counterparties.find(q, {""_id"": 0}):"
backend/ad_spend_windows.py,173,general_ledger,n = await db.general_ledger.count_documents(q)
backend/ad_spend_windows.py,177,general_ledger,distinct = await db.general_ledger.distinct(
backend/ad_spend_windows.py,200,general_ledger,existing = await db.general_ledger.find_one(
backend/ad_spend_windows.py,155,general_ledger,docs = await db.general_ledger.aggregate(pipeline).to_list(1)
backend/ads_currency_routes.py,258,liabilities,"async for r in db.liabilities.find(q, {"
backend/ads_currency_routes.py,124,expense_accounts,existing = await db.expense_accounts.find_one(
backend/ads_currency_routes.py,131,expense_accounts,await db.expense_accounts.insert_one({
backend/ads_currency_routes.py,144,ads_currency_settings,doc = await db.ads_currency_settings.find_one(
backend/ads_currency_routes.py,176,ads_currency_settings,await db.ads_currency_settings.update_one(
backend/ads_currency_routes.py,194,counterparties,cp = await db.counterparties.find_one(
backend/ads_currency_routes.py,201,counterparties,await db.counterparties.update_one(
backend/ads_manager/account_cost_settings.py,85,mezan_integration_accounts_v2,cursor = db[ACCOUNT_COLLECTION].find(
backend/ads_manager/account_cost_settings.py,171,mezan_ad_account_cost_settings_v2,settings_cursor = db[COLLECTION].find(
backend/ads_manager/account_cost_settings.py,73,mezan_ad_account_cost_settings_v2,await db[COLLECTION].create_index(
backend/ads_manager/account_cost_settings.py,78,mezan_ad_account_cost_settings_v2,await db[COLLECTION].create_index(
backend/ads_manager/account_cost_settings.py,210,mezan_integration_accounts_v2,account = await db[ACCOUNT_COLLECTION].find_one(
backend/ads_manager/account_cost_settings.py,239,mezan_ad_account_cost_settings_v2,await db[COLLECTION].update_one(
backend/ads_manager/service.py,1767,snapchat_ad_accounts,snap_legacy_accounts_task = _rows(
backend/ads_manager/service.py,1820,mezan_integration_accounts_v2,snap_selected_accounts_task = _rows(
backend/ads_manager/service.py,1889,mezan_integration_accounts_v2,tiktok_connected_accounts_task = _rows(
backend/ads_manager/service.py,1987,mezan_integration_accounts_v2,meta_selected_accounts_task = _rows(
backend/ads_manager/service.py,2006,ads_accounts,accounts_task = _rows(
backend/ads_manager/service.py,2025,counterparties,legacy_accounts_task = _rows(
backend/ads_manager/service.py,310,DYNAMIC:collection_name,"cursor = db[collection_name].find(query, projection)"
backend/ads_v2/models.py,253,ads_accounts,await db.ads_accounts.create_index(
backend/ads_v2/models.py,259,ads_accounts,await db.ads_accounts.create_index(
backend/ads_v2/models.py,265,ads_daily,await db.ads_daily.create_index(
backend/ads_v2/models.py,270,ads_daily,await db.ads_daily.create_index(
backend/ads_v2/models.py,274,ads_daily,await db.ads_daily.create_index(
backend/ads_v2/models.py,281,ads_sync_logs,await db.ads_sync_logs.create_index(
backend/ads_v2/models.py,285,ads_sync_logs,await db.ads_sync_logs.create_index(
backend/ads_v2/models.py,289,ads_sync_logs,await db.ads_sync_logs.create_index(
backend/ads_v2/routes.py,177,ads_accounts,acct = await db.ads_accounts.find_one(
backend/ads_v2/routes.py,186,ads_sync_logs,await db.ads_sync_logs.insert_one({
backend/ads_v2/routes.py,210,ads_accounts,acct = await db.ads_accounts.find_one(
backend/ads_v2/routes.py,356,ads_accounts,acct = await db.ads_accounts.find_one(
backend/ads_v2/routes.py,112,ads_accounts,async for d in db.ads_accounts.find(
backend/ads_v2/routes.py,237,ads_sync_logs,"async for ev in db.ads_sync_logs.find(q, {""_id"": 0}) \"
backend/advertising_offer_watch_v3.py,47,DYNAMIC:ALERT_COLLECTION,await db[ALERT_COLLECTION].update_many(
backend/advertising_offer_watch_v3.py,91,DYNAMIC:PRODUCT_V2_COLLECTION,product_cache[product_id] = await db[PRODUCT_V2_COLLECTION].find_one(
backend/advertising_product_watch_cycle_v3.py,61,DYNAMIC:CADENCE_COLLECTION,collection = db[CADENCE_COLLECTION]
backend/advertising_product_watch_cycle_v3.py,118,DYNAMIC:CADENCE_COLLECTION,result = await db[CADENCE_COLLECTION].update_one(
backend/advertising_product_watch_cycle_v3.py,144,DYNAMIC:CAMPAIGN_PRODUCT_LINK_COLLECTION,"user_ids = await db[CAMPAIGN_PRODUCT_LINK_COLLECTION].distinct(""user_id"")"
backend/advertising_product_watch_routes_v3.py,38,DYNAMIC:ALERT_COLLECTION,"active = await db[ALERT_COLLECTION].count_documents({""user_id"": user_id, ""status"": ""active""})"
backend/advertising_product_watch_routes_v3.py,39,DYNAMIC:ALERT_COLLECTION,critical = await db[ALERT_COLLECTION].count_documents({
backend/advertising_product_watch_routes_v3.py,34,DYNAMIC:ALERT_COLLECTION,rows = await db[ALERT_COLLECTION].find(
backend/advertising_product_watch_v3.py,169,DYNAMIC:PRODUCT_WATCH_HISTORY,previous = await db[PRODUCT_WATCH_HISTORY].find_one(
backend/advertising_product_watch_v3.py,221,mezan_advertising_product_watch_alerts_v1,await db[ALERT_COLLECTION].update_one(
backend/advertising_product_watch_v3.py,386,mezan_advertising_product_watch_alerts_v1,await db[ALERT_COLLECTION].update_many(
backend/advertising_product_watch_v3.py,401,mezan_advertising_product_watch_alerts_v1,"await db[ALERT_COLLECTION].create_index(""alert_key"", unique=True, name=""advertising_product_watch_alert_unique"")"
backend/advertising_product_watch_v3.py,402,mezan_advertising_product_watch_alerts_v1,"await db[ALERT_COLLECTION].create_index([(""user_id"", 1), (""status"", 1), (""severity"", 1), (""last_seen_at"", -1)], name=""advertising_product_watch_user_active"")"
backend/advertising_product_watch_v3.py,403,DYNAMIC:PRODUCT_WATCH_HISTORY,"await db[PRODUCT_WATCH_HISTORY].create_index([(""user_id"", 1), (""product_id"", 1), (""observed_at"", -1)], name=""advertising_product_watch_history"")"
backend/advertising_product_watch_v3.py,404,mezan_advertising_product_watch_cadence_v1,"await db[CADENCE_COLLECTION].create_index(""cadence_id"", unique=True, name=""advertising_product_watch_cadence_unique"")"
backend/advertising_product_watch_v3.py,412,mezan_advertising_product_watch_cadence_v1,row = await db[CADENCE_COLLECTION].find_one_and_update(
backend/advertising_product_watch_v3.py,447,mezan_advertising_product_watch_cadence_v1,await db[CADENCE_COLLECTION].update_one(
backend/advertising_product_watch_v3.py,111,DYNAMIC:SNAPCHAT_ACCOUNT_LOCAL_PERFORMANCE_COLLECTION,row = await db[SNAPCHAT_ACCOUNT_LOCAL_PERFORMANCE_COLLECTION].find_one(
backend/advertising_product_watch_v3.py,128,DYNAMIC:META_CAMPAIGN_REPORTING_COLLECTION,row = await db[META_CAMPAIGN_REPORTING_COLLECTION].find_one(
backend/advertising_product_watch_v3.py,436,mezan_advertising_product_watch_cadence_v1,"existing = await db[CADENCE_COLLECTION].find_one({""cadence_id"": CADENCE_ID}, {""_id"": 0}) or {}"
backend/advertising_product_watch_v3.py,465,DYNAMIC:CAMPAIGN_PRODUCT_LINK_COLLECTION,"user_ids = await db[CAMPAIGN_PRODUCT_LINK_COLLECTION].distinct(""user_id"")"
backend/advertising_product_watch_v3.py,364,DYNAMIC:PRODUCT_WATCH_HISTORY,await db[PRODUCT_WATCH_HISTORY].insert_one({
backend/advertising_product_watch_v3.py,283,DYNAMIC:PRODUCT_V2_COLLECTION,product_cache[product_id] = await db[PRODUCT_V2_COLLECTION].find_one(
backend/advertising_product_watch_v3.py,287,salla_products,canonical_cache[product_id] = await db[SALLA_PRODUCT_CACHE].find_one(
backend/advertising_product_watch_v3.py,84,DYNAMIC:CAMPAIGN_PRODUCT_LINK_COLLECTION,rows = await db[CAMPAIGN_PRODUCT_LINK_COLLECTION].find(
backend/ai_analysis_routes.py,448,mezan_ai_analysis_jobs,collection = db[AI_ANALYSIS_JOB_COLLECTION]
backend/ai_analysis_routes.py,488,mezan_ai_analysis_jobs,collection = db[AI_ANALYSIS_JOB_COLLECTION]
backend/ai_analysis_routes.py,551,mezan_ai_analysis_jobs,collection = db[AI_ANALYSIS_JOB_COLLECTION]
backend/ai_store_access_contract.py,205,mezan_role_assignments_v2,return db[ROLE_ASSIGNMENTS]
backend/ai_store_operations_foundation.py,118,DYNAMIC:PRODUCTS,product = await db[PRODUCTS].find_one(
backend/ai_store_operations_foundation.py,135,DYNAMIC:COST_PROFILES,cost_profile = await db[COST_PROFILES].find_one(
backend/ai_store_operations_foundation.py,175,DYNAMIC:COST_PROFILES,profiles = await db[COST_PROFILES].find(
backend/ai_store_operations_foundation.py,169,DYNAMIC:PRODUCTS,products = await db[PRODUCTS].find(
backend/alerts_routes.py,47,settlement_alerts,existing = await db.settlement_alerts.find_one(
backend/alerts_routes.py,70,settlement_alerts,await db.settlement_alerts.insert_one(payload)
backend/alerts_routes.py,151,settlement_files,latest = await db.settlement_files.find_one(
backend/alerts_routes.py,235,orders,cnt = await db.orders.count_documents({
backend/alerts_routes.py,403,settlement_alerts,await db.settlement_alerts.update_many(
backend/alerts_routes.py,443,alert_settings,"s = await db.alert_settings.find_one({""user_id"": user_id}, {""_id"": 0})"
backend/alerts_routes.py,450,settlement_alerts,await db.settlement_alerts.update_many(
backend/alerts_routes.py,596,settlement_alerts,"await db.settlement_alerts.create_index([(""user_id"", 1), (""status"", 1)])"
backend/alerts_routes.py,597,settlement_alerts,await db.settlement_alerts.create_index(
backend/alerts_routes.py,599,settlement_alerts,await db.settlement_alerts.create_index(
backend/alerts_routes.py,601,alert_settings,"await db.alert_settings.create_index(""user_id"", unique=True)"
backend/alerts_routes.py,53,settlement_alerts,await db.settlement_alerts.update_one(
backend/alerts_routes.py,80,orders,cursor = db.orders.find({
backend/alerts_routes.py,112,orders,cursor = db.orders.find({
backend/alerts_routes.py,204,shipping_companies,company = await db.shipping_companies.find_one(
backend/alerts_routes.py,464,settlement_alerts,n = await db.settlement_alerts.count_documents(
backend/alerts_routes.py,511,settlement_alerts,n = await db.settlement_alerts.count_documents(
backend/alerts_routes.py,517,settlement_alerts,res = await db.settlement_alerts.update_one(
backend/alerts_routes.py,527,settlement_alerts,res = await db.settlement_alerts.update_many(
backend/alerts_routes.py,535,settlement_alerts,res = await db.settlement_alerts.update_one(
backend/alerts_routes.py,549,settlement_alerts,res = await db.settlement_alerts.update_one(
backend/alerts_routes.py,585,alert_settings,await db.alert_settings.update_one(
backend/alerts_routes.py,191,shipping_company_ledger,agg = await db.shipping_company_ledger.aggregate([
backend/alerts_routes.py,271,counterparties,accts = await db.counterparties.find(
backend/alerts_routes.py,279,liabilities,debt_rows = await db.liabilities.aggregate([
backend/alerts_routes.py,486,settlement_alerts,"rows = await db.settlement_alerts.find(q, {""_id"": 0}) \"
backend/audit_routes.py,66,general_ledger,async for d in db.general_ledger.aggregate(dupes_pipeline):
backend/audit_routes.py,89,general_ledger,async for s in db.general_ledger.aggregate(sum_pipeline):
backend/audit_routes.py,102,accounts,async for a in db.accounts.find(
backend/audit_routes.py,141,counterparties,async for cp in db.counterparties.find(
backend/audit_routes.py,152,accounts,async for a in db.accounts.find(
backend/audit_routes.py,162,employees,async for e in db.employees.find(
backend/audit_routes.py,175,general_ledger,async for row in db.general_ledger.find(
backend/audit_routes.py,257,accounts,async for a in db.accounts.find(
backend/audit_routes.py,431,employees,"async for e in db.employees.find({}, {"
backend/audit_routes.py,469,general_ledger,async for row in db.general_ledger.find(
backend/audit_routes.py,585,employees,"async for e in db.employees.find({}, {"
backend/audit_routes.py,616,employees,async for e in db.employees.find(
backend/audit_routes.py,632,general_ledger,async for row in db.general_ledger.find(
backend/audit_routes.py,732,accounts,async for a in db.accounts.find(
backend/audit_routes.py,908,accounts,async for a in db.accounts.find(
backend/audit_routes.py,950,payment_transactions,async for t in db.payment_transactions.find(
backend/audit_routes.py,991,payment_refunds,async for r in db.payment_refunds.find(
backend/audit_routes.py,1120,general_ledger,async for row in db.general_ledger.find(
backend/audit_routes.py,1404,general_ledger,async for m in db.general_ledger.find(
backend/audit_routes.py,1429,accounts,async for a in db.accounts.find(
backend/audit_routes.py,1489,general_ledger,async for m in db.general_ledger.find(
backend/audit_routes.py,124,general_ledger,cod_in_ledger = await db.general_ledger.count_documents({
backend/audit_routes.py,424,employees,"counts_by_filter[""__no_filter__""] = await db.employees.count_documents({})"
backend/audit_routes.py,778,general_ledger,async for d in db.general_ledger.aggregate(agg_pipeline):
backend/audit_routes.py,1740,general_ledger,async for leg in db.general_ledger.find(
backend/audit_routes.py,1775,counterparties,async for cp in db.counterparties.find(
backend/audit_routes.py,1902,general_ledger,async for leg in db.general_ledger.find(
backend/audit_routes.py,2088,counterparties,"cp = await db.counterparties.find_one(q, {""_id"": 0})"
backend/audit_routes.py,46,migration_cutoffs,cutoff = await db.migration_cutoffs.find_one(
backend/audit_routes.py,421,employees,counts_by_filter[field] = await db.employees.count_documents(
backend/audit_routes.py,1030,account_transactions,async for tx in db.account_transactions.find(
backend/audit_routes.py,1751,general_ledger,async for r in db.general_ledger.find(
backend/audit_routes.py,1472,account_transactions,today_txns = await db.account_transactions.find(
backend/audit_routes.py,1889,counterparties,cps = await db.counterparties.find(
backend/audit_routes.py,2195,DYNAMIC:src['col'],"agg = await db[src[""col""]].aggregate(["
backend/audit_routes.py,795,general_ledger,async for row in db.general_ledger.find(
backend/audit_routes.py,1443,account_transactions,recent = await db.account_transactions.find(
backend/audit_routes.py,1611,account_transactions,rows = await db.account_transactions.find(
backend/audit_routes.py,1731,general_ledger,cron_rows = await db.general_ledger.find(
backend/audit_routes.py,2247,ad_account_ledger,prev_rows = await db.ad_account_ledger.find(
backend/auth.py,401,users,"existing = await db.users.find_one({""email"": admin_email})"
backend/auth.py,468,settings,"settings = await db.settings.find_one({""user_id"": user_id})"
backend/auth.py,213,users,"user = await db.users.find_one({""id"": user_id})"
backend/auth.py,262,users,"user = await db.users.find_one({""id"": user_id})"
backend/auth.py,404,users,"existing_owner = await db.users.find_one({""role"": ""owner""})"
backend/auth.py,477,settings,await db.settings.insert_one(settings)
backend/auth.py,409,users,await db.users.insert_one({
backend/auth.py,427,users,other_owner = await db.users.find_one(
backend/auth.py,493,settings,await db.settings.update_one(
backend/auth.py,431,users,await db.users.update_one(
backend/balance_drift_diagnostic_routes.py,67,general_ledger,async for r in db.general_ledger.aggregate([
backend/balance_drift_diagnostic_routes.py,94,account_transactions,async for r in db.account_transactions.aggregate([
backend/balance_drift_diagnostic_routes.py,122,general_ledger,async for r in db.general_ledger.aggregate([
backend/balance_drift_diagnostic_routes.py,149,general_ledger,async for r in db.general_ledger.aggregate([
backend/balance_drift_diagnostic_routes.py,213,accounts,"async for acc in db.accounts.find(match, {""_id"": 0}).sort(""name"", 1):"
backend/balance_resolver.py,109,accounts,acc = await db.accounts.find_one(
backend/balance_resolver.py,71,general_ledger,has_opening = await db.general_ledger.find_one(
backend/bank_balance_subaccount_diagnostic_routes.py,110,general_ledger,async for r in db.general_ledger.aggregate([
backend/bank_balance_subaccount_diagnostic_routes.py,147,general_ledger,async for r in db.general_ledger.aggregate([
backend/bank_balance_subaccount_diagnostic_routes.py,46,accounts,acc = await db.accounts.find_one(
backend/bank_balance_subaccount_diagnostic_routes.py,87,general_ledger,async for row in db.general_ledger.aggregate(pipeline):
backend/bank_balance_subaccount_diagnostic_routes.py,126,general_ledger,async for r in db.general_ledger.find(
backend/bank_current_balance_source_routes.py,116,general_ledger,async for r in db.general_ledger.aggregate([
backend/bank_current_balance_source_routes.py,147,general_ledger,async for leg in db.general_ledger.find(
backend/bank_current_balance_source_routes.py,171,account_transactions,async for r in db.account_transactions.aggregate([
backend/bank_current_balance_source_routes.py,50,accounts,acc = await db.accounts.find_one(
backend/bank_current_balance_source_routes.py,91,general_ledger,async for r in db.general_ledger.aggregate([
backend/bank_current_balance_source_routes.py,211,financial_movements,async for r in db.financial_movements.aggregate([
backend/bank_current_balance_source_routes.py,292,general_ledger,has_opening_in_ledger = await db.general_ledger.find_one(
backend/bank_transfer_review_routes.py,201,bank_transfer_reviews,db.bank_transfer_reviews.create_index(
backend/bank_transfer_review_routes.py,488,bank_transfer_reviews,async for row in db.bank_transfer_reviews.aggregate(pipeline):
backend/bank_transfer_review_routes.py,502,bank_transfer_reviews,async for r in db.bank_transfer_reviews.aggregate(pipeline_src):
backend/bank_transfer_review_routes.py,542,bank_transfer_reviews,stuck_cursor = db.bank_transfer_reviews.aggregate([
backend/bank_transfer_review_routes.py,227,bank_transfer_reviews,doc = await db.bank_transfer_reviews.find_one(
backend/bank_transfer_review_routes.py,248,accounts,acc = await db.accounts.find_one(
backend/bank_transfer_review_routes.py,413,bank_transfer_reviews,await db.bank_transfer_reviews.insert_one(doc)
backend/bank_transfer_review_routes.py,461,bank_transfer_reviews,total = await db.bank_transfer_reviews.count_documents(q_doc)
backend/bank_transfer_review_routes.py,578,bank_transfer_reviews,await db.bank_transfer_reviews.update_one(
backend/bank_transfer_review_routes.py,618,bank_transfer_reviews,await db.bank_transfer_reviews.update_one(
backend/bank_transfer_review_routes.py,669,bank_transfer_reviews,await db.bank_transfer_reviews.update_one(
backend/bank_transfer_review_routes.py,699,bank_transfer_reviews,await db.bank_transfer_reviews.update_one(
backend/bank_transfer_review_routes.py,726,bank_transfer_reviews,await db.bank_transfer_reviews.update_one(
backend/bank_transfer_review_routes.py,741,bank_transfer_reviews,await db.bank_transfer_reviews.delete_one(
backend/bank_transfer_review_routes.py,241,settings,s = await db.settings.find_one(
backend/bank_transfer_review_routes.py,358,bank_transfer_reviews,existing = await db.bank_transfer_reviews.find_one(
backend/bank_transfer_review_routes.py,524,settings,"s = await db.settings.find_one({""user_id"": uid}, {""_id"": 0}) or {}"
backend/bank_transfer_review_routes.py,530,accounts,acc = await db.accounts.find_one(
backend/bank_transfer_review_routes.py,462,bank_transfer_reviews,cursor = (db.bank_transfer_reviews
backend/bnpl/auto_sync_service.py,38,payment_transactions,cursor = db.payment_transactions.find(
backend/bnpl/auto_sync_service.py,152,bnpl_settings,cursor = db.bnpl_settings.find(
backend/bnpl/auto_sync_service.py,59,unified_orders,res = await db.unified_orders.update_one(
backend/bnpl/billing_eligible.py,112,payment_transactions,matched = await db.payment_transactions.count_documents({
backend/bnpl/billing_eligible.py,117,payment_transactions,res = await db.payment_transactions.update_many(
backend/bnpl/billing_eligible.py,128,payment_transactions,async for d in db.payment_transactions.find(
backend/bnpl/config_store.py,163,bnpl_settings,doc = await db.bnpl_settings.find_one(
backend/bnpl/config_store.py,170,bnpl_settings,await db.bnpl_settings.update_one(
backend/bnpl/config_store.py,189,bnpl_settings,return await db.bnpl_settings.find_one(
backend/bnpl/config_store.py,461,bnpl_settings,await db.bnpl_settings.update_one(
backend/bnpl/config_store.py,510,bnpl_settings,await db.bnpl_settings.update_one(
backend/bnpl/config_store.py,522,bnpl_settings,await db.bnpl_settings.update_one(
backend/bnpl/config_store.py,144,bnpl_settings,await db.bnpl_settings.create_index(
backend/bnpl/config_store.py,151,bnpl_settings,await db.bnpl_settings.create_index(
backend/bnpl/config_store.py,213,bnpl_settings,doc = await db.bnpl_settings.find_one(
backend/bnpl/config_store.py,230,bnpl_settings,await db.bnpl_settings.update_one(
backend/bnpl/config_store.py,256,bnpl_settings,await db.bnpl_settings.update_one(
backend/bnpl/config_store.py,337,bnpl_settings,doc = await db.bnpl_settings.find_one(
backend/bnpl/config_store.py,363,bnpl_settings,existing = await db.bnpl_settings.find_one(
backend/bnpl/config_store.py,500,users,await db.users.update_one(
backend/bnpl/ledger_bridge.py,91,general_ledger,doc = await db.general_ledger.find_one(
backend/bnpl/ledger_bridge.py,192,payment_transactions,"payment = await db.payment_transactions.find_one({'user_id':user_id,"
backend/bnpl/settlement_attribution.py,250,payment_transactions,"async for d in db.payment_transactions.find(base_q, {""_id"": 0, ""id"": 1}):"
backend/bnpl/settlement_attribution.py,119,payment_transactions,doc = await db.payment_transactions.find_one(q)
backend/bnpl/settlement_attribution.py,147,payment_transactions,await db.payment_transactions.update_one(
backend/bnpl/settlement_attribution.py,157,tamara_attribution_log,await db.tamara_attribution_log.insert_one({
backend/bnpl/settlement_attribution.py,243,payment_transactions,matched = await db.payment_transactions.count_documents(base_q)
backend/bnpl/settlement_attribution.py,244,payment_transactions,res = await db.payment_transactions.update_many(
backend/bnpl/settlements_service.py,534,payment_transactions,async for r in db.payment_transactions.aggregate([
backend/bnpl/settlements_service.py,567,payment_refunds,async for r in db.payment_refunds.aggregate([
backend/bnpl/settlements_service.py,823,account_transactions,async for r in db.account_transactions.aggregate([
backend/bnpl/settlements_service.py,905,settlement_entries,async for e in db.settlement_entries.aggregate(pipeline):
backend/bnpl/settlements_service.py,969,settlement_files,cursor = db.settlement_files.find(
backend/bnpl/settlements_service.py,1047,settlement_files,cursor = db.settlement_files.find(
backend/bnpl/settlements_service.py,1219,payment_transactions,async for t in db.payment_transactions.find(
backend/bnpl/settlements_service.py,1304,payment_refunds,"async for r in db.payment_refunds.find(refund_match, {""_id"": 0, ""amount"": 1}):"
backend/bnpl/settlements_service.py,350,bnpl_settings,doc = await db.bnpl_settings.find_one(
backend/bnpl/settlements_service.py,597,payment_transactions,async for t in db.payment_transactions.find(
backend/bnpl/settlements_service.py,609,payment_refunds,async for rf in db.payment_refunds.find(
backend/bnpl/settlements_service.py,750,payment_transactions,async for t in db.payment_transactions.find(
backend/bnpl/settlements_service.py,788,accounts,return await db.accounts.find_one(
backend/bnpl/settlements_service.py,1246,payment_refunds,async for rf in db.payment_refunds.find(
backend/bnpl/settlements_service.py,366,users,user_doc = await db.users.find_one(
backend/bnpl/settlements_service.py,707,payment_transactions,async for t in db.payment_transactions.find(
backend/bnpl/settlements_service.py,732,payment_refunds,async for r in db.payment_refunds.find(
backend/bnpl/settlements_service.py,1488,bnpl_settings,sett = await db.bnpl_settings.find_one(
backend/bnpl/settlements_service.py,622,payment_transactions,orig = await db.payment_transactions.find_one(
backend/bnpl/settlements_service.py,631,payment_transactions,orig = await db.payment_transactions.find_one(
backend/bnpl/settlements_service.py,1257,payment_transactions,orig = await db.payment_transactions.find_one(
backend/bnpl/settlements_service.py,1266,payment_transactions,orig = await db.payment_transactions.find_one(
backend/bnpl_settlement_banktx_routes.py,39,general_ledger,async for e in db.general_ledger.find(
backend/bnpl_settlement_banktx_routes.py,61,account_transactions,existing = await db.account_transactions.find_one(
backend/bnpl_settlement_banktx_routes.py,129,account_transactions,already = await db.account_transactions.find_one(
backend/bnpl_settlement_banktx_routes.py,157,account_transactions,await db.account_transactions.insert_one(doc)
backend/bnpl_settlement_health_routes.py,44,general_ledger,async for e in db.general_ledger.find(
backend/bnpl_settlement_health_routes.py,103,general_ledger,async for e in db.general_ledger.find(
backend/bnpl_settlement_health_routes.py,75,general_ledger,async for e in db.general_ledger.find(
backend/bnpl_settlement_trace_routes.py,38,general_ledger,async for e in db.general_ledger.find(
backend/bnpl_settlement_trace_routes.py,92,financial_movements,"async for m in db.financial_movements.find(q, {""_id"": 0}):"
backend/bnpl_settlement_trace_routes.py,98,account_transactions,async for t in db.account_transactions.find(
backend/bnpl_settlement_trace_routes.py,77,accounts,bank_doc = await db.accounts.find_one(
backend/bnpl_statement_ui_audit_routes.py,46,general_ledger,row = await db.general_ledger.find_one(
backend/bnpl_statement_ui_audit_routes.py,75,general_ledger,any_row = await db.general_ledger.find_one(
backend/bnpl_statement_ui_audit_routes.py,118,account_transactions,atx = await db.account_transactions.find_one(
backend/bnpl_statement_ui_audit_routes.py,251,account_transactions,async for t in db.account_transactions.aggregate([
backend/bnpl_statement_ui_audit_routes.py,293,general_ledger,async for t in db.general_ledger.aggregate([
backend/bnpl_statement_ui_audit_routes.py,88,general_ledger,bank_leg = await db.general_ledger.find_one(
backend/bnpl_statement_ui_audit_routes.py,207,accounts,acc = await db.accounts.find_one(
backend/bnpl_statement_ui_audit_routes.py,248,account_transactions,atx_total = await db.account_transactions.count_documents(
backend/bnpl_statement_ui_audit_routes.py,291,general_ledger,gl_total = await db.general_ledger.count_documents(gl_filter)
backend/bnpl_statement_ui_audit_routes.py,220,general_ledger,anchor = await db.general_ledger.find_one(
backend/bnpl_statement_ui_audit_routes.py,258,account_transactions,async for r in db.account_transactions.find(
backend/bnpl_statement_ui_audit_routes.py,274,account_transactions,row = await db.account_transactions.find_one(
backend/bnpl_statement_ui_audit_routes.py,300,general_ledger,async for r in db.general_ledger.find(
backend/bnpl_statement_ui_audit_routes.py,311,general_ledger,anywhere = await db.general_ledger.find_one(
backend/bnpl_statement_ui_audit_routes.py,339,general_ledger,async for r in db.general_ledger.find(
backend/bnpl_statement_ui_audit_routes.py,328,general_ledger,bank_leg_for_this_account = await db.general_ledger.find_one(
backend/bnpl_statement_ui_audit_routes.py,358,general_ledger,async for r in db.general_ledger.find(
backend/bnpl_statement_ui_audit_routes.py,366,account_transactions,async for r in db.account_transactions.find(
backend/campaign_ai_abandoned_cart_evidence_v3.py,170,DYNAMIC:ABANDONED_CART_COLLECTION,cursor = db[ABANDONED_CART_COLLECTION].find(
backend/campaign_ai_ad_creative_media_v3.py,235,DYNAMIC:META_CREDENTIALS_COLLECTION,row = await db[META_CREDENTIALS_COLLECTION].find_one(
backend/campaign_ai_ad_creative_media_v3.py,158,DYNAMIC:SNAPCHAT_ENTITY_COLLECTION,creative = await db[SNAPCHAT_ENTITY_COLLECTION].find_one(
backend/campaign_ai_ad_creative_media_v3.py,119,DYNAMIC:SNAPCHAT_ENTITY_COLLECTION,return await db[SNAPCHAT_ENTITY_COLLECTION].find(
backend/campaign_ai_customer_voice_evidence_v3.py,181,mezan_customer_voice_signals_v1,rows = await db[CUSTOMER_VOICE_COLLECTION].find(
backend/campaign_ai_evidence_runtime_enrichment_v3.py,34,DYNAMIC:PRODUCT_V2_COLLECTION,rows = await db[PRODUCT_V2_COLLECTION].find(
backend/campaign_ai_evidence_v3.py,202,DYNAMIC:ALERT_COLLECTION,rows = await db[ALERT_COLLECTION].find(
backend/campaign_ai_execution_quality_gate.py,1627,DYNAMIC:recommendation_collection,"db[recommendation_collection],"
backend/campaign_ai_execution_quality_gate.py,811,DYNAMIC:source_collection,"cursor = db[source_collection].find(query, {""_id"": 0})"
backend/campaign_ai_execution_quality_gate.py,1308,mezan_ad_account_cost_settings_v2,"db[ACCOUNT_COST_SETTINGS_COLLECTION],"
backend/campaign_ai_execution_quality_gate.py,822,DYNAMIC:state_collection,"db[state_collection],"
backend/campaign_ai_execution_quality_gate.py,1274,mezan_integrations_v2,"db[INTEGRATIONS_COLLECTION],"
backend/campaign_ai_execution_quality_gate.py,1279,mezan_integration_accounts_v2,"db[ACCOUNTS_COLLECTION],"
backend/campaign_ai_execution_quality_gate.py,1298,mezan_integration_sync_runs_v2,"db[SYNC_RUNS_COLLECTION],"
backend/campaign_ai_execution_quality_gate.py,1289,mezan_integration_accounts_v2,"db[ACCOUNTS_COLLECTION],"
backend/campaign_ai_knowledge_retrieval_v3.py,306,mezan_marketing_knowledge_sources_v1,"await db[SOURCE_COLLECTION].create_index(""source_id"", unique=True, name=""marketing_kb_source_unique"")"
backend/campaign_ai_knowledge_retrieval_v3.py,307,mezan_marketing_knowledge_sources_v1,"await db[SOURCE_COLLECTION].create_index([(""source_tier"", 1), (""last_reviewed_at"", -1)], name=""marketing_kb_source_quality"")"
backend/campaign_ai_knowledge_retrieval_v3.py,308,mezan_marketing_knowledge_chunks_v1,"await db[CHUNK_COLLECTION].create_index(""chunk_id"", unique=True, name=""marketing_kb_chunk_unique"")"
backend/campaign_ai_knowledge_retrieval_v3.py,309,mezan_marketing_knowledge_chunks_v1,"await db[CHUNK_COLLECTION].create_index([(""source_id"", 1), (""chunk_index"", 1)], unique=True, name=""marketing_kb_source_chunk_unique"")"
backend/campaign_ai_knowledge_retrieval_v3.py,310,mezan_marketing_knowledge_chunks_v1,"await db[CHUNK_COLLECTION].create_index(""topics"", name=""marketing_kb_topics"")"
backend/campaign_ai_knowledge_retrieval_v3.py,421,mezan_marketing_knowledge_sources_v1,"await db[SOURCE_COLLECTION].update_one({""source_id"": sid}, {""$set"": source}, upsert=True)"
backend/campaign_ai_knowledge_retrieval_v3.py,432,mezan_marketing_knowledge_chunks_v1,"await db[CHUNK_COLLECTION].delete_many({""source_id"": sid})"
backend/campaign_ai_knowledge_retrieval_v3.py,327,mezan_marketing_knowledge_sources_v1,await db[SOURCE_COLLECTION].update_one(
backend/campaign_ai_knowledge_retrieval_v3.py,456,mezan_marketing_knowledge_chunks_v1,await db[CHUNK_COLLECTION].insert_one(document)
backend/campaign_ai_knowledge_retrieval_v3.py,334,mezan_marketing_knowledge_chunks_v1,await db[CHUNK_COLLECTION].update_one(
backend/campaign_ai_knowledge_retrieval_v3.py,367,mezan_marketing_knowledge_chunks_v1,await db[CHUNK_COLLECTION].update_one(
backend/campaign_ai_knowledge_retrieval_v3.py,487,mezan_marketing_knowledge_chunks_v1,rows = await db[CHUNK_COLLECTION].find(
backend/campaign_ai_knowledge_retrieval_v3.py,358,mezan_marketing_knowledge_chunks_v1,missing = await db[CHUNK_COLLECTION].find(
backend/campaign_ai_monitor.py,207,DYNAMIC:RECOMMENDATION_COLLECTION,await db[RECOMMENDATION_COLLECTION].update_one(
backend/campaign_ai_monitor_legacy.py,2045,mezan_campaign_ai_scheduler_locks_v1,collection = db[LOCK_COLLECTION]
backend/campaign_ai_monitor_legacy.py,465,mezan_campaign_ai_recommendations_v1,await db[RECOMMENDATION_COLLECTION].create_index(
backend/campaign_ai_monitor_legacy.py,469,mezan_campaign_ai_recommendations_v1,await db[RECOMMENDATION_COLLECTION].create_index(
backend/campaign_ai_monitor_legacy.py,473,mezan_campaign_ai_runs_v1,await db[RUN_COLLECTION].create_index(
backend/campaign_ai_monitor_legacy.py,477,mezan_campaign_ai_runs_v1,await db[RUN_COLLECTION].create_index(
backend/campaign_ai_monitor_legacy.py,482,mezan_meta_entity_performance_daily_v1,await db[META_ENTITY_COLLECTION].create_index(
backend/campaign_ai_monitor_legacy.py,490,mezan_campaign_ai_scheduler_locks_v1,await db[LOCK_COLLECTION].create_index(
backend/campaign_ai_monitor_legacy.py,493,mezan_campaign_ai_scheduler_locks_v1,await db[LOCK_COLLECTION].create_index(
backend/campaign_ai_monitor_legacy.py,496,mezan_campaign_ai_executions_v1,await db[EXECUTION_COLLECTION].create_index(
backend/campaign_ai_monitor_legacy.py,1755,mezan_campaign_ai_runs_v1,await db[RUN_COLLECTION].insert_one({
backend/campaign_ai_monitor_legacy.py,1995,mezan_integration_accounts_v2,values = await db.mezan_integration_accounts_v2.distinct(
backend/campaign_ai_monitor_legacy.py,2331,mezan_campaign_ai_executions_v1,unresolved = await db[EXECUTION_COLLECTION].find_one(
backend/campaign_ai_monitor_legacy.py,1008,mezan_meta_entity_performance_daily_v1,cursor = db[META_ENTITY_COLLECTION].find(
backend/campaign_ai_monitor_legacy.py,1972,mezan_campaign_ai_recommendations_v1,await db[RECOMMENDATION_COLLECTION].insert_one(document)
backend/campaign_ai_monitor_legacy.py,1973,mezan_campaign_ai_runs_v1,await db[RUN_COLLECTION].update_one(
backend/campaign_ai_monitor_legacy.py,2009,mezan_integrations_v2,values = await db.mezan_integrations_v2.distinct(
backend/campaign_ai_monitor_legacy.py,2110,mezan_campaign_ai_scheduler_locks_v1,"await db[LOCK_COLLECTION].delete_one({""lock_id"": LOCK_ID, ""owner"": owner})"
backend/campaign_ai_monitor_legacy.py,2261,mezan_snapchat_campaign_proposals_v1,"proposal_row = await db[""mezan_snapchat_campaign_proposals_v1""].find_one("
backend/campaign_ai_monitor_legacy.py,2351,mezan_campaign_ai_executions_v1,await db[EXECUTION_COLLECTION].update_one(
backend/campaign_ai_monitor_legacy.py,2590,mezan_campaign_ai_recommendations_v1,document = await db[RECOMMENDATION_COLLECTION].find_one(
backend/campaign_ai_monitor_legacy.py,2621,mezan_campaign_ai_recommendations_v1,latest = await db[RECOMMENDATION_COLLECTION].find_one(
backend/campaign_ai_monitor_legacy.py,1980,mezan_campaign_ai_runs_v1,await db[RUN_COLLECTION].update_one(
backend/campaign_ai_monitor_legacy.py,2021,snapchat_connections,db.snapchat_connections.distinct(
backend/campaign_ai_monitor_legacy.py,2025,meta_connections,db.meta_connections.distinct(
backend/campaign_ai_monitor_legacy.py,2370,mezan_campaign_ai_recommendations_v1,await db[RECOMMENDATION_COLLECTION].update_one(
backend/campaign_ai_monitor_legacy.py,2675,mezan_campaign_ai_executions_v1,await db[EXECUTION_COLLECTION].insert_one(started)
backend/campaign_ai_monitor_legacy.py,2677,mezan_campaign_ai_executions_v1,existing = await db[EXECUTION_COLLECTION].find_one(
backend/campaign_ai_monitor_legacy.py,2697,mezan_campaign_ai_executions_v1,await db[EXECUTION_COLLECTION].update_one(
backend/campaign_ai_monitor_legacy.py,2707,mezan_campaign_ai_recommendations_v1,await db[RECOMMENDATION_COLLECTION].update_one(
backend/campaign_ai_monitor_legacy.py,605,mezan_meta_entity_performance_daily_v1,await db[META_ENTITY_COLLECTION].delete_many({
backend/campaign_ai_monitor_legacy.py,2098,mezan_campaign_ai_runs_v1,await db[RUN_COLLECTION].update_many(
backend/campaign_ai_monitor_legacy.py,2607,mezan_campaign_ai_recommendations_v1,cursor = db[RECOMMENDATION_COLLECTION].find(
backend/campaign_ai_monitor_legacy.py,2720,mezan_campaign_ai_executions_v1,await db[EXECUTION_COLLECTION].update_one(
backend/campaign_ai_monitor_legacy.py,2724,mezan_campaign_ai_recommendations_v1,await db[RECOMMENDATION_COLLECTION].update_one(
backend/campaign_ai_monitor_legacy.py,689,mezan_meta_entity_performance_daily_v1,await db[META_ENTITY_COLLECTION].update_one(
backend/campaign_ai_monitor_legacy.py,1436,mezan_campaign_ai_recommendations_v1,snapshots = await db[RECOMMENDATION_COLLECTION].find(
backend/campaign_ai_monitor_legacy.py,1440,mezan_campaign_ai_executions_v1,executions = await db[EXECUTION_COLLECTION].find(
backend/campaign_ai_monthly_causal_memory.py,207,mezan_campaign_ai_monthly_causal_memory_v1,await db[COLLECTION].create_index(
backend/campaign_ai_monthly_causal_memory.py,212,mezan_campaign_ai_monthly_causal_memory_v1,await db[COLLECTION].create_index(
backend/campaign_ai_monthly_causal_memory.py,249,mezan_campaign_ai_monthly_causal_memory_v1,await db[COLLECTION].update_one(
backend/campaign_ai_monthly_causal_memory.py,229,mezan_campaign_ai_recommendations_v1,snapshots = await db[RECOMMENDATION_COLLECTION].find(
backend/campaign_ai_monthly_causal_memory.py,233,mezan_campaign_ai_executions_v1,executions = await db[EXECUTION_COLLECTION].find(
backend/campaign_ai_monthly_causal_memory.py,265,mezan_campaign_ai_monthly_causal_memory_v1,rows = await db[COLLECTION].find(
backend/campaign_ai_monthly_profit_goal_v1.py,50,mezan_campaign_ai_monthly_profit_goals_v1,await db[COLLECTION].create_index(
backend/campaign_ai_monthly_profit_goal_v1.py,59,mezan_campaign_ai_monthly_profit_goals_v1,"row = await db[COLLECTION].find_one({""user_id"": user_id}, {""_id"": 0})"
backend/campaign_ai_monthly_profit_goal_v1.py,89,mezan_campaign_ai_monthly_profit_goals_v1,await db[COLLECTION].update_one(
backend/campaign_ai_policy_v2.py,1071,DYNAMIC:RUN_COLLECTION,await db[RUN_COLLECTION].insert_one({
backend/campaign_ai_policy_v2.py,1377,DYNAMIC:RECOMMENDATION_COLLECTION,await db[RECOMMENDATION_COLLECTION].insert_one(document)
backend/campaign_ai_policy_v2.py,1378,DYNAMIC:RUN_COLLECTION,await db[RUN_COLLECTION].update_one(
backend/campaign_ai_policy_v2.py,738,DYNAMIC:RECOMMENDATION_COLLECTION,snapshot = await db[RECOMMENDATION_COLLECTION].find_one(
backend/campaign_ai_policy_v2.py,1395,DYNAMIC:RUN_COLLECTION,await db[RUN_COLLECTION].update_one(
backend/campaign_ai_policy_v2.py,713,DYNAMIC:EXECUTION_COLLECTION,cursor = db[EXECUTION_COLLECTION].find(
backend/campaign_ai_product_change_history_v3.py,135,mezan_advertising_product_content_history_v1,await db[CONTENT_HISTORY_COLLECTION].create_index(
backend/campaign_ai_product_change_history_v3.py,139,mezan_advertising_product_content_history_v1,await db[CONTENT_HISTORY_COLLECTION].create_index(
backend/campaign_ai_product_change_history_v3.py,164,DYNAMIC:PRODUCT_V2_COLLECTION,product = await db[PRODUCT_V2_COLLECTION].find_one(
backend/campaign_ai_product_change_history_v3.py,171,mezan_advertising_product_content_history_v1,previous = await db[CONTENT_HISTORY_COLLECTION].find_one(
backend/campaign_ai_product_change_history_v3.py,179,mezan_advertising_product_content_history_v1,await db[CONTENT_HISTORY_COLLECTION].insert_one({
backend/campaign_ai_product_change_history_v3.py,153,DYNAMIC:PRODUCT_WATCH_HISTORY,recent = await db[PRODUCT_WATCH_HISTORY].find(
backend/campaign_ai_product_change_history_v3.py,207,mezan_advertising_product_content_history_v1,rows = await db[CONTENT_HISTORY_COLLECTION].find(
backend/campaign_ai_product_intelligence_v3.py,431,mezan_advertising_product_watch_history_v1,await db[PRODUCT_WATCH_HISTORY].create_index(
backend/campaign_ai_product_intelligence_v3.py,345,DYNAMIC:PRODUCT_V2_COLLECTION,product = await db[PRODUCT_V2_COLLECTION].find_one(
backend/campaign_ai_product_intelligence_v3.py,349,salla_products,cache = await db[SALLA_PRODUCT_CACHE].find_one(
backend/campaign_ai_saudi_product_radar.py,245,mezan_saudi_product_radar_daily_v1,await db[SNAPSHOT_COLLECTION].create_index(
backend/campaign_ai_saudi_product_radar.py,249,mezan_saudi_product_market_signals_v1,await db[MARKET_SIGNAL_COLLECTION].create_index(
backend/campaign_ai_saudi_product_radar.py,283,mezan_saudi_product_radar_daily_v1,await db[SNAPSHOT_COLLECTION].update_one(
backend/campaign_ai_saudi_product_radar.py,266,mezan_saudi_product_market_signals_v1,rows = await db[MARKET_SIGNAL_COLLECTION].find(
backend/campaign_ai_saudi_product_radar.py,294,mezan_saudi_product_radar_daily_v1,return await db[SNAPSHOT_COLLECTION].find(
backend/campaign_ai_store_friction_evidence_v3.py,34,unified_orders,rows = await db.unified_orders.find(
backend/campaign_ai_temporal_evidence_v3.py,190,DYNAMIC:META_CAMPAIGN_REPORTING_COLLECTION,docs = await db[META_CAMPAIGN_REPORTING_COLLECTION].find(
backend/campaign_ai_temporal_evidence_v3.py,204,mezan_meta_entity_performance_daily_v1,docs = await db[META_ENTITY_COLLECTION].find(
backend/carrier_handoff.py,136,order_review_workflows,workflow = await db[WORKFLOWS].find_one(
backend/carrier_handoff.py,228,order_review_workflows,result = await db[WORKFLOWS].update_one(
backend/carrier_handoff.py,245,mezan_fulfillment_events_v2,await db[EVENTS].insert_one(
backend/carrier_handoff.py,287,order_review_workflows,workflow = await db[WORKFLOWS].find_one(
backend/carrier_handoff.py,330,order_review_workflows,result = await db[WORKFLOWS].update_one(
backend/carrier_handoff.py,359,mezan_fulfillment_events_v2,await db[EVENTS].insert_one(
backend/carrier_handoff.py,411,order_review_workflows,result = await db[WORKFLOWS].update_one(
backend/carrier_handoff.py,429,mezan_fulfillment_events_v2,await db[EVENTS].insert_one(
backend/cod_diagnostic_routes.py,51,accounts,async for a in db.accounts.find(
backend/cod_diagnostic_routes.py,131,unified_orders,async for o in db.unified_orders.find(
backend/cod_diagnostic_routes.py,240,account_transactions,async for t in db.account_transactions.find(
backend/component_category_policy.py,56,mezan_component_groups_v2,protected = await db[COMPONENT_GROUPS].find_one(
backend/component_category_policy.py,40,mezan_component_categories_v2,rows = await db[COMPONENT_CATEGORIES].find(
backend/component_workspace_cost_compat_routes.py,128,DYNAMIC:COMPONENT_CATEGORIES,await db[COMPONENT_CATEGORIES].create_index(
backend/component_workspace_cost_compat_routes.py,133,DYNAMIC:COMPONENT_GROUPS,await db[COMPONENT_GROUPS].create_index(
backend/component_workspace_cost_compat_routes.py,143,DYNAMIC:RESOURCES,await db[RESOURCES].create_index(
backend/component_workspace_cost_compat_routes.py,367,DYNAMIC:COMPONENT_CATEGORIES,"before = await db[COMPONENT_CATEGORIES].find_one(selector, {""_id"": 0})"
backend/component_workspace_cost_compat_routes.py,388,DYNAMIC:RESOURCES,resource = await db[RESOURCES].find_one(
backend/component_workspace_cost_compat_routes.py,396,DYNAMIC:RESOURCES,await db[RESOURCES].update_one(
backend/component_workspace_cost_compat_routes.py,411,DYNAMIC:COMPONENT_CATEGORIES,category = await db[COMPONENT_CATEGORIES].find_one(
backend/component_workspace_cost_compat_routes.py,434,DYNAMIC:COMPONENT_GROUPS,"duplicate = await db[COMPONENT_GROUPS].find_one(duplicate_selector, {""_id"": 0, ""id"": 1})"
backend/component_workspace_cost_compat_routes.py,349,DYNAMIC:COMPONENT_CATEGORIES,await db[COMPONENT_CATEGORIES].insert_one(dict(row))
backend/component_workspace_cost_compat_routes.py,373,DYNAMIC:COMPONENT_CATEGORIES,"await db[COMPONENT_CATEGORIES].update_one(selector, {""$set"": patch})"
backend/component_workspace_cost_compat_routes.py,451,DYNAMIC:COMPONENT_GROUPS,"before = await db[COMPONENT_GROUPS].find_one(selector, {""_id"": 0})"
backend/component_workspace_cost_compat_routes.py,454,DYNAMIC:COMPONENT_GROUPS,"await db[COMPONENT_GROUPS].update_one(selector, {""$set"": patch})"
backend/component_workspace_cost_compat_routes.py,463,DYNAMIC:COMPONENT_GROUPS,await db[COMPONENT_GROUPS].insert_one(dict(saved))
backend/component_workspace_cost_compat_routes.py,186,DYNAMIC:BINDINGS,bindings = await db[BINDINGS].find(
backend/component_workspace_cost_compat_routes.py,189,DYNAMIC:PRODUCT_RESOURCE_BINDINGS,product_bindings = await db[PRODUCT_RESOURCE_BINDINGS].find(
backend/component_workspace_cost_compat_routes.py,192,DYNAMIC:PRODUCTS,products = await db[PRODUCTS].find(
backend/component_workspace_cost_compat_routes.py,416,DYNAMIC:RESOURCES,resources = await db[RESOURCES].find(
backend/component_workspace_cost_compat_routes.py,170,DYNAMIC:COMPONENT_CATEGORIES,categories = await db[COMPONENT_CATEGORIES].find(
backend/component_workspace_cost_compat_routes.py,173,DYNAMIC:COMPONENT_GROUPS,groups = await db[COMPONENT_GROUPS].find(
backend/component_workspace_cost_compat_routes.py,183,DYNAMIC:RESOURCES,resources = await db[RESOURCES].find(
backend/corrections_routes.py,100,general_ledger,async for r in db.general_ledger.aggregate(pipeline):
backend/corrections_routes.py,332,general_ledger,await db.general_ledger.update_many(
backend/corrections_routes.py,240,operating_salaries,target_emp = await db.operating_salaries.find_one(
backend/corrections_routes.py,243,employees,) or await db.employees.find_one(
backend/corrections_routes.py,254,operating_salaries,from_emp = await db.operating_salaries.find_one(
backend/corrections_routes.py,257,employees,) or await db.employees.find_one(
backend/corrections_routes.py,174,general_ledger,original_rows = await db.general_ledger.find(
backend/corrections_routes.py,119,general_ledger,async for row in db.general_ledger.find(
backend/corrections_routes.py,394,general_ledger,async for row in db.general_ledger.find(
backend/counterparties_routes.py,44,counterparties,await db.counterparties.create_index(
backend/counterparties_routes.py,119,counterparties,exact = await db.counterparties.find_one(
backend/counterparties_routes.py,149,counterparties,await db.counterparties.insert_one(row)
backend/counterparties_routes.py,156,counterparties,existing = await db.counterparties.find_one(
backend/counterparties_routes.py,169,counterparties,await db.counterparties.update_one(
backend/counterparties_routes.py,172,counterparties,return await db.counterparties.find_one(
backend/counterparties_routes.py,179,liabilities,ref = await db.liabilities.find_one(
backend/counterparties_routes.py,186,counterparties,res = await db.counterparties.delete_one(
backend/counterparties_routes.py,90,counterparties,"return await db.counterparties.find(q, {""_id"": 0}).sort([(""name"", 1)]).to_list(2000)"
backend/custom_app_routes.py,165,settings,"s = await db.settings.find_one({""user_id"": user_id}, {""_id"": 0})"
backend/custom_app_routes.py,184,settings,doc = await db.settings.find_one(
backend/custom_app_routes.py,192,users,user = await db.users.find_one(
backend/custom_app_routes.py,215,integration_events,await db.integration_events.insert_one(doc)
backend/custom_app_routes.py,217,integration_events,"count = await db.integration_events.count_documents({""user_id"": user_id})"
backend/custom_app_routes.py,283,order_items,await db.order_items.delete_many(
backend/custom_app_routes.py,315,order_items,await db.order_items.insert_many(docs)
backend/custom_app_routes.py,172,settings,await db.settings.update_one(
backend/custom_app_routes.py,552,unified_orders,orders_n = await db.unified_orders.count_documents(
backend/custom_app_routes.py,559,custom_app_products,"products_n = await db.custom_app_products.count_documents({""user_id"": uid})"
backend/custom_app_routes.py,560,custom_app_customers,"customers_n = await db.custom_app_customers.count_documents({""user_id"": uid})"
backend/custom_app_routes.py,561,integration_events,last_event = await db.integration_events.find_one(
backend/custom_app_routes.py,565,integration_events,last_success = await db.integration_events.find_one(
backend/custom_app_routes.py,570,unified_orders,last_order = await db.unified_orders.find_one(
backend/custom_app_routes.py,576,integration_events,errors_n = await db.integration_events.count_documents(
backend/custom_app_routes.py,634,settings,await db.settings.update_one(
backend/custom_app_routes.py,650,settings,await db.settings.update_one(
backend/custom_app_routes.py,224,integration_events,"await db.integration_events.delete_many({""id"": {""$in"": ids}})"
backend/custom_app_routes.py,330,DYNAMIC:col,"await db[col].create_index(spec, name=name)"
backend/custom_app_routes.py,458,custom_app_products,"existing = await db.custom_app_products.find_one(q, {""_id"": 0, ""id"": 1})"
backend/custom_app_routes.py,512,custom_app_customers,"existing = await db.custom_app_customers.find_one(q, {""_id"": 0, ""id"": 1})"
backend/custom_app_routes.py,475,custom_app_products,await db.custom_app_products.update_one(
backend/custom_app_routes.py,482,custom_app_products,await db.custom_app_products.insert_one(doc)
backend/custom_app_routes.py,525,custom_app_customers,await db.custom_app_customers.update_one(
backend/custom_app_routes.py,532,custom_app_customers,await db.custom_app_customers.insert_one(doc)
backend/custom_app_routes.py,219,integration_events,excess_cur = db.integration_events.find(
backend/custom_app_routes.py,580,integration_events,d async for d in db.integration_events.find(
backend/custom_app_routes.py,587,integration_events,d async for d in db.integration_events.find(
backend/customer_identity.py,411,unified_orders,result = await db.unified_orders.update_many(
backend/customer_identity.py,467,unified_orders,await db.unified_orders.create_index(
backend/customer_identity.py,471,unified_orders,await db.unified_orders.create_index(
backend/dashboard_snapchat_spend.py,612,mezan_integration_accounts_v2,db.mezan_integration_accounts_v2.find(
backend/dashboard_snapchat_spend.py,623,mezan_integrations_v2,integration = await db.mezan_integrations_v2.find_one(
backend/dashboard_snapchat_spend.py,695,mezan_integration_accounts_v2,any_account = await db.mezan_integration_accounts_v2.find_one(
backend/dashboard_snapchat_spend.py,714,DYNAMIC:SNAPCHAT_PERFORMANCE_COLLECTION,db[SNAPCHAT_PERFORMANCE_COLLECTION].find(
backend/dashboard_snapchat_spend.py,856,DYNAMIC:COST_SETTINGS_COLLECTION,db[COST_SETTINGS_COLLECTION].find(
backend/dashboard_snapchat_spend.py,275,mezan_integration_sync_runs_v2,db[RUNS_COLLECTION].find(
backend/dashboard_snapchat_spend.py,293,mezan_integration_sync_runs_v2,db[RUNS_COLLECTION].find(
backend/dashboard_snapchat_spend.py,371,mezan_integration_sync_runs_v2,db[RUNS_COLLECTION].find(
backend/dashboard_v2_ad_costs.py,266,DYNAMIC:ACCOUNT_COLLECTION,accounts = await _to_list(db[ACCOUNT_COLLECTION].find(
backend/dashboard_v2_ad_costs.py,274,DYNAMIC:COST_SETTINGS_COLLECTION,settings = await _to_list(db[COST_SETTINGS_COLLECTION].find(
backend/dashboard_v2_routes.py,505,unified_orders,"db.unified_orders.find(query, {""_id"": 0, ""raw_by_source"": 0}),"
backend/dashboard_v2_routes.py,539,DYNAMIC:PRODUCTS,db[PRODUCTS].find(
backend/dashboard_v2_routes.py,553,DYNAMIC:COST_PROFILES,db[COST_PROFILES].find(
backend/dashboard_v2_routes.py,560,DYNAMIC:BINDINGS,db[BINDINGS].find(
backend/dashboard_v2_routes.py,567,DYNAMIC:PRODUCT_RESOURCE_BINDINGS,db[PRODUCT_RESOURCE_BINDINGS].find(
backend/dashboard_v2_routes.py,579,DYNAMIC:RESOURCES,db[RESOURCES].find(
backend/dashboard_v2_routes.py,824,mezan_integration_accounts_v2,db.mezan_integration_accounts_v2.find(
backend/dashboard_v2_routes.py,856,DYNAMIC:collections[provider],"return await _to_list(db[collections[provider]].find(query, {""_id"": 0}), 100000)"
backend/dashboard_v2_routes.py,1022,daily_costs,db.daily_costs.find(
backend/dashboard_v2_routes.py,516,unified_orders,"db.unified_orders.find(query, raw_projection),"
backend/dashboard_v2_routes.py,1758,salla_abandoned_carts_v1,db.salla_abandoned_carts_v1.find(
backend/dashboard_v2_routes.py,1950,mezan_integration_accounts_v2,db.mezan_integration_accounts_v2.find(
backend/dashboard_v2_routes.py,1791,DYNAMIC:CUSTOMER_IDENTITY_COLLECTION,db[CUSTOMER_IDENTITY_COLLECTION].find(
backend/dashboard_v2_routes.py,1825,DYNAMIC:PRODUCTS,db[PRODUCTS].find(
backend/dashboard_v2_routes.py,1920,unified_orders,orders = await db.unified_orders.find(
backend/diagnostics_routes.py,102,webhook_orders,"webhook_count = await db.webhook_orders.count_documents({""user_id"": uid})"
backend/diagnostics_routes.py,307,unified_orders,u = await db.unified_orders.find_one(
backend/diagnostics_routes.py,321,webhook_orders,w = await db.webhook_orders.find_one(
backend/diagnostics_routes.py,65,unified_orders,"return await db.unified_orders.find(q, {""_id"": 0}).to_list(50000)"
backend/diagnostics_routes.py,82,analyses,"return await db.analyses.find(q, {""_id"": 0}).to_list(2000)"
backend/diagnostics_routes.py,331,analyses,analyses = await db.analyses.find(
backend/email_otp_security.py,302,auth_email_otp_challenges,self.challenges = db.auth_email_otp_challenges
backend/email_otp_security.py,303,auth_security_events,self.events = db.auth_security_events
backend/employee_ledger_forensic_routes.py,48,operating_salaries,emp = await db.operating_salaries.find_one(
backend/employee_ledger_forensic_routes.py,54,operating_salaries,emp = await db.operating_salaries.find_one(
backend/employee_ledger_forensic_routes.py,84,general_ledger,async for r in db.general_ledger.find(
backend/employee_ledger_forensic_routes.py,214,account_transactions,async for r in db.account_transactions.aggregate([
backend/employee_ledger_forensic_routes.py,195,liabilities,liabilities_rows = await db.liabilities.find(
backend/employee_ledger_forensic_routes.py,230,account_transactions,async for t in db.account_transactions.find(
backend/employee_lookup_diagnostic_routes.py,88,DYNAMIC:coll_name,return await db[coll_name].count_documents(query)
backend/employee_lookup_diagnostic_routes.py,237,employees,guard_employees_hit = await db.employees.find_one(
backend/employee_lookup_diagnostic_routes.py,242,operating_salaries,ops_hit = await db.operating_salaries.find_one(
backend/employee_lookup_diagnostic_routes.py,110,DYNAMIC:coll_name,"cursor = db[coll_name].find(query, projection).limit(limit)"
backend/employee_orphan_diagnostic_routes.py,80,employees,async for e in db.employees.find(
backend/employee_orphan_diagnostic_routes.py,124,general_ledger,async for row in db.general_ledger.aggregate(agg):
backend/employee_orphan_diagnostic_routes.py,206,general_ledger,async for row in db.general_ledger.find(
backend/employee_orphan_diagnostic_routes.py,692,general_ledger,async for row in db.general_ledger.find(
backend/employee_orphan_diagnostic_routes.py,791,general_ledger,async for row in db.general_ledger.aggregate([
backend/employee_orphan_diagnostic_routes.py,133,general_ledger,doc = await db.general_ledger.find_one(
backend/employee_orphan_diagnostic_routes.py,756,accounting_audit_log,await db.accounting_audit_log.insert_one({
backend/employee_orphan_diagnostic_routes.py,785,general_ledger,archived_count = await db.general_ledger.count_documents({
backend/employee_orphan_diagnostic_routes.py,733,general_ledger,res = await db.general_ledger.update_many(
backend/employee_orphan_diagnostic_routes.py,744,general_ledger,res = await db.general_ledger.update_many(
backend/employee_payroll_status.py,258,mezan_employee_salary_contracts_v2,contract = await db[SALARY_CONTRACTS_COLLECTION].find_one(
backend/employee_payroll_status.py,270,mezan_employees_v2,employee = await db[EMPLOYEES_COLLECTION].find_one(
backend/employee_payroll_status.py,222,mezan_employee_salary_contracts_v2,contracts = await db[SALARY_CONTRACTS_COLLECTION].find(
backend/employee_payroll_status.py,232,mezan_employees_v2,employees = await db[EMPLOYEES_COLLECTION].find(
backend/employees_v2_routes.py,1076,DYNAMIC:MOBILE_APP_ACCESS,await db[MOBILE_APP_ACCESS].create_index(
backend/employees_v2_routes.py,1084,mezan_employees_v2,await db[EMPLOYEES].create_index(
backend/employees_v2_routes.py,1089,mezan_employees_v2,await db[EMPLOYEES].create_index(
backend/employees_v2_routes.py,1094,mezan_employees_v2,await db[EMPLOYEES].create_index(
backend/employees_v2_routes.py,1098,mezan_employees_v2,await db[EMPLOYEES].create_index(
backend/employees_v2_routes.py,1102,mezan_employees_v2,await db[EMPLOYEES].create_index(
backend/employees_v2_routes.py,1108,mezan_employee_salary_contracts_v2,await db[SALARY_CONTRACTS].create_index(
backend/employees_v2_routes.py,1113,mezan_employee_salary_contracts_v2,await db[SALARY_CONTRACTS].create_index(
backend/employees_v2_routes.py,1118,mezan_employee_events_v2,await db[EMPLOYEE_EVENTS].create_index(
backend/employees_v2_routes.py,1123,mezan_employee_events_v2,await db[EMPLOYEE_EVENTS].create_index(
backend/employees_v2_routes.py,1127,mezan_employee_migration_runs_v2,await db[MIGRATION_RUNS].create_index(
backend/employees_v2_routes.py,1132,mezan_employee_payroll_parallel_runs_v2,await db[PAYROLL_PARALLEL_RUNS].create_index(
backend/employees_v2_routes.py,1137,mezan_employee_payroll_parallel_runs_v2,await db[PAYROLL_PARALLEL_RUNS].create_index(
backend/employees_v2_routes.py,1233,mezan_employee_payroll_parallel_runs_v2,completed_parallel = await db[PAYROLL_PARALLEL_RUNS].find_one(
backend/employees_v2_routes.py,1283,mezan_employee_events_v2,await db[EMPLOYEE_EVENTS].insert_one(event)
backend/employees_v2_routes.py,1431,users,account_update = await db.users.update_one(
backend/employees_v2_routes.py,1762,mezan_employees_v2,result = await db[EMPLOYEES].update_one(
backend/employees_v2_routes.py,1784,mezan_employees_v2,updated = await db[EMPLOYEES].find_one(
backend/employees_v2_routes.py,1870,users,account = await db.users.find_one(
backend/employees_v2_routes.py,1898,mezan_employees_v2,linked_elsewhere = await db[EMPLOYEES].find_one(
backend/employees_v2_routes.py,1960,users,"updated_account = await db.users.find_one({""id"": account_id}, {""_id"": 0})"
backend/employees_v2_routes.py,2011,users,before_account = await db.users.find_one(
backend/employees_v2_routes.py,2065,mezan_employees_v2,await db[EMPLOYEES].update_one(
backend/employees_v2_routes.py,2138,users,account = await db.users.find_one(
backend/employees_v2_routes.py,2179,DYNAMIC:MOBILE_APP_ACCESS,await db[MOBILE_APP_ACCESS].update_one(
backend/employees_v2_routes.py,2242,users,account = await db.users.find_one(
backend/employees_v2_routes.py,2384,users,account = await db.users.find_one(
backend/employees_v2_routes.py,2393,users,await db.users.update_one(
backend/employees_v2_routes.py,2401,users,updated_account = await db.users.find_one(
backend/employees_v2_routes.py,2597,mezan_employee_payroll_parallel_runs_v2,existing = await db[PAYROLL_PARALLEL_RUNS].find_one(
backend/employees_v2_routes.py,2613,mezan_employee_payroll_parallel_runs_v2,await db[PAYROLL_PARALLEL_RUNS].update_one(
backend/employees_v2_routes.py,2626,mezan_employee_payroll_parallel_runs_v2,saved = await db[PAYROLL_PARALLEL_RUNS].find_one(
backend/employees_v2_routes.py,2660,mezan_employee_migration_runs_v2,existing_run = await db[MIGRATION_RUNS].find_one(
backend/employees_v2_routes.py,1153,users,team_users = await db.users.find(
backend/employees_v2_routes.py,1200,general_ledger,grouped_ledger = await db.general_ledger.aggregate(ledger_pipeline).to_list(50000)
backend/employees_v2_routes.py,1210,mezan_employees_v2,existing_employees = await db[EMPLOYEES].find(
backend/employees_v2_routes.py,1213,mezan_employee_salary_contracts_v2,existing_contracts = await db[SALARY_CONTRACTS].find(
backend/employees_v2_routes.py,1304,mezan_employee_salary_contracts_v2,salary_contracts = await db[SALARY_CONTRACTS].find(
backend/employees_v2_routes.py,1311,users,team_users = await db.users.find(
backend/employees_v2_routes.py,1334,DYNAMIC:MOBILE_APP_ACCESS,mobile_app_access_rows = await db[MOBILE_APP_ACCESS].find(
backend/employees_v2_routes.py,1613,mezan_employees_v2,await db[EMPLOYEES].insert_one(employee)
backend/employees_v2_routes.py,1645,mezan_employees_v2,employee = _require_managed_employee(await db[EMPLOYEES].find_one(
backend/employees_v2_routes.py,1703,mezan_employee_salary_contracts_v2,contract = await db[SALARY_CONTRACTS].find_one(
backend/employees_v2_routes.py,1709,users,before_account = await db.users.find_one(
backend/employees_v2_routes.py,1772,mezan_employee_salary_contracts_v2,await db[SALARY_CONTRACTS].update_one(
backend/employees_v2_routes.py,1851,mezan_employees_v2,employee = _require_managed_employee(await db[EMPLOYEES].find_one(
backend/employees_v2_routes.py,1927,mezan_employees_v2,await db[EMPLOYEES].update_one(
backend/employees_v2_routes.py,2003,mezan_employees_v2,employee = _require_managed_employee(await db[EMPLOYEES].find_one(
backend/employees_v2_routes.py,2032,DYNAMIC:MOBILE_APP_ACCESS,await db[MOBILE_APP_ACCESS].update_one(
backend/employees_v2_routes.py,2128,mezan_employees_v2,employee = _require_managed_employee(await db[EMPLOYEES].find_one(
backend/employees_v2_routes.py,2232,mezan_employees_v2,employee = _require_managed_employee(await db[EMPLOYEES].find_one(
backend/employees_v2_routes.py,2272,DYNAMIC:WAREHOUSES,found = await db[WAREHOUSES].count_documents({
backend/employees_v2_routes.py,2374,mezan_employees_v2,employee = _require_managed_employee(await db[EMPLOYEES].find_one(
backend/employees_v2_routes.py,2424,mezan_employees_v2,_require_managed_employee(await db[EMPLOYEES].find_one(
backend/employees_v2_routes.py,2536,mezan_employee_salary_contracts_v2,await db[SALARY_CONTRACTS].update_one(
backend/employees_v2_routes.py,2709,mezan_employees_v2,result = await db[EMPLOYEES].update_one(
backend/employees_v2_routes.py,2742,mezan_employee_salary_contracts_v2,contract_result = await db[SALARY_CONTRACTS].update_one(
backend/employees_v2_routes.py,2753,mezan_employee_events_v2,await db[EMPLOYEE_EVENTS].update_one(
backend/employees_v2_routes.py,2796,mezan_employee_migration_runs_v2,await db[MIGRATION_RUNS].insert_one(run)
backend/employees_v2_routes.py,2464,mezan_employee_salary_contracts_v2,existing_contracts = await db[SALARY_CONTRACTS].find(
backend/employees_v2_routes.py,1149,operating_salaries,legacy_rows = await db.operating_salaries.find(
backend/employees_v2_routes.py,1294,mezan_employees_v2,employees = await db[EMPLOYEES].find(
backend/employees_v2_routes.py,1341,mezan_employee_events_v2,latest_events = await db[EMPLOYEE_EVENTS].find(
backend/employees_v2_routes.py,2802,mezan_employee_migration_runs_v2,run = await db[MIGRATION_RUNS].find_one(
backend/employees_v2_routes.py,1511,mezan_employees_v2,rows = await db[EMPLOYEES].find(
backend/employees_v2_routes.py,1226,mezan_employee_payroll_parallel_runs_v2,latest_parallel_rows = await db[PAYROLL_PARALLEL_RUNS].find(
backend/employees_v2_routes.py,2093,users,"await db.users.find_one({""id"": account_id}, {""_id"": 0})"
backend/employees_v2_routes.py,1812,users,"await db.users.find_one({""id"": account_id}, {""_id"": 0})"
backend/employees_v2_routes.py,2428,mezan_employee_events_v2,items = await db[EMPLOYEE_EVENTS].find(
backend/expense_categories_routes.py,580,suppliers,"dup = await db.suppliers.find_one(q, {""_id"": 0, ""id"": 1})"
backend/expense_categories_routes.py,186,expense_category_tree,parent = await db.expense_category_tree.find_one(
backend/expense_categories_routes.py,209,expense_category_tree,p = await db.expense_category_tree.find_one(
backend/expense_categories_routes.py,229,expense_category_tree,node = await db.expense_category_tree.find_one(
backend/expense_categories_routes.py,237,expense_category_tree,await db.expense_category_tree.update_one(
backend/expense_categories_routes.py,269,expense_category_tree,await db.expense_category_tree.update_one(
backend/expense_categories_routes.py,335,expense_category_tree,existing = await db.expense_category_tree.find_one({
backend/expense_categories_routes.py,365,expense_category_tree,await db.expense_category_tree.insert_one(doc)
backend/expense_categories_routes.py,376,expense_category_tree,cat = await db.expense_category_tree.find_one(
backend/expense_categories_routes.py,431,expense_category_tree,await db.expense_category_tree.update_one(
backend/expense_categories_routes.py,437,expense_category_tree,out = await db.expense_category_tree.find_one(
backend/expense_categories_routes.py,644,suppliers,s = await db.suppliers.find_one(
backend/expense_categories_routes.py,690,suppliers,await db.suppliers.insert_one(doc)
backend/expense_categories_routes.py,696,counterparties,await db.counterparties.update_one(
backend/expense_categories_routes.py,727,suppliers,s = await db.suppliers.find_one(
backend/expense_categories_routes.py,784,suppliers,await db.suppliers.update_one(
backend/expense_categories_routes.py,801,counterparties,await db.counterparties.update_one(
backend/expense_categories_routes.py,811,suppliers,out = await db.suppliers.find_one(
backend/expense_categories_routes.py,826,suppliers,s = await db.suppliers.find_one(
backend/expense_categories_routes.py,590,expense_category_tree,found = await db.expense_category_tree.find(
backend/expense_categories_routes.py,245,expense_category_tree,children = await db.expense_category_tree.find(
backend/expense_categories_routes.py,390,expense_category_tree,dup = await db.expense_category_tree.find_one({
backend/expense_categories_routes.py,408,expense_category_tree,exists = await db.expense_category_tree.find_one(
backend/expense_categories_routes.py,460,expense_category_tree,existing = await db.expense_category_tree.find_one({
backend/expense_categories_routes.py,835,expense_category_tree,rows = await db.expense_category_tree.find(
backend/expense_categories_routes.py,499,expense_category_tree,await db.expense_category_tree.insert_one(doc)
backend/expense_categories_routes.py,290,expense_category_tree,rows = await db.expense_category_tree.find(
backend/expense_categories_routes.py,470,expense_category_tree,await db.expense_category_tree.update_one(
backend/expense_categories_routes.py,633,suppliers,rows = await db.suppliers.find(
backend/expenses_routes.py,392,operating_daily_expenses,async for ex in db.operating_daily_expenses.find(
backend/expenses_routes.py,461,operating_daily_expenses,async for ex in db.operating_daily_expenses.find(
backend/expenses_routes.py,255,accounts,await db.accounts.update_one(
backend/expenses_routes.py,273,account_transactions,await db.account_transactions.insert_one({
backend/expenses_routes.py,320,account_transactions,await db.account_transactions.delete_one(
backend/expenses_routes.py,235,accounts,acc = await db.accounts.find_one(
backend/expenses_routes.py,325,general_ledger,await db.general_ledger.delete_many({
backend/expenses_routes.py,540,operating_salaries,await db.operating_salaries.insert_one(doc)
backend/expenses_routes.py,553,operating_salaries,existing = await db.operating_salaries.find_one(
backend/expenses_routes.py,601,operating_salaries,await db.operating_salaries.update_one(
backend/expenses_routes.py,604,operating_salaries,return await db.operating_salaries.find_one(
backend/expenses_routes.py,615,operating_salaries,res = await db.operating_salaries.delete_one(
backend/expenses_routes.py,659,operating_rentals,await db.operating_rentals.insert_one(doc)
backend/expenses_routes.py,667,operating_rentals,existing = await db.operating_rentals.find_one(
backend/expenses_routes.py,702,operating_rentals,await db.operating_rentals.update_one(
backend/expenses_routes.py,705,operating_rentals,return await db.operating_rentals.find_one(
backend/expenses_routes.py,711,operating_rentals,res = await db.operating_rentals.delete_one(
backend/expenses_routes.py,774,operating_daily_expenses,await db.operating_daily_expenses.insert_one(doc)
backend/expenses_routes.py,782,operating_daily_expenses,existing = await db.operating_daily_expenses.find_one(
backend/expenses_routes.py,849,operating_daily_expenses,await db.operating_daily_expenses.update_one(
backend/expenses_routes.py,852,operating_daily_expenses,return await db.operating_daily_expenses.find_one(
backend/expenses_routes.py,859,operating_daily_expenses,existing = await db.operating_daily_expenses.find_one(
backend/expenses_routes.py,870,operating_daily_expenses,await db.operating_daily_expenses.delete_one(
backend/expenses_routes.py,914,operating_prepaid_expenses,await db.operating_prepaid_expenses.insert_one(doc)
backend/expenses_routes.py,926,operating_prepaid_expenses,existing = await db.operating_prepaid_expenses.find_one(
backend/expenses_routes.py,961,operating_prepaid_expenses,await db.operating_prepaid_expenses.update_one(
backend/expenses_routes.py,964,operating_prepaid_expenses,out = await db.operating_prepaid_expenses.find_one(
backend/expenses_routes.py,973,operating_prepaid_expenses,res = await db.operating_prepaid_expenses.delete_one(
backend/expenses_routes.py,250,account_transactions,await db.account_transactions.update_one(
backend/expenses_routes.py,350,operating_salaries,non_employee_salaries = await db.operating_salaries.find(
backend/expenses_routes.py,355,operating_rentals,rentals = await db.operating_rentals.find(
backend/expenses_routes.py,358,operating_prepaid_expenses,prepaids = await db.operating_prepaid_expenses.find(
backend/expenses_routes.py,421,operating_salaries,non_employee_salaries = await db.operating_salaries.find(
backend/expenses_routes.py,426,operating_rentals,rentals = await db.operating_rentals.find(
backend/expenses_routes.py,429,operating_prepaid_expenses,prepaids = await db.operating_prepaid_expenses.find(
backend/expenses_routes.py,744,accounts,acc = await db.accounts.find_one(
backend/expenses_routes.py,829,accounts,acc = await db.accounts.find_one(
backend/expenses_routes.py,995,operating_salaries,non_employee_salaries = await db.operating_salaries.find(
backend/expenses_routes.py,1026,operating_rentals,rentals = await db.operating_rentals.find(
backend/expenses_routes.py,1036,operating_prepaid_expenses,prepaids = await db.operating_prepaid_expenses.find(
backend/expenses_routes.py,240,account_transactions,docs = await db.account_transactions.find(
backend/expenses_routes.py,498,operating_salaries,non_employee_items = await db.operating_salaries.find(
backend/expenses_routes.py,629,operating_rentals,items = await db.operating_rentals.find(
backend/expenses_routes.py,733,operating_daily_expenses,items = await db.operating_daily_expenses.find(
backend/expenses_routes.py,878,operating_prepaid_expenses,items = await db.operating_prepaid_expenses.find(
backend/financial_movements_routes.py,110,expense_category_tree,cat = await db.expense_category_tree.find_one(
backend/financial_movements_routes.py,142,accounts,acc = await db.accounts.find_one(
backend/financial_movements_routes.py,153,suppliers,s = await db.suppliers.find_one(
backend/financial_movements_routes.py,219,products,prod = await db.products.find_one(
backend/financial_movements_routes.py,374,financial_movements,mv = await db.financial_movements.find_one(
backend/financial_movements_routes.py,129,expense_category_tree,parent = await db.expense_category_tree.find_one(
backend/financial_movements_routes.py,271,products,await db.products.update_one(
backend/financial_movements_routes.py,326,products,prod = await db.products.find_one(
backend/financial_movements_routes.py,393,products,prod = await db.products.find_one(
backend/financial_movements_routes.py,400,products,res = await db.products.update_one(
backend/financial_movements_routes.py,803,financial_movements,await db.financial_movements.insert_one(mv)
backend/financial_movements_routes.py,1027,financial_movements,out = await db.financial_movements.find_one(
backend/financial_movements_routes.py,1085,general_ledger,async for g in db.general_ledger.aggregate(pipeline):
backend/financial_movements_routes.py,1118,financial_movements,mv = await db.financial_movements.find_one(
backend/financial_movements_routes.py,351,products,await db.products.update_one(
backend/financial_movements_routes.py,947,account_transactions,await db.account_transactions.insert_one({
backend/financial_movements_routes.py,984,financial_movements,await db.financial_movements.update_one(
backend/financial_movements_routes.py,1011,financial_movements,mv_fresh = await db.financial_movements.find_one(
backend/financial_movements_routes.py,658,operating_salaries,await db.operating_salaries.find_one(
backend/financial_movements_routes.py,660,employees,or await db.employees.find_one(
backend/financial_movements_routes.py,997,financial_movements,await db.financial_movements.update_one(
backend/financial_movements_routes.py,1127,general_ledger,async for g in db.general_ledger.find(
backend/financial_movements_routes.py,457,accounts,rows = await db.accounts.find(
backend/financial_movements_routes.py,1065,financial_movements,rows = await db.financial_movements.find(
backend/financial_position_ssot.py,46,general_ledger,async for r in db.general_ledger.aggregate(pipeline):
backend/financial_position_ssot.py,72,general_ledger,async for r in db.general_ledger.aggregate(pipeline):
backend/financial_position_ssot.py,274,general_ledger,async for r in db.general_ledger.aggregate(pipeline):
backend/financial_position_ssot.py,284,counterparties,async for cp in db.counterparties.find(
backend/financial_position_ssot.py,370,accounts,async for acc in db.accounts.find(
backend/financial_position_ssot.py,446,general_ledger,async for row in db.general_ledger.find({
backend/financial_position_ssot.py,109,general_ledger,activity = await db.general_ledger.find_one(
backend/financial_position_ssot.py,124,general_ledger,opening = await db.general_ledger.find_one(
backend/financial_position_ssot.py,142,general_ledger,async for leg in db.general_ledger.find(
backend/financial_position_ssot.py,249,general_ledger,docs = await db.general_ledger.aggregate(pipe).to_list(1)
backend/financial_provider_apps_legacy.py,328,financial_provider_tax_invoices_v2,async for doc in db.financial_provider_tax_invoices_v2.aggregate([
backend/financial_provider_apps_legacy.py,315,financial_provider_tax_invoices_v2,await db.financial_provider_tax_invoices_v2.create_index(
backend/financial_provider_apps_legacy.py,320,financial_provider_tax_invoices_v2,await db.financial_provider_tax_invoices_v2.create_index(
backend/financial_provider_apps_legacy.py,361,settings,"settings = await db.settings.find_one({""user_id"": user_id}) or {}"
backend/financial_provider_apps_legacy.py,370,settings,"settings = await db.settings.find_one({""user_id"": user[""id""]}) or {}"
backend/financial_provider_apps_legacy.py,432,financial_provider_tax_invoices_v2,await db.financial_provider_tax_invoices_v2.insert_one(doc)
backend/financial_provider_apps_legacy.py,385,financial_provider_tax_invoices_v2,"""verified_tax_invoices"": await db.financial_provider_tax_invoices_v2.count_documents({"
backend/financial_provider_apps_legacy.py,403,financial_provider_tax_invoices_v2,items = await db.financial_provider_tax_invoices_v2.find(
backend/first_party_attribution/core.py,299,salla_integrations,row = await db.salla_integrations.find_one(
backend/first_party_attribution/core.py,416,mezan_first_party_events_v1,result = await db[EVENT_COLLECTION].update_one(
backend/first_party_attribution/core.py,539,mezan_order_attributions_v1,await db[ORDER_ATTRIBUTION_COLLECTION].update_one(
backend/first_party_attribution/core.py,557,unified_orders,await db.unified_orders.update_one(
backend/first_party_attribution/core.py,571,mezan_first_party_events_v1,await db[EVENT_COLLECTION].create_index(
backend/first_party_attribution/core.py,575,mezan_first_party_events_v1,await db[EVENT_COLLECTION].create_index(
backend/first_party_attribution/core.py,584,mezan_first_party_links_v1,await db[LINK_COLLECTION].create_index(
backend/first_party_attribution/core.py,588,mezan_order_attributions_v1,await db[ORDER_ATTRIBUTION_COLLECTION].create_index(
backend/first_party_attribution/core.py,309,salla_integrations,owner = await db.salla_integrations.find_one(
backend/first_party_attribution/core.py,361,mezan_snapchat_entities_v2,cursor = db.mezan_snapchat_entities_v2.find(
backend/first_party_attribution/core.py,580,mezan_first_party_events_v1,await db[EVENT_COLLECTION].create_index(
backend/first_party_attribution/core.py,509,mezan_first_party_events_v1,"events = await db[EVENT_COLLECTION].find(query, {""_id"": 0}).sort("
backend/first_party_attribution/core.py,523,mezan_first_party_events_v1,events = await db[EVENT_COLLECTION].find(
backend/fulfillment_carrier_label.py,33,order_review_workflows,workflow = await db[WORKFLOWS].find_one(
backend/fulfillment_carrier_label.py,134,order_review_workflows,await db[WORKFLOWS].update_one(
backend/fulfillment_carrier_label.py,138,mezan_fulfillment_events_v2,await db[EVENTS].insert_one({
backend/fulfillment_carrier_label.py,120,order_review_workflows,await db[WORKFLOWS].update_one(
backend/fulfillment_carrier_label.py,111,order_review_workflows,current = await db[WORKFLOWS].find_one(
backend/fulfillment_v2_routes.py,96,order_review_workflows,await db[WORKFLOWS].create_index(
backend/fulfillment_v2_routes.py,100,order_review_workflows,await db[WORKFLOWS].create_index(
backend/fulfillment_v2_routes.py,106,order_review_workflows,await db[WORKFLOWS].create_index(
backend/fulfillment_v2_routes.py,115,DYNAMIC:FULFILLMENT_DECISIONS,await db[FULFILLMENT_DECISIONS].create_index(
backend/fulfillment_v2_routes.py,120,mezan_fulfillment_batches_v2,await db[BATCHES].create_index(
backend/fulfillment_v2_routes.py,124,mezan_fulfillment_events_v2,await db[EVENTS].create_index(
backend/fulfillment_v2_routes.py,132,mezan_inventory_reservations_v2,await db[INVENTORY_RESERVATIONS].create_index(
backend/fulfillment_v2_routes.py,141,mezan_inventory_reservations_v2,await db[INVENTORY_RESERVATIONS].create_index(
backend/fulfillment_v2_routes.py,253,mezan_inventory_reservations_v2,await db[INVENTORY_RESERVATIONS].update_many(
backend/fulfillment_v2_routes.py,351,mezan_inventory_reservations_v2,await db[INVENTORY_RESERVATIONS].update_many(
backend/fulfillment_v2_routes.py,494,mezan_inventory_reservations_v2,await db[INVENTORY_RESERVATIONS].update_many(
backend/fulfillment_v2_routes.py,862,DYNAMIC:FULFILLMENT_DECISIONS,await db[FULFILLMENT_DECISIONS].update_one(
backend/fulfillment_v2_routes.py,911,DYNAMIC:PLANS,"existing_plan = await db[PLANS].find_one({""user_id"": user_id, ""order_id"": order_number})"
backend/fulfillment_v2_routes.py,919,unified_orders,"snapshot = await db.unified_orders.find_one({""user_id"": user_id, ""order_number"": order_number})"
backend/fulfillment_v2_routes.py,979,mezan_component_order_lifecycle_v1,"await db[COMPONENT_LIFECYCLES].update_one({""_id"": identity}, {""$set"": {"
backend/fulfillment_v2_routes.py,1331,order_review_workflows,workflow = await db[WORKFLOWS].find_one(
backend/fulfillment_v2_routes.py,305,mezan_inventory_reservations_v2,existing = await db[INVENTORY_RESERVATIONS].find_one(
backend/fulfillment_v2_routes.py,316,mezan_inventory_reservations_v2,await db[INVENTORY_RESERVATIONS].update_one(
backend/fulfillment_v2_routes.py,480,DYNAMIC:LOCATIONS,await db[LOCATIONS].update_many(
backend/fulfillment_v2_routes.py,912,settings,"settings = await db.settings.find_one({""user_id"": user_id}) or {}"
backend/fulfillment_v2_routes.py,966,unified_orders,"snapshot = await db.unified_orders.find_one({""user_id"": user_id, ""order_number"": order_number}) or {}"
backend/fulfillment_v2_routes.py,969,mezan_component_order_lifecycle_v1,"current = await db[COMPONENT_LIFECYCLES].find_one({""_id"": identity}) or {}"
backend/fulfillment_v2_routes.py,1256,mezan_component_order_lifecycle_v1,"current = await db[COMPONENT_LIFECYCLES].find_one({""_id"": ticket[""identity""]}) or {}"
backend/fulfillment_v2_routes.py,1264,unified_orders,"snapshot = await db.unified_orders.find_one({""user_id"": current.get(""user_id""), ""order_number"": current.get(""order_number"")}) or {}"
backend/fulfillment_v2_routes.py,1273,mezan_component_order_lifecycle_v1,"intent = await db[COMPONENT_LIFECYCLES].find_one({""user_id"": user_id, ""order_number"": order_number}) or {}"
backend/fulfillment_v2_routes.py,1274,unified_orders,"snapshot = await db.unified_orders.find_one({""user_id"": user_id, ""order_number"": order_number}) or {}"
backend/fulfillment_v2_routes.py,1288,DYNAMIC:PLANS,"plan = await db[PLANS].find_one({""user_id"": user_id, ""order_id"": str(number)})"
backend/fulfillment_v2_routes.py,1421,order_review_workflows,result = await db[WORKFLOWS].update_one(
backend/fulfillment_v2_routes.py,1447,order_review_workflows,await db[WORKFLOWS].insert_one({
backend/fulfillment_v2_routes.py,1465,mezan_fulfillment_events_v2,await db[EVENTS].insert_one({
backend/fulfillment_v2_routes.py,2156,order_review_workflows,result = await db[WORKFLOWS].update_many(
backend/fulfillment_v2_routes.py,2209,mezan_fulfillment_batches_v2,await db[BATCHES].insert_one(batch)
backend/fulfillment_v2_routes.py,2210,mezan_fulfillment_events_v2,await db[EVENTS].insert_one({
backend/fulfillment_v2_routes.py,2261,mezan_fulfillment_batches_v2,"batch = await db[BATCHES].find_one(query, {""_id"": 0})"
backend/fulfillment_v2_routes.py,2314,mezan_fulfillment_batches_v2,result = await db[BATCHES].update_one(
backend/fulfillment_v2_routes.py,2332,mezan_fulfillment_events_v2,await db[EVENTS].insert_one({
backend/fulfillment_v2_routes.py,374,mezan_inventory_reservations_v2,reservations = await db[INVENTORY_RESERVATIONS].find(
backend/fulfillment_v2_routes.py,387,DYNAMIC:LOCATIONS,locations = await db[LOCATIONS].find(
backend/fulfillment_v2_routes.py,430,DYNAMIC:LOCATIONS,result = await db[LOCATIONS].update_one(
backend/fulfillment_v2_routes.py,457,DYNAMIC:LOCATIONS,result = await db[LOCATIONS].update_one(
backend/fulfillment_v2_routes.py,607,DYNAMIC:PRODUCTS,products = await db[PRODUCTS].find(
backend/fulfillment_v2_routes.py,623,DYNAMIC:PRODUCT_OPERATION_PROFILES,profiles = await db[PRODUCT_OPERATION_PROFILES].find(
backend/fulfillment_v2_routes.py,633,DYNAMIC:PRODUCT_RESOURCE_BINDINGS,product_links = await db[PRODUCT_RESOURCE_BINDINGS].find(
backend/fulfillment_v2_routes.py,640,DYNAMIC:BINDINGS,option_links = await db[BINDINGS].find(
backend/fulfillment_v2_routes.py,664,DYNAMIC:RESOURCES,resources = await db[RESOURCES].find(
backend/fulfillment_v2_routes.py,670,DYNAMIC:LOCATIONS,locations = await db[LOCATIONS].find(
backend/fulfillment_v2_routes.py,679,mezan_inventory_reservations_v2,existing_reservations = await db[INVENTORY_RESERVATIONS].find(
backend/fulfillment_v2_routes.py,1242,mezan_component_order_lifecycle_v1,await db[COMPONENT_LIFECYCLES].update_one(
backend/fulfillment_v2_routes.py,1387,order_review_workflows,await db[WORKFLOWS].update_one(
backend/fulfillment_v2_routes.py,2176,order_review_workflows,await db[WORKFLOWS].update_many(
backend/fulfillment_v2_routes.py,1230,order_review_workflows,"workflow = await db[WORKFLOWS].find_one({""user_id"": user_id, ""order_number"": order_number}) or {}"
backend/fulfillment_v2_routes.py,1292,unified_orders,"snapshot = await db.unified_orders.find_one({""user_id"": user_id, ""order_number"": str(number)}) or {}"
backend/fulfillment_v2_routes.py,1294,mezan_component_order_lifecycle_v1,"intent = await db[COMPONENT_LIFECYCLES].find_one({""user_id"": user_id, ""order_number"": str(number)}) or {}"
backend/fulfillment_v2_routes.py,2083,order_review_workflows,workflows = await db[WORKFLOWS].find(
backend/fulfillment_v2_routes.py,1837,mezan_fulfillment_batches_v2,await db[BATCHES].find(
backend/fulfillment_v2_routes.py,1740,order_review_workflows,workflows = await db[WORKFLOWS].find(
backend/fulfillment_v2_routes.py,1809,order_review_workflows,workflows = await db[WORKFLOWS].find(
backend/fulfillment_v2_routes.py,1968,order_review_workflows,workflows = await db[WORKFLOWS].find(
backend/fulfillment_v2_routes.py,2010,order_review_workflows,workflows = await db[WORKFLOWS].find(
backend/fulfillment_v2_routes.py,2237,mezan_fulfillment_batches_v2,rows = await db[BATCHES].find(
backend/import_jobs.py,90,import_jobs,await db.import_jobs.insert_one(dict(doc))
backend/import_jobs.py,96,import_jobs,"await db.import_jobs.update_one({""id"": job_id}, {""$set"": patch})"
backend/import_jobs.py,103,import_jobs,await db.import_jobs.update_one(
backend/import_jobs.py,345,import_jobs,"await db.import_jobs.create_index([(""user_id"", 1), (""created_at"", -1)])"
backend/import_jobs.py,346,import_jobs,"await db.import_jobs.create_index(""id"", unique=True)"
backend/import_jobs.py,265,analyses,await db.analyses.insert_one(analysis)
backend/import_jobs.py,321,import_jobs,doc = await db.import_jobs.find_one(
backend/import_jobs.py,331,import_jobs,doc = await db.import_jobs.find_one(
backend/import_jobs.py,338,import_jobs,"await db.import_jobs.delete_one({""id"": job_id, ""user_id"": user[""id""]})"
backend/import_jobs.py,312,import_jobs,"db.import_jobs.find({""user_id"": user[""id""]}, {""_id"": 0, ""errors"": 0})"
backend/integrations/qoyod/adopt_existing_payment.py,85,integration_inbox,row = await db.integration_inbox.find_one(
backend/integrations/qoyod/adopt_existing_payment.py,142,qoyod_invoice_payments,existing = await db.qoyod_invoice_payments.find_one({
backend/integrations/qoyod/adopt_existing_payment.py,154,qoyod_invoice_payments,ledger_res = await db.qoyod_invoice_payments.update_one(
backend/integrations/qoyod/adopt_existing_payment.py,186,integration_inbox,row_res = await db.integration_inbox.update_one(
backend/integrations/qoyod/adopt_existing_payment.py,213,qoyod_invoices,invoices_res = await db.qoyod_invoices.update_one(
backend/integrations/qoyod/adopt_existing_payment.py,89,integration_inbox,row = await db.integration_inbox.find_one(
backend/integrations/qoyod/adopt_existing_payment.py,128,qoyod_settings,settings = await db.qoyod_settings.find_one(
backend/integrations/qoyod/approve_locked_payment.py,55,qoyod_write_lock_attempts,attempt = await db.qoyod_write_lock_attempts.find_one(
backend/integrations/qoyod/approve_locked_payment.py,95,integration_inbox,row = await db.integration_inbox.find_one(
backend/integrations/qoyod/approve_locked_payment.py,125,qoyod_invoice_payments,led = await db.qoyod_invoice_payments.find_one(
backend/integrations/qoyod/approve_locked_payment.py,192,qoyod_invoice_payments,await db.qoyod_invoice_payments.update_one(
backend/integrations/qoyod/approve_locked_payment.py,217,integration_inbox,row_res = await db.integration_inbox.update_one(
backend/integrations/qoyod/approve_locked_payment.py,236,qoyod_write_lock_attempts,await db.qoyod_write_lock_attempts.update_one(
backend/integrations/qoyod/approve_locked_payment.py,141,qoyod_settings,settings = await db.qoyod_settings.find_one(
backend/integrations/qoyod/backfill_gate.py,96,integration_inbox,"cursor = db.integration_inbox.find(q, limit=max(1, min(limit, 500)))"
backend/integrations/qoyod/backfill_gate.py,49,qoyod_settings,"s = await db.qoyod_settings.find_one({""user_id"": user_id}) or {}"
backend/integrations/qoyod/backfill_gate.py,121,integration_inbox,"await db.integration_inbox.update_one({""id"": row_id}, patch)"
backend/integrations/qoyod/bank_transfer_discovery.py,163,qoyod_payloads,"async for doc in db.qoyod_payloads.find(q, projection).sort(""_id"", -1):"
backend/integrations/qoyod/canary_live_send.py,193,canary_send_audit_log,await db.canary_send_audit_log.insert_one({
backend/integrations/qoyod/canary_live_send.py,431,qoyod_products_mapping,m = await db.qoyod_products_mapping.find_one(
backend/integrations/qoyod/canary_live_send.py,342,qoyod_settings,raw_settings = await db.qoyod_settings.find_one(
backend/integrations/qoyod/canary_live_send.py,815,integration_inbox,_sel_row = await db.integration_inbox.find_one(
backend/integrations/qoyod/canary_live_send.py,870,integration_inbox,await db.integration_inbox.update_one(
backend/integrations/qoyod/canary_live_send.py,928,qoyod_settings,_real_settings = await db.qoyod_settings.find_one(
backend/integrations/qoyod/canary_live_send.py,1255,integration_inbox,_row_after = await db.integration_inbox.find_one(
backend/integrations/qoyod/canary_live_send.py,936,integration_inbox,_sel_row = await db.integration_inbox.find_one(
backend/integrations/qoyod/canary_live_send.py,1015,integration_inbox,_upd = await db.integration_inbox.update_one(
backend/integrations/qoyod/canary_live_send.py,1036,qoyod_invoices,await db.qoyod_invoices.update_one(
backend/integrations/qoyod/canary_live_send.py,419,integration_inbox,all_rows: list[dict] = await db.integration_inbox.find(
backend/integrations/qoyod/canary_live_send.py,684,qoyod_settings,_raw = await db.qoyod_settings.find_one(
backend/integrations/qoyod/canary_readiness.py,66,qoyod_settings,doc = await db.qoyod_settings.find_one(
backend/integrations/qoyod/candidate_orders.py,627,unified_orders,"cursor = db.unified_orders.find(query, projection).sort(""order_date"", -1)"
backend/integrations/qoyod/candidate_orders.py,761,integration_inbox,"cursor = db.integration_inbox.find(query, projection).sort("
backend/integrations/qoyod/candidate_orders.py,872,qoyod_invoices,"cursor = db.qoyod_invoices.find(query, projection).sort("
backend/integrations/qoyod/cod_receipts_report.py,88,qoyod_invoices,"cursor = db.qoyod_invoices.find(q, projection).sort(""created_at"", -1)"
backend/integrations/qoyod/compliance.py,99,qoyod_invoices,cursor = db.qoyod_invoices.find(
backend/integrations/qoyod/compliance.py,194,unified_orders,eligible = await db.unified_orders.count_documents({
backend/integrations/qoyod/compliance.py,198,qoyod_invoices,sent = await db.qoyod_invoices.count_documents({
backend/integrations/qoyod/compliance.py,245,unified_orders,completed_total = await db.unified_orders.count_documents({
backend/integrations/qoyod/compliance.py,249,qoyod_invoices,sent = await db.qoyod_invoices.count_documents({
backend/integrations/qoyod/compliance.py,252,qoyod_invoices,receipt_failed = await db.qoyod_invoices.count_documents({
backend/integrations/qoyod/compliance.py,255,qoyod_invoices,failed_before = await db.qoyod_invoices.count_documents({
backend/integrations/qoyod/compliance.py,265,unified_orders,oldest = await db.unified_orders.find_one(
backend/integrations/qoyod/compliance.py,208,unified_orders,oldest = await db.unified_orders.find_one(
backend/integrations/qoyod/compliance.py,135,unified_orders,"cursor = db.unified_orders.find(q, proj).sort("
backend/integrations/qoyod/credentials.py,118,qoyod_credentials,doc = await db.qoyod_credentials.find_one(
backend/integrations/qoyod/credentials.py,211,qoyod_credentials,doc = await db.qoyod_credentials.find_one(
backend/integrations/qoyod/credentials.py,244,qoyod_credentials,"res = await db.qoyod_credentials.delete_one({""user_id"": user_id})"
backend/integrations/qoyod/credentials.py,67,qoyod_credentials,persisted = await db.qoyod_credentials.find_one_and_update(
backend/integrations/qoyod/credentials.py,224,qoyod_credentials,result = await db.qoyod_credentials.update_one(
backend/integrations/qoyod/credentials.py,149,qoyod_credentials,doc = await db.qoyod_credentials.find_one(
backend/integrations/qoyod/credentials.py,182,qoyod_credentials,migrated = await db.qoyod_credentials.find_one_and_update(
backend/integrations/qoyod/customer_resolver.py,214,qoyod_customers_mapping,existing = await db.qoyod_customers_mapping.find_one(
backend/integrations/qoyod/customer_resolver.py,305,qoyod_customers_mapping,await db.qoyod_customers_mapping.update_one(
backend/integrations/qoyod/customer_resolver.py,407,qoyod_customers_mapping,await db.qoyod_customers_mapping.update_one(
backend/integrations/qoyod/customer_resolver.py,227,qoyod_customers_mapping,await db.qoyod_customers_mapping.update_one(
backend/integrations/qoyod/customer_resolver.py,253,qoyod_settings,_settings = await db.qoyod_settings.find_one(
backend/integrations/qoyod/dead_letter_requeue.py,303,integration_inbox,"cursor = db.integration_inbox.find(q, limit=max(1, min(limit, 500)))"
backend/integrations/qoyod/dead_letter_requeue.py,355,integration_inbox,"cursor = db.integration_inbox.find(q, limit=max(1, min(limit, 500)))"
backend/integrations/qoyod/dead_letter_requeue.py,256,integration_inbox,"await db.integration_inbox.update_one({""id"": row_id}, p1)"
backend/integrations/qoyod/dead_letter_requeue.py,268,integration_inbox,"await db.integration_inbox.update_one({""id"": row_id}, p2)"
backend/integrations/qoyod/dead_letter_requeue.py,416,integration_inbox,row = await db.integration_inbox.find_one(q)
backend/integrations/qoyod/dry_rca_report.py,59,qoyod_customers_mapping,cur = db.qoyod_customers_mapping.find(
backend/integrations/qoyod/dry_rca_report.py,86,qoyod_external_customers,doc = await db.qoyod_external_customers.find_one(
backend/integrations/qoyod/dry_rca_report.py,98,qoyod_products_mapping,m = await db.qoyod_products_mapping.find_one(
backend/integrations/qoyod/dry_rca_report.py,112,qoyod_external_products,doc = await db.qoyod_external_products.find_one(
backend/integrations/qoyod/dry_rca_report.py,268,qoyod_settings,settings = await db.qoyod_settings.find_one(
backend/integrations/qoyod/dry_rca_report.py,48,integration_inbox,"cur = db.integration_inbox.find(q, {""_id"": 0}).sort("
backend/integrations/qoyod/eligible_orders.py,273,qoyod_customers_mapping,mapping = await db.qoyod_customers_mapping.find_one(
backend/integrations/qoyod/eligible_orders.py,587,unified_orders,unified_orders_total = await db.unified_orders.count_documents(
backend/integrations/qoyod/eligible_orders.py,305,qoyod_products_mapping,m = await db.qoyod_products_mapping.find_one(
backend/integrations/qoyod/eligible_orders.py,577,qoyod_settings,settings = await db.qoyod_settings.find_one(
backend/integrations/qoyod/eligible_orders.py,778,qoyod_invoices,invoice = await db.qoyod_invoices.find_one(
backend/integrations/qoyod/eligible_orders.py,989,DYNAMIC:coll_name,cursor = db[coll_name].aggregate([
backend/integrations/qoyod/eligible_orders.py,1098,qoyod_settings,settings = await db.qoyod_settings.find_one(
backend/integrations/qoyod/eligible_orders.py,632,integration_inbox,inbox_cursor = db.integration_inbox.find(
backend/integrations/qoyod/eligible_orders.py,770,integration_inbox,inbox_row = await db.integration_inbox.find_one(
backend/integrations/qoyod/eligible_orders.py,1032,unified_orders,"await db.unified_orders.count_documents(uo_filt_all),"
backend/integrations/qoyod/eligible_orders.py,1034,unified_orders,"await db.unified_orders.count_documents(uo_filt_90d),"
backend/integrations/qoyod/eligible_orders.py,1036,integration_inbox,"await db.integration_inbox.count_documents(ib_filt_all),"
backend/integrations/qoyod/eligible_orders.py,1038,integration_inbox,"await db.integration_inbox.count_documents(ib_filt_90d),"
backend/integrations/qoyod/eligible_orders.py,1040,integration_inbox,"await db.integration_inbox.count_documents(ib_filt_90d),"
backend/integrations/qoyod/eligible_orders.py,1010,integration_inbox,type_probe = await db.integration_inbox.aggregate([
backend/integrations/qoyod/eligible_orders.py,604,unified_orders,orders = await db.unified_orders.find(
backend/integrations/qoyod/eligible_orders.py,986,DYNAMIC:coll_name,"return await db[coll_name].find(filt, proj).limit(5).to_list(5)"
backend/integrations/qoyod/eligible_orders.py,1019,integration_inbox,parsed_sample = await db.integration_inbox.find(
backend/integrations/qoyod/enable_selective_auto_send.py,79,qoyod_settings,await db.qoyod_settings.update_one(
backend/integrations/qoyod/enable_selective_auto_send.py,119,qoyod_settings,res = await db.qoyod_settings.update_one(
backend/integrations/qoyod/enable_selective_auto_send.py,183,qoyod_settings,await db.qoyod_settings.update_one(
backend/integrations/qoyod/enable_selective_auto_send.py,56,qoyod_settings,settings = await db.qoyod_settings.find_one(
backend/integrations/qoyod/enable_selective_auto_send.py,160,qoyod_settings,settings = await db.qoyod_settings.find_one(
backend/integrations/qoyod/first_sync_monitor.py,358,integration_inbox,cursor = db.integration_inbox.find(
backend/integrations/qoyod/first_sync_monitor.py,416,integration_inbox,async for row in db.integration_inbox.aggregate(pipeline):
backend/integrations/qoyod/first_sync_monitor.py,480,integration_inbox,async for row in db.integration_inbox.find(q):
backend/integrations/qoyod/first_sync_monitor.py,624,integration_inbox,cursor = db.integration_inbox.find(
backend/integrations/qoyod/first_sync_monitor.py,726,integration_inbox,async for row in db.integration_inbox.find(
backend/integrations/qoyod/first_sync_monitor.py,369,integration_inbox,row = await db.integration_inbox.find_one(
backend/integrations/qoyod/first_sync_monitor.py,506,integration_inbox_archive,ins = await db.integration_inbox_archive.insert_many(archive_docs)
backend/integrations/qoyod/first_sync_monitor.py,522,integration_inbox,res = await db.integration_inbox.delete_many(delete_q)
backend/integrations/qoyod/first_sync_monitor.py,769,integration_inbox_archive,ins = await db.integration_inbox_archive.insert_many(archive_docs)
backend/integrations/qoyod/first_sync_monitor.py,779,integration_inbox,res = await db.integration_inbox.delete_many(delete_q)
backend/integrations/qoyod/first_sync_monitor.py,789,integration_inbox,await db.integration_inbox.update_one(
backend/integrations/qoyod/force_reprocess_dry.py,115,qoyod_invoices,inv_coll_row = await db.qoyod_invoices.find_one(
backend/integrations/qoyod/force_reprocess_dry.py,216,integration_inbox,"await db.integration_inbox.update_one({""id"": row[""id""]}, upd)"
backend/integrations/qoyod/force_reprocess_dry.py,283,integration_inbox,final_row = await db.integration_inbox.find_one(
backend/integrations/qoyod/force_reprocess_dry.py,70,integration_inbox,row = await db.integration_inbox.find_one(
backend/integrations/qoyod/force_reprocess_dry.py,73,integration_inbox,row = await db.integration_inbox.find_one(
backend/integrations/qoyod/force_reprocess_dry.py,131,qoyod_settings,settings = await db.qoyod_settings.find_one(
backend/integrations/qoyod/force_reprocess_dry.py,245,integration_inbox,refreshed = await db.integration_inbox.find_one(
backend/integrations/qoyod/force_reprocess_dry.py,269,integration_inbox,_after = await db.integration_inbox.find_one(
backend/integrations/qoyod/fresh_start_audit.py,403,qoyod_fresh_start_audits,await db.qoyod_fresh_start_audits.insert_one({
backend/integrations/qoyod/fresh_start_audit.py,460,qoyod_fresh_start_audits,await db.qoyod_fresh_start_audits.update_one(
backend/integrations/qoyod/fresh_start_audit.py,483,qoyod_fresh_start_audits,doc = await db.qoyod_fresh_start_audits.find_one(
backend/integrations/qoyod/fresh_start_cleanup.py,132,qoyod_fresh_start_cleanups,await db.qoyod_fresh_start_cleanups.insert_one(doc)
backend/integrations/qoyod/fresh_start_cleanup.py,139,qoyod_fresh_start_cleanups,doc = await db.qoyod_fresh_start_cleanups.find_one(
backend/integrations/qoyod/fresh_start_cleanup.py,222,qoyod_fresh_start_cleanups,job = await db.qoyod_fresh_start_cleanups.find_one(
backend/integrations/qoyod/fresh_start_cleanup.py,237,qoyod_fresh_start_cleanups,await db.qoyod_fresh_start_cleanups.update_one(
backend/integrations/qoyod/fresh_start_cleanup.py,270,qoyod_fresh_start_cleanups,await db.qoyod_fresh_start_cleanups.update_one(
backend/integrations/qoyod/go_live.py,190,integration_inbox,failed_cursor = db.integration_inbox.find({
backend/integrations/qoyod/go_live.py,415,integration_inbox,cursor = db.integration_inbox.find(
backend/integrations/qoyod/go_live.py,565,integration_inbox,async for d in db.integration_inbox.aggregate(pipe):
backend/integrations/qoyod/go_live.py,41,qoyod_settings,"doc = await db.qoyod_settings.find_one({""user_id"": user_id}, {""_id"": 0})"
backend/integrations/qoyod/go_live.py,84,qoyod_products_mapping,mapped = await db.qoyod_products_mapping.count_documents(
backend/integrations/qoyod/go_live.py,93,qoyod_products_mapping,seen = await db.qoyod_products_mapping.distinct(
backend/integrations/qoyod/go_live.py,101,qoyod_customers_mapping,mapped = await db.qoyod_customers_mapping.count_documents(
backend/integrations/qoyod/go_live.py,121,integration_inbox,completed_dry = await db.integration_inbox.count_documents(
backend/integrations/qoyod/go_live.py,284,integration_inbox,recent_completed = await db.integration_inbox.count_documents({
backend/integrations/qoyod/go_live.py,538,qoyod_products_mapping,products_already_local = await db.qoyod_products_mapping.count_documents(
backend/integrations/qoyod/go_live.py,550,qoyod_customers_mapping,customers_already_local = await db.qoyod_customers_mapping.count_documents(
backend/integrations/qoyod/go_live.py,638,qoyod_settings,await db.qoyod_settings.update_one(
backend/integrations/qoyod/go_live.py,445,qoyod_products_mapping,async for m in db.qoyod_products_mapping.find(
backend/integrations/qoyod/go_live.py,541,qoyod_products_mapping,mapped_skus = set(await db.qoyod_products_mapping.distinct(
backend/integrations/qoyod/go_live.py,570,qoyod_customers_mapping,mapped_lookups = set(await db.qoyod_customers_mapping.distinct(
backend/integrations/qoyod/invoice_review.py,184,unified_orders,"cursor = db.unified_orders.find(query, _SALLA_ORDER_PROJECTION)"
backend/integrations/qoyod/invoice_review.py,144,unified_orders,"cursor = db.unified_orders.find(query, _SALLA_ORDER_PROJECTION).sort("
backend/integrations/qoyod/invoice_review.py,230,qoyod_invoices,"cursor = db.qoyod_invoices.find(query, projection).sort("
backend/integrations/qoyod/live_canary.py,180,qoyod_settings,await db.qoyod_settings.update_one(
backend/integrations/qoyod/live_canary.py,232,qoyod_settings,await db.qoyod_settings.update_one(
backend/integrations/qoyod/live_canary.py,144,qoyod_settings,settings = await db.qoyod_settings.find_one(
backend/integrations/qoyod/migration.py,627,DYNAMIC:f'qoyod_migration_{kind}',"coll = db[f""qoyod_migration_{kind}""]"
backend/integrations/qoyod/migration.py,229,unified_orders,cursor = db.unified_orders.find(
backend/integrations/qoyod/migration.py,318,unified_orders,cursor = db.unified_orders.find(
backend/integrations/qoyod/migration.py,334,custom_app_customers,cursor2 = db.custom_app_customers.find(
backend/integrations/qoyod/migration.py,421,qoyod_external_products,"async for q in db.qoyod_external_products.find({""user_id"": user_id}):"
backend/integrations/qoyod/migration.py,478,qoyod_external_customers,"async for q in db.qoyod_external_customers.find({""user_id"": user_id}):"
backend/integrations/qoyod/migration.py,541,qoyod_migration_runs,await db.qoyod_migration_runs.insert_one({
backend/integrations/qoyod/migration.py,592,qoyod_migration_runs,await db.qoyod_migration_runs.update_one(
backend/integrations/qoyod/migration.py,607,qoyod_migration_runs,doc = await db.qoyod_migration_runs.find_one(
backend/integrations/qoyod/migration.py,448,qoyod_migration_products,await db.qoyod_migration_products.update_one(
backend/integrations/qoyod/migration.py,506,qoyod_migration_customers,await db.qoyod_migration_customers.update_one(
backend/integrations/qoyod/migration.py,166,qoyod_external_products,await db.qoyod_external_products.update_one(
backend/integrations/qoyod/migration.py,207,qoyod_external_customers,await db.qoyod_external_customers.update_one(
backend/integrations/qoyod/migration.py,250,order_items,rows = await db.order_items.aggregate(pipeline).to_list(length=10000)
backend/integrations/qoyod/migration_routes.py,85,DYNAMIC:f'qoyod_migration_{kind}',"coll = db[f""qoyod_migration_{kind}""]"
backend/integrations/qoyod/migration_routes.py,145,DYNAMIC:f'qoyod_migration_{kind}',"coll = db[f""qoyod_migration_{kind}""]"
backend/integrations/qoyod/models.py,452,qoyod_settings,await db.qoyod_settings.create_index(
backend/integrations/qoyod/models.py,458,qoyod_credentials,await db.qoyod_credentials.create_index(
backend/integrations/qoyod/models.py,467,integration_inbox,await db.integration_inbox.create_index(
backend/integrations/qoyod/models.py,473,integration_inbox,await db.integration_inbox.create_index(
backend/integrations/qoyod/models.py,479,integration_inbox,await db.integration_inbox.create_index(
backend/integrations/qoyod/models.py,484,integration_inbox,await db.integration_inbox.create_index(
backend/integrations/qoyod/models.py,488,integration_inbox,await db.integration_inbox.create_index(
backend/integrations/qoyod/models.py,495,qoyod_invoices,await db.qoyod_invoices.create_index(
backend/integrations/qoyod/models.py,500,qoyod_invoices,await db.qoyod_invoices.create_index(
backend/integrations/qoyod/models.py,506,qoyod_invoices,await db.qoyod_invoices.create_index(
backend/integrations/qoyod/models.py,512,qoyod_invoices,await db.qoyod_invoices.create_index(
backend/integrations/qoyod/models.py,520,qoyod_products_mapping,await db.qoyod_products_mapping.create_index(
backend/integrations/qoyod/models.py,527,qoyod_customers_mapping,await db.qoyod_customers_mapping.create_index(
backend/integrations/qoyod/models.py,539,qoyod_webhook_events,await db.qoyod_webhook_events.create_index(
backend/integrations/qoyod/models.py,544,qoyod_webhook_events,await db.qoyod_webhook_events.create_index(
backend/integrations/qoyod/models.py,549,qoyod_webhook_events,await db.qoyod_webhook_events.create_index(
backend/integrations/qoyod/models.py,554,qoyod_webhook_events,await db.qoyod_webhook_events.create_index(
backend/integrations/qoyod/models.py,564,qoyod_manual_auto_runs,await db.qoyod_manual_auto_runs.create_index(
backend/integrations/qoyod/models.py,568,qoyod_manual_auto_runs,await db.qoyod_manual_auto_runs.create_index(
backend/integrations/qoyod/models.py,572,qoyod_manual_auto_runs,await db.qoyod_manual_auto_runs.create_index(
backend/integrations/qoyod/one_shot_reprocess.py,450,integration_inbox,"await db.integration_inbox.update_one({""id"": row[""id""]}, p2)"
backend/integrations/qoyod/one_shot_reprocess.py,700,qoyod_invoices,existing_invoice = await db.qoyod_invoices.find_one(
backend/integrations/qoyod/one_shot_reprocess.py,767,integration_inbox,"fresh = await db.integration_inbox.find_one({""id"": row[""id""]})"
backend/integrations/qoyod/one_shot_reprocess.py,228,qoyod_customers_mapping,m = await db.qoyod_customers_mapping.find_one(
backend/integrations/qoyod/one_shot_reprocess.py,259,integration_inbox,await db.integration_inbox.update_one(
backend/integrations/qoyod/one_shot_reprocess.py,274,qoyod_products_mapping,m = await db.qoyod_products_mapping.find_one(
backend/integrations/qoyod/one_shot_reprocess.py,419,integration_inbox,"await db.integration_inbox.update_one({""id"": row[""id""]}, p1)"
backend/integrations/qoyod/one_shot_reprocess.py,733,qoyod_settings,settings = await db.qoyod_settings.find_one(
backend/integrations/qoyod/one_shot_reprocess.py,977,integration_inbox,"return await db.integration_inbox.find_one({""id"": row[""id""]})"
backend/integrations/qoyod/one_shot_reprocess.py,129,integration_inbox,rows = await db.integration_inbox.find(q).to_list(length=20)
backend/integrations/qoyod/one_shot_reprocess.py,237,qoyod_customers_mapping,await db.qoyod_customers_mapping.update_one(
backend/integrations/qoyod/one_shot_reprocess.py,283,qoyod_products_mapping,await db.qoyod_products_mapping.update_one(
backend/integrations/qoyod/one_shot_reprocess.py,830,qoyod_per_order_approvals,await db.qoyod_per_order_approvals.insert_one(approval_audit)
backend/integrations/qoyod/one_shot_reprocess.py,896,qoyod_per_order_approvals,await db.qoyod_per_order_approvals.update_one(
backend/integrations/qoyod/one_shot_reprocess.py,555,qoyod_per_order_approvals,approval_audit = await db.qoyod_per_order_approvals.find_one(
backend/integrations/qoyod/order_totals_breakdown.py,760,integration_inbox,rows = await db.integration_inbox.find(
backend/integrations/qoyod/pipeline.py,3074,integration_inbox,cursor = db.integration_inbox.find(
backend/integrations/qoyod/pipeline.py,3110,integration_inbox,async for d in db.integration_inbox.aggregate(pipeline):
backend/integrations/qoyod/pipeline.py,3115,integration_inbox,async for d in db.integration_inbox.aggregate([
backend/integrations/qoyod/pipeline.py,3122,integration_inbox,async for d in db.integration_inbox.aggregate([
backend/integrations/qoyod/pipeline.py,3156,integration_inbox,cursor = db.integration_inbox.find(
backend/integrations/qoyod/pipeline.py,114,qoyod_settings,doc = await db.qoyod_settings.find_one(
backend/integrations/qoyod/pipeline.py,151,integration_inbox,"await db.integration_inbox.update_one({""id"": row_id}, patch)"
backend/integrations/qoyod/pipeline.py,186,integration_inbox,res = await db.integration_inbox.update_one(
backend/integrations/qoyod/pipeline.py,213,integration_inbox,doc = await db.integration_inbox.find_one(
backend/integrations/qoyod/pipeline.py,271,integration_inbox,doc = await db.integration_inbox.find_one(
backend/integrations/qoyod/pipeline.py,709,qoyod_invoices,existing = await db.qoyod_invoices.find_one(
backend/integrations/qoyod/pipeline.py,788,integration_inbox,await db.integration_inbox.update_one(
backend/integrations/qoyod/pipeline.py,1692,qoyod_invoices,existing_invoice = await db.qoyod_invoices.find_one(
backend/integrations/qoyod/pipeline.py,1909,integration_inbox,await db.integration_inbox.update_one(
backend/integrations/qoyod/pipeline.py,2190,integration_inbox,await db.integration_inbox.update_one(
backend/integrations/qoyod/pipeline.py,2251,qoyod_invoices,await db.qoyod_invoices.update_one(
backend/integrations/qoyod/pipeline.py,2651,integration_inbox,await db.integration_inbox.update_one(
backend/integrations/qoyod/pipeline.py,2701,qoyod_invoice_payments,existing_payment = await db.qoyod_invoice_payments.find_one({
backend/integrations/qoyod/pipeline.py,2963,qoyod_invoice_payments,await db.qoyod_invoice_payments.update_one(
backend/integrations/qoyod/pipeline.py,3023,integration_inbox,await db.integration_inbox.update_one(
backend/integrations/qoyod/pipeline.py,3057,qoyod_invoices,await db.qoyod_invoices.update_one(
backend/integrations/qoyod/pipeline.py,195,integration_inbox,cur = await db.integration_inbox.find_one(
backend/integrations/qoyod/pipeline.py,602,integration_inbox,await db.integration_inbox.update_one(
backend/integrations/qoyod/pipeline.py,681,integration_inbox,await db.integration_inbox.update_one(
backend/integrations/qoyod/pipeline.py,751,integration_inbox,await db.integration_inbox.update_one(
backend/integrations/qoyod/pipeline.py,1937,integration_inbox,await db.integration_inbox.update_one(
backend/integrations/qoyod/pipeline.py,2355,integration_inbox,await db.integration_inbox.update_one(
backend/integrations/qoyod/pipeline.py,2358,qoyod_invoices,await db.qoyod_invoices.update_one(
backend/integrations/qoyod/pipeline.py,2483,qoyod_invoices,await db.qoyod_invoices.update_one(
backend/integrations/qoyod/pipeline.py,2545,qoyod_invoices,await db.qoyod_invoices.update_one(
backend/integrations/qoyod/pipeline.py,2673,integration_inbox,await db.integration_inbox.update_one(
backend/integrations/qoyod/pipeline.py,2687,qoyod_invoices,await db.qoyod_invoices.update_one(
backend/integrations/qoyod/pipeline.py,2715,integration_inbox,await db.integration_inbox.update_one(
backend/integrations/qoyod/pipeline.py,1106,integration_inbox,await db.integration_inbox.update_one(
backend/integrations/qoyod/pipeline.py,1787,integration_inbox,await db.integration_inbox.update_one(
backend/integrations/qoyod/pipeline.py,1890,integration_inbox,await db.integration_inbox.update_one(
backend/integrations/qoyod/pipeline.py,2062,integration_inbox,await db.integration_inbox.update_one(
backend/integrations/qoyod/pipeline.py,2398,qoyod_invoices,await db.qoyod_invoices.update_one(
backend/integrations/qoyod/pipeline.py,2807,integration_inbox,await db.integration_inbox.update_one(
backend/integrations/qoyod/pipeline.py,1334,integration_inbox,_r = await db.integration_inbox.find_one(
backend/integrations/qoyod/pipeline.py,2156,integration_inbox,await db.integration_inbox.update_one(
backend/integrations/qoyod/pipeline.py,2174,integration_inbox,await db.integration_inbox.update_one(
backend/integrations/qoyod/pipeline.py,2913,integration_inbox,await db.integration_inbox.update_one(
backend/integrations/qoyod/pipeline.py,2932,integration_inbox,await db.integration_inbox.update_one(
backend/integrations/qoyod/pipeline.py,2951,qoyod_invoices,await db.qoyod_invoices.update_one(
backend/integrations/qoyod/pipeline.py,1997,integration_inbox,await db.integration_inbox.update_one(
backend/integrations/qoyod/pipeline.py,2758,integration_inbox,await db.integration_inbox.update_one(
backend/integrations/qoyod/pipeline.py,2858,integration_inbox,await db.integration_inbox.update_one(
backend/integrations/qoyod/pipeline.py,2117,integration_inbox,await db.integration_inbox.update_one(
backend/integrations/qoyod/preview_reprocess.py,139,qoyod_invoices,existing_invoice = await db.qoyod_invoices.find_one(
backend/integrations/qoyod/preview_reprocess.py,269,qoyod_settings,settings = await db.qoyod_settings.find_one(
backend/integrations/qoyod/preview_reprocess.py,113,integration_inbox,rows = await db.integration_inbox.find(q).to_list(length=20)
backend/integrations/qoyod/preview_reprocess.py,381,qoyod_customers_mapping,customer_mapping_doc = await db.qoyod_customers_mapping.find_one(
backend/integrations/qoyod/preview_reprocess.py,402,qoyod_products_mapping,mapped = await db.qoyod_products_mapping.find_one(
backend/integrations/qoyod/product_resolver.py,777,qoyod_products_mapping,await db.qoyod_products_mapping.update_one(
backend/integrations/qoyod/product_resolver.py,485,qoyod_products_mapping,existing = await db.qoyod_products_mapping.find_one(
backend/integrations/qoyod/product_resolver.py,728,qoyod_products_mapping,await db.qoyod_products_mapping.update_one(
backend/integrations/qoyod/product_resolver.py,501,qoyod_products_mapping,await db.qoyod_products_mapping.update_one(
backend/integrations/qoyod/product_resolver.py,594,qoyod_products_mapping,await db.qoyod_products_mapping.update_one(
backend/integrations/qoyod/qoyod_invoices_sync.py,328,qoyod_invoices,"db.qoyod_invoices,"
backend/integrations/qoyod/qoyod_invoices_sync.py,218,qoyod_invoices,legacy_missing_identity = await db.qoyod_invoices.find_one(
backend/integrations/qoyod/qoyod_invoices_sync.py,232,qoyod_invoices,await db.qoyod_invoices.update_one(
backend/integrations/qoyod/qoyod_simulation.py,353,integration_inbox,rows = await db.integration_inbox.find(
backend/integrations/qoyod/reconciliation_v2.py,214,integration_inbox,cursor = db.integration_inbox.find(
backend/integrations/qoyod/reconciliation_v2.py,121,unified_orders,"cursor = db.unified_orders.find(q, projection).sort(""order_date"", -1)"
backend/integrations/qoyod/reconciliation_v2.py,147,qoyod_invoices,cursor = db.qoyod_invoices.find(
backend/integrations/qoyod/reference_lists.py,292,qoyod_reference_lists,await db.qoyod_reference_lists.update_one(
backend/integrations/qoyod/reference_lists.py,304,qoyod_reference_lists,doc = await db.qoyod_reference_lists.find_one(
backend/integrations/qoyod/retry_payment_only.py,110,integration_inbox,row = await db.integration_inbox.find_one(
backend/integrations/qoyod/retry_payment_only.py,174,qoyod_invoice_payments,existing = await db.qoyod_invoice_payments.find_one({
backend/integrations/qoyod/retry_payment_only.py,198,integration_inbox,await db.integration_inbox.update_one(
backend/integrations/qoyod/retry_payment_only.py,303,qoyod_invoice_payments,await db.qoyod_invoice_payments.update_one(
backend/integrations/qoyod/retry_payment_only.py,348,integration_inbox,await db.integration_inbox.update_one(
backend/integrations/qoyod/retry_payment_only.py,366,qoyod_invoices,await db.qoyod_invoices.update_one(
backend/integrations/qoyod/retry_payment_only.py,75,integration_inbox,"await db.integration_inbox.update_one({""id"": row_id}, update)"
backend/integrations/qoyod/retry_payment_only.py,114,integration_inbox,row = await db.integration_inbox.find_one({
backend/integrations/qoyod/retry_payment_only.py,144,qoyod_settings,settings = await db.qoyod_settings.find_one(
backend/integrations/qoyod/retry_payment_only.py,237,integration_inbox,await db.integration_inbox.update_one(
backend/integrations/qoyod/retry_payment_only.py,268,integration_inbox,await db.integration_inbox.update_one(
backend/integrations/qoyod/rev32_hardening.py,268,integration_inbox,doc = await db.integration_inbox.find_one(
backend/integrations/qoyod/rev32_hardening.py,205,rev32_kill_switch_events,await db.rev32_kill_switch_events.insert_one(audit_row)
backend/integrations/qoyod/rev32_hardening.py,215,qoyod_settings,await db.qoyod_settings.update_one(
backend/integrations/qoyod/rev32_hardening.py,345,qoyod_settings,settings = await db.qoyod_settings.find_one(
backend/integrations/qoyod/rev32_hardening.py,348,integration_inbox,row = await db.integration_inbox.find_one(
backend/integrations/qoyod/rev32_hardening.py,700,integration_inbox,await db.integration_inbox.update_one(
backend/integrations/qoyod/rev32_hardening.py,744,integration_inbox,doc = await db.integration_inbox.find_one(
backend/integrations/qoyod/rounding_dry_run.py,808,integration_inbox,cursor = db.integration_inbox.find(
backend/integrations/qoyod/rounding_mismatch_report.py,506,integration_inbox,cursor = db.integration_inbox.find(
backend/integrations/qoyod/routes.py,402,qoyod_settings,settings_doc = await db.qoyod_settings.find_one(
backend/integrations/qoyod/routes.py,765,qoyod_settings,doc = await db.qoyod_settings.find_one(
backend/integrations/qoyod/routes.py,1088,qoyod_settings,await db.qoyod_settings.update_one(
backend/integrations/qoyod/routes.py,1442,qoyod_invoices,last_invoice = await db.qoyod_invoices.find_one(
backend/integrations/qoyod/routes.py,1448,qoyod_invoices,failed_count = await db.qoyod_invoices.count_documents(
backend/integrations/qoyod/routes.py,1488,qoyod_invoices,row = await db.qoyod_invoices.find_one(
backend/integrations/qoyod/routes.py,1500,integration_inbox,inbox = await db.integration_inbox.find_one(
backend/integrations/qoyod/routes.py,1721,integration_inbox,result = await db.integration_inbox.update_many(
backend/integrations/qoyod/routes.py,2284,qoyod_invoices,ledger = await db.qoyod_invoices.find_one(
backend/integrations/qoyod/routes.py,2293,qoyod_per_order_approvals,approval = await db.qoyod_per_order_approvals.find_one(
backend/integrations/qoyod/routes.py,2744,integration_inbox,sibling_cursor = db.integration_inbox.find({
backend/integrations/qoyod/routes.py,2776,qoyod_invoices,ledger_cursor = db.qoyod_invoices.find({
backend/integrations/qoyod/routes.py,3073,qoyod_invoices,await db.qoyod_invoices.update_one(
backend/integrations/qoyod/routes.py,3118,integration_inbox,"refreshed = await db.integration_inbox.find_one({""id"": row[""id""]})"
backend/integrations/qoyod/routes.py,3212,integration_inbox,row = await db.integration_inbox.find_one(
backend/integrations/qoyod/routes.py,3852,unified_orders,async for o in db.unified_orders.find(
backend/integrations/qoyod/routes.py,889,qoyod_manual_canary_runs,canary = await db.qoyod_manual_canary_runs.find_one(
backend/integrations/qoyod/routes.py,894,salla_integrations,salla_integration = await db.salla_integrations.find_one(
backend/integrations/qoyod/routes.py,921,qoyod_settings,await db.qoyod_settings.update_one(
backend/integrations/qoyod/routes.py,1036,qoyod_manual_canary_runs,canary = await db.qoyod_manual_canary_runs.find_one(
backend/integrations/qoyod/routes.py,1042,salla_integrations,salla_integration = await db.salla_integrations.find_one(
backend/integrations/qoyod/routes.py,1185,qoyod_settings,await db.qoyod_settings.update_one(
backend/integrations/qoyod/routes.py,1412,qoyod_settings,settings = await db.qoyod_settings.find_one(
backend/integrations/qoyod/routes.py,1920,qoyod_products_mapping,async for r in db.qoyod_products_mapping.find(
backend/integrations/qoyod/routes.py,2304,qoyod_settings,settings_doc = await db.qoyod_settings.find_one(
backend/integrations/qoyod/routes.py,2694,qoyod_settings,settings_doc = await db.qoyod_settings.find_one(
backend/integrations/qoyod/routes.py,3062,integration_inbox,await db.integration_inbox.update_one(
backend/integrations/qoyod/routes.py,3106,qoyod_rounding_warning_audits,await db.qoyod_rounding_warning_audits.insert_one(audit_row)
backend/integrations/qoyod/routes.py,4030,qoyod_settings,settings_doc = await db.qoyod_settings.find_one(
backend/integrations/qoyod/routes.py,938,qoyod_settings,await db.qoyod_settings.update_one(
backend/integrations/qoyod/routes.py,2256,integration_inbox,rows = await db.integration_inbox.find(
backend/integrations/qoyod/routes.py,2962,integration_inbox,rows = await db.integration_inbox.find(q).to_list(length=20)
backend/integrations/qoyod/routes.py,1477,qoyod_invoices,cursor = db.qoyod_invoices.find(
backend/integrations/qoyod/routes.py,1883,qoyod_per_order_approvals,async for r in db.qoyod_per_order_approvals.find(
backend/integrations/qoyod/routes.py,2662,integration_inbox,rows_a = await db.integration_inbox.find(
backend/integrations/qoyod/routes.py,2665,integration_inbox,rows_b = await db.integration_inbox.find(
backend/integrations/qoyod/routes.py,3347,webhook_parse_failures,rows = await db.webhook_parse_failures \
backend/integrations/qoyod/sas_build_diagnostics.py,350,integration_inbox,row = await db.integration_inbox.find_one(
backend/integrations/qoyod/sas_build_diagnostics.py,435,qoyod_settings,settings_doc = await db.qoyod_settings.find_one(
backend/integrations/qoyod/sas_worker_trace.py,145,integration_inbox,await db.integration_inbox.update_one(
backend/integrations/qoyod/selective_send_policy.py,715,qoyod_settings,raw_settings = await db.qoyod_settings.find_one(
backend/integrations/qoyod/setup_validation.py,90,unified_orders,async for o in db.unified_orders.find(
backend/integrations/qoyod/setup_validation.py,103,integration_inbox,async for r in db.integration_inbox.find(
backend/integrations/qoyod/setup_validation.py,158,qoyod_settings,settings = await db.qoyod_settings.find_one(
backend/integrations/qoyod/unallocated_receipts_report.py,201,qoyod_unallocated_dismissals,cur = db.qoyod_unallocated_dismissals.find(
backend/integrations/qoyod/unallocated_receipts_report.py,362,qoyod_unallocated_dismissals,await db.qoyod_unallocated_dismissals.update_one(
backend/integrations/qoyod/unallocated_receipts_report.py,366,qoyod_unallocated_dismissals,row = await db.qoyod_unallocated_dismissals.find_one(
backend/integrations/qoyod/unallocated_receipts_report.py,381,qoyod_unallocated_dismissals,await db.qoyod_unallocated_dismissals.update_one(
backend/integrations/qoyod/unallocated_receipts_report.py,215,qoyod_settings,doc = await db.qoyod_settings.find_one(
backend/integrations/qoyod/unsent_orders.py,356,qoyod_invoices,ref_cursor = db.qoyod_invoices.find(
backend/integrations/qoyod/unsent_orders.py,373,qoyod_manual_auto_quarantines,quarantine_cursor = db.qoyod_manual_auto_quarantines.find(
backend/integrations/qoyod/unsent_orders.py,397,qoyod_manual_send_locks,lock_cursor = db.qoyod_manual_send_locks.find(
backend/integrations/qoyod/unsent_orders.py,448,integration_inbox,cursor = db.integration_inbox.find(
backend/integrations/qoyod/webhook.py,102,qoyod_webhook_tokens,doc = await db.qoyod_webhook_tokens.find_one(
backend/integrations/qoyod/webhook.py,232,integration_inbox,"await db.integration_inbox.update_one(doc_filter, patch)"
backend/integrations/qoyod/webhook.py,246,products,existing_product = await db.products.find_one(
backend/integrations/qoyod/webhook.py,255,settings,existing_settings = await db.settings.find_one(
backend/integrations/qoyod/webhook.py,263,users,first_user = await db.users.find_one(
backend/integrations/qoyod/webhook.py,636,qoyod_settings,settings = await db.qoyod_settings.find_one(
backend/integrations/qoyod/webhook.py,861,integration_inbox,latest = await db.integration_inbox.find_one(
backend/integrations/qoyod/webhook.py,800,integration_inbox,await db.integration_inbox.insert_one(new_row)
backend/integrations/qoyod/webhook.py,803,integration_inbox,existing = await db.integration_inbox.find_one(
backend/integrations/qoyod/webhook.py,828,integration_inbox,await db.integration_inbox.update_one(
backend/integrations/qoyod/webhook_activity.py,143,qoyod_webhook_events,cursor = db.qoyod_webhook_events.aggregate(pipeline)
backend/integrations/qoyod/webhook_activity.py,172,qoyod_webhook_events,"total = await db.qoyod_webhook_events.count_documents({""user_id"": user_id})"
backend/integrations/qoyod/webhook_activity.py,185,qoyod_webhook_events,res = await db.qoyod_webhook_events.delete_many(
backend/integrations/qoyod/webhook_activity.py,80,qoyod_webhook_events,await db.qoyod_webhook_events.insert_one(doc)
backend/integrations/qoyod/webhook_activity.py,106,qoyod_webhook_events,cursor = (db.qoyod_webhook_events
backend/integrations/qoyod/webhook_activity.py,178,qoyod_webhook_events,cursor = (db.qoyod_webhook_events
backend/integrations/qoyod/webhook_token_store.py,69,qoyod_webhook_tokens,await db.qoyod_webhook_tokens.update_one(
backend/integrations/qoyod/webhook_token_store.py,96,qoyod_webhook_tokens,doc = await db.qoyod_webhook_tokens.find_one(
backend/integrations/qoyod/webhook_token_store.py,111,qoyod_webhook_tokens,doc = await db.qoyod_webhook_tokens.find_one(
backend/integrations/qoyod/webhook_token_store.py,130,qoyod_webhook_tokens,res = await db.qoyod_webhook_tokens.update_one(
backend/integrations/qoyod/webhook_token_store.py,138,qoyod_webhook_tokens,await db.qoyod_webhook_tokens.update_one(
backend/integrations/qoyod/worker.py,65,qoyod_settings,settings = await db.qoyod_settings.find_one(
backend/integrations/qoyod/write_lock.py,328,qoyod_write_lock_attempts,async for d in db.qoyod_write_lock_attempts.aggregate(pipe):
backend/integrations/qoyod/write_lock.py,275,qoyod_write_lock_attempts,await db.qoyod_write_lock_attempts.insert_one(doc)
backend/integrations/qoyod/write_lock.py,305,qoyod_write_lock_attempts,"cur = db.qoyod_write_lock_attempts.find(q, {""_id"": 0}).sort("
backend/integrations/qoyod_manual/audit_sent_count.py,191,unified_orders,u = await db.unified_orders.find_one(
backend/integrations/qoyod_manual/audit_sent_count.py,99,integration_inbox,"cursor = db.integration_inbox.find(q, projection) \"
backend/integrations/qoyod_manual/auto_send.py,630,qoyod_manual_auto_quarantines,cursor = db.qoyod_manual_auto_quarantines.find(
backend/integrations/qoyod_manual/auto_send.py,416,qoyod_settings,result = await db.qoyod_settings.update_one(
backend/integrations/qoyod_manual/auto_send.py,572,integration_inbox,row = await db.integration_inbox.find_one(
backend/integrations/qoyod_manual/auto_send.py,807,qoyod_settings,await db.qoyod_settings.update_one(
backend/integrations/qoyod_manual/auto_send.py,824,qoyod_manual_auto_quarantines,await db.qoyod_manual_auto_quarantines.update_one(
backend/integrations/qoyod_manual/auto_send.py,339,qoyod_settings,return await db.qoyod_settings.find_one(
backend/integrations/qoyod_manual/auto_send.py,374,qoyod_manual_canary_runs,canary = await db.qoyod_manual_canary_runs.find_one(
backend/integrations/qoyod_manual/auto_send.py,379,salla_integrations,salla_integration = await db.salla_integrations.find_one(
backend/integrations/qoyod_manual/auto_send.py,461,qoyod_manual_auto_worker_leases,await db.qoyod_manual_auto_worker_leases.insert_one({
backend/integrations/qoyod_manual/auto_send.py,472,qoyod_manual_auto_worker_leases,result = await db.qoyod_manual_auto_worker_leases.update_one(
backend/integrations/qoyod_manual/auto_send.py,497,qoyod_manual_auto_worker_leases,await db.qoyod_manual_auto_worker_leases.update_one(
backend/integrations/qoyod_manual/auto_send.py,924,qoyod_manual_auto_runs,await db.qoyod_manual_auto_runs.insert_one(audit)
backend/integrations/qoyod_manual/auto_send.py,1107,qoyod_manual_auto_runs,await db.qoyod_manual_auto_runs.update_one(
backend/integrations/qoyod_manual/diagnose.py,40,integration_inbox,row = await db.integration_inbox.find_one(
backend/integrations/qoyod_manual/diagnose.py,95,qoyod_settings,settings = await db.qoyod_settings.find_one(
backend/integrations/qoyod_manual/failed_retry.py,27,qoyod_manual_auto_quarantines,await db.qoyod_manual_auto_quarantines.update_one(
backend/integrations/qoyod_manual/failed_retry.py,47,qoyod_manual_auto_quarantines,await db.qoyod_manual_auto_quarantines.update_one(
backend/integrations/qoyod_manual/failed_retry.py,67,qoyod_manual_auto_quarantines,await db.qoyod_manual_auto_quarantines.update_one(
backend/integrations/qoyod_manual/missing_diagnostics.py,135,qoyod_invoices,return await db.qoyod_invoices.find_one(
backend/integrations/qoyod_manual/missing_diagnostics.py,250,unified_orders,"uni_cursor = db.unified_orders.find(uni_query, projection) \"
backend/integrations/qoyod_manual/missing_diagnostics.py,283,integration_inbox,ib_cursor = db.integration_inbox.find(
backend/integrations/qoyod_manual/missing_diagnostics.py,325,integration_inbox,marker_cursor = db.integration_inbox.find(
backend/integrations/qoyod_manual/pending.py,187,integration_inbox,inbox_cursor = db.integration_inbox.find(
backend/integrations/qoyod_manual/pending.py,312,integration_inbox,cursor = db.integration_inbox.aggregate(pipeline)
backend/integrations/qoyod_manual/pending.py,211,qoyod_invoices,inv = await db.qoyod_invoices.find_one(
backend/integrations/qoyod_manual/pending.py,344,integration_inbox,async for other in db.integration_inbox.find(
backend/integrations/qoyod_manual/pending_exclusion_diagnose.py,34,qoyod_invoices,return await db.qoyod_invoices.find_one(
backend/integrations/qoyod_manual/pending_exclusion_diagnose.py,55,integration_inbox,cursor = db.integration_inbox.find(
backend/integrations/qoyod_manual/pending_exclusion_diagnose.py,109,integration_inbox,top_cursor = db.integration_inbox.find(
backend/integrations/qoyod_manual/routes.py,727,integration_inbox,cursor = db.integration_inbox.find(
backend/integrations/qoyod_manual/routes.py,406,qoyod_manual_canary_runs,await db.qoyod_manual_canary_runs.insert_one(audit_doc)
backend/integrations/qoyod_manual/routes.py,451,qoyod_manual_canary_runs,await db.qoyod_manual_canary_runs.update_one(
backend/integrations/qoyod_manual/routes.py,547,qoyod_manual_send_locks,doc = await db.qoyod_manual_send_locks.find_one(
backend/integrations/qoyod_manual/routes.py,582,qoyod_settings,await db.qoyod_settings.update_one(
backend/integrations/qoyod_manual/routes.py,111,qoyod_settings,settings = await db.qoyod_settings.find_one(
backend/integrations/qoyod_manual/routes.py,375,qoyod_settings,settings = await db.qoyod_settings.find_one(
backend/integrations/qoyod_manual/routes.py,596,qoyod_settings,after = await db.qoyod_settings.find_one(
backend/integrations/qoyod_manual/routes.py,759,integration_inbox,await db.integration_inbox.update_one(
backend/integrations/qoyod_manual/routes.py,426,qoyod_manual_canary_runs,await db.qoyod_manual_canary_runs.update_one(
backend/integrations/qoyod_manual/routes.py,297,qoyod_manual_send_locks,await db.qoyod_manual_send_locks.update_many(
backend/integrations/qoyod_manual/send.py,1010,qoyod_manual_send_locks,coll = db.qoyod_manual_send_locks
backend/integrations/qoyod_manual/send.py,1091,qoyod_manual_send_locks,await db.qoyod_manual_send_locks.update_one(
backend/integrations/qoyod_manual/send.py,1926,integration_inbox,await db.integration_inbox.update_one(
backend/integrations/qoyod_manual/send.py,2202,unified_orders,unified = await db.unified_orders.find_one(
backend/integrations/qoyod_manual/send.py,2520,integration_inbox,row = await db.integration_inbox.find_one(
backend/integrations/qoyod_manual/send.py,2709,integration_inbox,async for other in db.integration_inbox.find(
backend/integrations/qoyod_manual/send.py,3390,integration_inbox,await db.integration_inbox.update_one(
backend/integrations/qoyod_manual/send.py,1821,qoyod_invoices,await db.qoyod_invoices.update_one(
backend/integrations/qoyod_manual/send.py,2734,qoyod_settings,settings = await db.qoyod_settings.find_one(
backend/integrations/qoyod_manual/send.py,3139,integration_inbox,await db.integration_inbox.update_one(
backend/integrations/qoyod_manual/send.py,2906,integration_inbox,await db.integration_inbox.update_one(
backend/integrations/qoyod_manual/send.py,3235,integration_inbox,await db.integration_inbox.update_one(
backend/integrations/qoyod_manual/send.py,932,unified_orders,unified = await db.unified_orders.find_one(
backend/integrations/qoyod_manual/send.py,2352,integration_inbox,historical = db.integration_inbox.find(
backend/integrations/qoyod_manual/send.py,2541,integration_inbox,historical_rows = db.integration_inbox.find(
backend/integrations/qoyod_manual/send.py,896,integration_inbox,cursor = db.integration_inbox.find(
backend/integrations_control_center/campaign_product_associations.py,140,mezan_campaign_product_links_v2,return db[CAMPAIGN_PRODUCT_LINK_COLLECTION]
backend/integrations_control_center/legacy_readers.py,346,DYNAMIC:name,return db[name]
backend/integrations_control_center/meta_campaign_reporting.py,203,mezan_meta_campaign_performance_daily_v2,await db[META_CAMPAIGN_REPORTING_COLLECTION].create_index(
backend/integrations_control_center/meta_campaign_reporting.py,213,mezan_meta_campaign_performance_daily_v2,await db[META_CAMPAIGN_REPORTING_COLLECTION].create_index(
backend/integrations_control_center/meta_campaign_reporting.py,365,mezan_meta_campaign_performance_daily_v2,await db[META_CAMPAIGN_REPORTING_COLLECTION].delete_many(
backend/integrations_control_center/meta_campaign_reporting.py,374,mezan_meta_campaign_performance_daily_v2,await db[META_CAMPAIGN_REPORTING_COLLECTION].update_one(
backend/integrations_control_center/meta_native_reporting.py,197,mezan_meta_performance_daily_v2,await db[META_REPORTING_COLLECTION].create_index(
backend/integrations_control_center/meta_native_reporting.py,202,mezan_meta_performance_daily_v2,await db[META_REPORTING_COLLECTION].create_index(
backend/integrations_control_center/meta_native_reporting.py,209,DYNAMIC:META_CREDENTIALS_COLLECTION,row = await db[META_CREDENTIALS_COLLECTION].find_one(
backend/integrations_control_center/meta_native_reporting.py,539,mezan_integrations_v2,await db.mezan_integrations_v2.update_one(
backend/integrations_control_center/meta_native_reporting.py,556,mezan_integration_health_v2,await db.mezan_integration_health_v2.insert_one(
backend/integrations_control_center/meta_native_reporting.py,488,mezan_integration_accounts_v2,await db.mezan_integration_accounts_v2.update_one(
backend/integrations_control_center/meta_native_reporting.py,398,mezan_meta_performance_daily_v2,await db[META_REPORTING_COLLECTION].update_one(
backend/integrations_control_center/meta_oauth_security.py,233,mezan_meta_oauth_credentials_v2,await db[META_CREDENTIALS_COLLECTION].create_index(
backend/integrations_control_center/meta_oauth_security.py,236,mezan_meta_oauth_states_v2,await db[META_STATES_COLLECTION].create_index(
backend/integrations_control_center/meta_oauth_security.py,239,mezan_meta_oauth_states_v2,await db[META_STATES_COLLECTION].create_index(
backend/integrations_control_center/meta_oauth_security.py,242,mezan_meta_assets_v2,await db[META_ASSETS_COLLECTION].create_index(
backend/integrations_control_center/meta_oauth_security.py,264,mezan_meta_oauth_states_v2,await db[META_STATES_COLLECTION].insert_one(
backend/integrations_control_center/meta_oauth_security.py,294,mezan_meta_oauth_states_v2,state_doc = await db[META_STATES_COLLECTION].find_one(
backend/integrations_control_center/meta_oauth_security.py,299,mezan_meta_oauth_states_v2,result = await db[META_STATES_COLLECTION].update_one(
backend/integrations_control_center/service.py,153,DYNAMIC:name,return db[name]
backend/integrations_control_center/snapchat_campaign_profitability.py,85,DYNAMIC:PRODUCTS,db[PRODUCTS].find(
backend/integrations_control_center/snapchat_campaign_profitability.py,109,DYNAMIC:COST_PROFILES,db[COST_PROFILES].find(
backend/integrations_control_center/snapchat_campaign_profitability.py,116,DYNAMIC:BINDINGS,db[BINDINGS].find(
backend/integrations_control_center/snapchat_campaign_profitability.py,123,DYNAMIC:PRODUCT_RESOURCE_BINDINGS,db[PRODUCT_RESOURCE_BINDINGS].find(
backend/integrations_control_center/snapchat_campaign_profitability.py,135,DYNAMIC:RESOURCES,db[RESOURCES].find(
backend/integrations_control_center/snapchat_native_data_common.py,88,DYNAMIC:name,return db[name]
backend/integrations_control_center/snapchat_oauth_security.py,200,mezan_snapchat_oauth_credentials_v2,await db[SNAPCHAT_CREDENTIALS_COLLECTION].create_index(
backend/integrations_control_center/snapchat_oauth_security.py,203,mezan_snapchat_oauth_states_v2,await db[SNAPCHAT_STATES_COLLECTION].create_index(
backend/integrations_control_center/snapchat_oauth_security.py,206,mezan_snapchat_oauth_states_v2,await db[SNAPCHAT_STATES_COLLECTION].create_index(
backend/integrations_control_center/snapchat_oauth_security.py,226,mezan_snapchat_oauth_states_v2,await db[SNAPCHAT_STATES_COLLECTION].insert_one(
backend/integrations_control_center/snapchat_oauth_security.py,255,mezan_snapchat_oauth_states_v2,state_doc = await db[SNAPCHAT_STATES_COLLECTION].find_one(
backend/integrations_control_center/snapchat_oauth_security.py,260,mezan_snapchat_oauth_states_v2,result = await db[SNAPCHAT_STATES_COLLECTION].update_one(
backend/integrations_control_center/tiktok_oauth_security.py,192,mezan_tiktok_oauth_credentials_v2,await db[TIKTOK_CREDENTIALS_COLLECTION].create_index(
backend/integrations_control_center/tiktok_oauth_security.py,195,mezan_tiktok_oauth_states_v2,await db[TIKTOK_STATES_COLLECTION].create_index(
backend/integrations_control_center/tiktok_oauth_security.py,198,mezan_tiktok_oauth_states_v2,await db[TIKTOK_STATES_COLLECTION].create_index(
backend/integrations_control_center/tiktok_oauth_security.py,218,mezan_tiktok_oauth_states_v2,await db[TIKTOK_STATES_COLLECTION].insert_one(
backend/integrations_control_center/tiktok_oauth_security.py,246,mezan_tiktok_oauth_states_v2,state_doc = await db[TIKTOK_STATES_COLLECTION].find_one(
backend/integrations_control_center/tiktok_oauth_security.py,251,mezan_tiktok_oauth_states_v2,result = await db[TIKTOK_STATES_COLLECTION].update_one(
backend/inventory_receipt_service.py,30,DYNAMIC:LOCATIONS,await db[LOCATIONS].update_one(
backend/inventory_receipt_service.py,45,DYNAMIC:LOCATIONS,location_update = await db[LOCATIONS].update_one(
backend/inventory_receipt_service.py,82,DYNAMIC:LOCATIONS,applied = await db[LOCATIONS].find_one(
backend/iter250a_verification_routes.py,70,general_ledger,async for r in db.general_ledger.aggregate([
backend/iter250a_verification_routes.py,90,general_ledger,recent = await db.general_ledger.count_documents({
backend/iter250a_verification_routes.py,120,account_transactions,n = await db.account_transactions.count_documents(
backend/ledger_core.py,246,current,"current_db = db.current() if isinstance(db, AccountingDatabase) else db"
backend/ledger_core.py,410,current,"current_db = db.current() if isinstance(db, AccountingDatabase) else db"
backend/ledger_core.py,579,general_ledger,async for row in db.general_ledger.aggregate(pipeline):
backend/ledger_core.py,624,general_ledger,async for row in db.general_ledger.aggregate(pipeline):
backend/ledger_core.py,195,accounting_audit_log,await db.accounting_audit_log.insert_one({
backend/ledger_core.py,360,general_ledger,await db.general_ledger.insert_one(doc)
backend/ledger_core.py,475,general_ledger,orig = await db.general_ledger.find_one(
backend/ledger_core.py,507,general_ledger,await db.general_ledger.update_one(
backend/ledger_core.py,643,general_ledger,await db.general_ledger.create_index(
backend/ledger_core.py,648,general_ledger,await db.general_ledger.create_index(
backend/ledger_core.py,652,general_ledger,await db.general_ledger.create_index(
backend/ledger_core.py,655,general_ledger,await db.general_ledger.create_index(
backend/ledger_core.py,658,general_ledger,"await db.general_ledger.create_index([(""user_id"", 1), (""created_at"", -1)])"
backend/ledger_core.py,659,accounting_audit_log,await db.accounting_audit_log.create_index(
backend/ledger_core.py,662,accounting_audit_log,await db.accounting_audit_log.create_index(
backend/ledger_core.py,667,expense_categories,await db.expense_categories.create_index(
backend/ledger_core.py,215,general_ledger,res = await db.general_ledger.aggregate([
backend/ledger_core.py,320,operating_salaries,"await db.operating_salaries.find_one(query, proj)"
backend/ledger_core.py,321,employees,"or await db.employees.find_one(query, proj)"
backend/ledger_double_write.py,73,current,"current_db = db.current() if isinstance(db, AccountingDatabase) else db"
backend/ledger_double_write.py,123,general_ledger,existing = await db.general_ledger.find_one(
backend/ledger_double_write.py,195,general_ledger,"await db.general_ledger.insert_many([bank_leg, counter_leg])"
backend/ledger_double_write.py,147,general_ledger,res = await db.general_ledger.aggregate([
backend/ledger_routes.py,67,general_ledger,orig = await db.general_ledger.find_one(
backend/ledger_routes.py,77,general_ledger,await db.general_ledger.update_one(
backend/ledger_routes.py,318,general_ledger,total = await db.general_ledger.count_documents(q)
backend/ledger_routes.py,329,general_ledger,async for r in db.general_ledger.find(
backend/ledger_routes.py,338,users,async for u in db.users.find(
backend/ledger_routes.py,366,expense_category_tree,async for c in db.expense_category_tree.find(
backend/ledger_routes.py,376,suppliers,async for s in db.suppliers.find(
backend/ledger_routes.py,392,accounts,async for a in db.accounts.find(
backend/ledger_routes.py,447,accounting_audit_log,total = await db.accounting_audit_log.count_documents(q)
backend/ledger_routes.py,385,counterparties,async for c in db.counterparties.find(
backend/ledger_routes.py,124,general_ledger,legs = await db.general_ledger.find(
backend/ledger_routes.py,224,general_ledger,groups = await db.general_ledger.aggregate(
backend/ledger_routes.py,235,general_ledger,legs = await db.general_ledger.find(
backend/ledger_routes.py,315,general_ledger,"cur = db.general_ledger.find(q, {""_id"": 0}).sort("
backend/ledger_routes.py,444,accounting_audit_log,"cur = db.accounting_audit_log.find(q, {""_id"": 0}).sort("
backend/legacy_usage_report_routes.py,60,DYNAMIC:coll_name,coll = db[coll_name]
backend/liabilities_routes.py,531,liabilities,async for adv in db.liabilities.find(
backend/liabilities_routes.py,558,liabilities,async for r in db.liabilities.find(
backend/liabilities_routes.py,583,liabilities,async for r in db.liabilities.find(
backend/liabilities_routes.py,251,accounts,await db.accounts.update_one(
backend/liabilities_routes.py,283,account_transactions,await db.account_transactions.insert_one(tx)
backend/liabilities_routes.py,1399,accounts,async for a in db.accounts.find(
backend/liabilities_routes.py,1451,liabilities,async for r in db.liabilities.find(
backend/liabilities_routes.py,1517,liabilities,async for r in db.liabilities.find(
backend/liabilities_routes.py,108,liabilities,await db.liabilities.create_index(
backend/liabilities_routes.py,118,liabilities,await db.liabilities.create_index(
backend/liabilities_routes.py,124,liabilities,await db.liabilities.create_index(
backend/liabilities_routes.py,232,accounts,acc = await db.accounts.find_one(
backend/liabilities_routes.py,352,liabilities,await db.liabilities.update_one(
backend/liabilities_routes.py,372,liabilities,await db.liabilities.update_one(
backend/liabilities_routes.py,663,liabilities,res = await db.liabilities.update_many(
backend/liabilities_routes.py,860,liabilities,await db.liabilities.insert_one(row)
backend/liabilities_routes.py,934,accounts,bank = await db.accounts.find_one(
backend/liabilities_routes.py,1244,accounts,acc = await db.accounts.find_one(
backend/liabilities_routes.py,1276,liabilities,await db.liabilities.insert_one(row)
backend/liabilities_routes.py,1326,liabilities,total = await db.liabilities.count_documents(q)
backend/liabilities_routes.py,1576,liabilities,existing = await db.liabilities.find_one(
backend/liabilities_routes.py,1608,liabilities,await db.liabilities.update_one(
backend/liabilities_routes.py,1611,liabilities,fresh = await db.liabilities.find_one(
backend/liabilities_routes.py,1633,liabilities,liab = await db.liabilities.find_one(
backend/liabilities_routes.py,1699,liabilities,liab = await db.liabilities.find_one(
backend/liabilities_routes.py,1761,liabilities,await db.liabilities.update_one(
backend/liabilities_routes.py,1764,liabilities,return await db.liabilities.find_one(
backend/liabilities_routes.py,1775,liabilities,liab = await db.liabilities.find_one(
backend/liabilities_routes.py,1832,liabilities,await db.liabilities.update_one(
backend/liabilities_routes.py,1835,liabilities,fresh = await db.liabilities.find_one(
backend/liabilities_routes.py,1849,liabilities,"purchase = await db.liabilities.find_one({""id"": liab_id, ""user_id"": owner, ""schema_version"": ""g47-v1""})"
backend/liabilities_routes.py,1855,liabilities,liab = await db.liabilities.find_one(
backend/liabilities_routes.py,1882,accounts,acc = await db.accounts.find_one(
backend/liabilities_routes.py,1907,liabilities,await db.liabilities.update_one(
backend/liabilities_routes.py,1915,liabilities,fresh = await db.liabilities.find_one(
backend/liabilities_routes.py,1933,liabilities,liab = await db.liabilities.find_one(
backend/liabilities_routes.py,1953,accounts,acc = await db.accounts.find_one(
backend/liabilities_routes.py,1976,liabilities,await db.liabilities.update_one(
backend/liabilities_routes.py,1984,liabilities,fresh = await db.liabilities.find_one(
backend/liabilities_routes.py,1998,liabilities,liab = await db.liabilities.find_one(
backend/liabilities_routes.py,2025,liabilities,await db.liabilities.delete_one(
backend/liabilities_routes.py,246,account_transactions,await db.account_transactions.update_one(
backend/liabilities_routes.py,718,liabilities,existing = await db.liabilities.find_one(
backend/liabilities_routes.py,764,liabilities,await db.liabilities.insert_one(row)
backend/liabilities_routes.py,970,liabilities,existing = await db.liabilities.find_one(
backend/liabilities_routes.py,1014,liabilities,tgt = await db.liabilities.find_one(
backend/liabilities_routes.py,1030,liabilities,await db.liabilities.update_one(
backend/liabilities_routes.py,1040,liabilities,await db.liabilities.insert_one({
backend/liabilities_routes.py,1173,liabilities,await db.liabilities.insert_one(row)
backend/liabilities_routes.py,1206,liabilities,await db.liabilities.insert_one(row)
backend/liabilities_routes.py,1233,liabilities,await db.liabilities.insert_one(row)
backend/liabilities_routes.py,641,liabilities,candidates = await db.liabilities.find({
backend/liabilities_routes.py,990,liabilities,await db.liabilities.insert_one({
backend/liabilities_routes.py,1102,counterparties,cp = await db.counterparties.find_one(
backend/liabilities_routes.py,1116,ads_currency_settings,settings_doc = await db.ads_currency_settings.find_one(
backend/liabilities_routes.py,1180,counterparties,cp = await db.counterparties.find_one(
backend/liabilities_routes.py,1414,account_transactions,async for tx in db.account_transactions.find(
backend/liabilities_routes.py,1861,mz2_atomic_owners,"control = await db.mz2_atomic_owners.find_one({""_id"": owner}) or {}"
backend/liabilities_routes.py,2019,account_transactions,await db.account_transactions.delete_one(
backend/liabilities_routes.py,237,account_transactions,docs = await db.account_transactions.find(
backend/liabilities_routes.py,324,liabilities,open_adv = await db.liabilities.find(
backend/liabilities_routes.py,2014,account_transactions,txs = await db.account_transactions.find(
backend/liabilities_routes.py,1329,liabilities,"db.liabilities.find(q, {""_id"": 0})"
backend/login_security.py,233,auth_login_attempts,self.attempts = db.auth_login_attempts
backend/login_security.py,234,auth_login_blocks,self.blocks = db.auth_login_blocks
backend/login_security.py,235,auth_security_events,self.events = db.auth_security_events
backend/meta_reviewer_bootstrap.py,55,security_bootstrap_claims,"await db.security_bootstrap_claims.delete_one({""_id"": TOKEN_CLAIM_ID})"
backend/meta_reviewer_bootstrap.py,41,security_bootstrap_claims,await db.security_bootstrap_claims.insert_one({
backend/meta_reviewer_bootstrap.py,67,users,owner = await db.users.find_one(
backend/meta_reviewer_bootstrap.py,77,users,"existing = await db.users.find_one({""email"": REVIEWER_EMAIL}, {""_id"": 0})"
backend/meta_reviewer_bootstrap.py,89,users,await db.users.update_one(
backend/meta_routes.py,351,meta_connections,"return await db.meta_connections.find_one({""user_id"": user_id}, {""_id"": 0})"
backend/meta_routes.py,362,meta_connections,await db.meta_connections.update_one(
backend/meta_routes.py,407,meta_connections,await db.meta_connections.update_one(
backend/meta_routes.py,458,meta_connections,await db.meta_connections.update_one(
backend/meta_routes.py,488,meta_connections,"await db.meta_connections.delete_one({""user_id"": user[""id""]})"
backend/meta_routes.py,559,meta_connections,await db.meta_connections.update_one(
backend/meta_routes.py,687,meta_connections,await db.meta_connections.update_one(
backend/meta_routes.py,778,meta_connections,await db.meta_connections.update_one(
backend/meta_routes.py,631,meta_connections,await db.meta_connections.update_one(
backend/meta_routes.py,672,meta_ads_daily,await db.meta_ads_daily.update_one(
backend/meta_routes.py,737,meta_connections,await db.meta_connections.update_one(
backend/meta_routes.py,769,meta_ads_daily,await db.meta_ads_daily.update_one(
backend/mezan_attribution_ledger_sync.py,34,DYNAMIC:CAMPAIGN_PRODUCT_LINK_COLLECTION,cursor = db[CAMPAIGN_PRODUCT_LINK_COLLECTION].find(
backend/mezan_attribution_order_ledger.py,347,mezan_attribution_order_ledger_v1,await db[LEDGER_COLLECTION].create_index(
backend/mezan_attribution_order_ledger.py,351,mezan_attribution_order_ledger_v1,await db[LEDGER_COLLECTION].create_index(
backend/mezan_attribution_order_ledger.py,375,mezan_attribution_order_ledger_v1,await db[LEDGER_COLLECTION].update_one(
backend/mezan_attribution_order_ledger.py,391,mezan_attribution_order_ledger_v1,return await db[LEDGER_COLLECTION].find(
backend/mezan_supplier_management_routes.py,175,mezan_suppliers_v2,await db[MEZAN_SUPPLIERS_V2].create_index(
backend/mezan_supplier_management_routes.py,180,mezan_suppliers_v2,await db[MEZAN_SUPPLIERS_V2].create_index(
backend/mezan_supplier_management_routes.py,184,mezan_suppliers_v2,await db[MEZAN_SUPPLIERS_V2].create_index(
backend/mezan_supplier_management_routes.py,188,mezan_supplier_audit_v2,await db[MEZAN_SUPPLIER_AUDIT_V2].create_index(
backend/mezan_supplier_management_routes.py,254,mezan_supplier_audit_v2,await db[MEZAN_SUPPLIER_AUDIT_V2].insert_one({
backend/mezan_supplier_management_routes.py,686,mezan_suppliers_v2,"before = await db[MEZAN_SUPPLIERS_V2].find_one(selector, {""_id"": 0})"
backend/mezan_supplier_management_routes.py,200,DYNAMIC:RESOURCES,rows = await db[RESOURCES].find(
backend/mezan_supplier_management_routes.py,656,mezan_suppliers_v2,await db[MEZAN_SUPPLIERS_V2].insert_one(dict(row))
backend/mezan_supplier_management_routes.py,713,mezan_suppliers_v2,"await db[MEZAN_SUPPLIERS_V2].update_one(selector, {""$set"": patch})"
backend/mezan_supplier_management_routes.py,431,general_ledger,ledger_totals = await db.general_ledger.aggregate(
backend/mezan_supplier_management_routes.py,500,mezan_supplier_invoices_v2,await db[MEZAN_SUPPLIER_INVOICES_V2]
backend/mezan_supplier_management_routes.py,282,mezan_suppliers_v2,suppliers = await db[MEZAN_SUPPLIERS_V2].find(
backend/mezan_supplier_management_routes.py,286,DYNAMIC:RESOURCES,raw_services = await db[RESOURCES].find(
backend/mezan_supplier_management_routes.py,363,mezan_suppliers_v2,await db[MEZAN_SUPPLIERS_V2]
backend/mezan_supplier_management_routes.py,532,mezan_supplier_invoices_v2,await db[MEZAN_SUPPLIER_INVOICES_V2]
backend/mezan_supplier_management_routes.py,544,general_ledger,await db.general_ledger.find(
backend/mfa_security.py,233,auth_mfa_challenges,self.challenges = db.auth_mfa_challenges
backend/mfa_security.py,234,auth_security_events,self.events = db.auth_security_events
backend/migration_routes.py,108,liabilities,async for adv in db.liabilities.find(
backend/migration_routes.py,158,liabilities,async for r in db.liabilities.find(
backend/migration_routes.py,201,liabilities,async for r in db.liabilities.find(
backend/migration_routes.py,750,liabilities,async for r in db.liabilities.find(
backend/migration_routes.py,535,migration_cutoffs,cm = await db.migration_cutoffs.find_one(
backend/migration_routes.py,728,migration_cutoffs,cm = await db.migration_cutoffs.find_one(
backend/migration_routes.py,1052,liabilities,r = await db.liabilities.find_one(
backend/migration_routes.py,1058,liabilities,await db.liabilities.update_one(
backend/migration_routes.py,1082,migration_cutoffs,cm = await db.migration_cutoffs.find_one(
backend/migration_routes.py,75,operating_salaries,emps = await db.operating_salaries.find(
backend/migration_routes.py,152,counterparties,cps = await db.counterparties.find(
backend/migration_routes.py,193,counterparties,cps = await db.counterparties.find(
backend/migration_routes.py,237,accounts,accs = await db.accounts.find(
backend/migration_routes.py,313,accounts,accs = await db.accounts.find(
backend/migration_routes.py,362,counterparties,cps = await db.counterparties.find(
backend/migration_routes.py,549,migration_cutoffs,cm = await db.migration_cutoffs.find_one(
backend/migration_routes.py,669,migration_cutoffs,await db.migration_cutoffs.update_one(
backend/migration_routes.py,85,liabilities,paid_agg = await db.liabilities.aggregate([
backend/migration_routes.py,367,liabilities,agg = await db.liabilities.aggregate([
backend/migration_routes.py,1093,general_ledger,opening = await db.general_ledger.find(
backend/mobile_app_permissions.py,130,mezan_mobile_app_access_v1,return db[MOBILE_APP_ACCESS]
backend/mobile_app_permissions.py,187,mezan_employees_v2,"employee = await db[""mezan_employees_v2""].find_one("
backend/mobile_app_request_context.py,82,mezan_employees_v2,"employee = await db[""mezan_employees_v2""].find_one("
backend/mobile_app_request_context.py,140,users,"owner = await db.users.find_one({""id"": owner_id}, {""_id"": 0})"
backend/mobile_employee_monitoring_workspace_routes.py,66,DYNAMIC:EMPLOYEES,employee = await db[EMPLOYEES].find_one(
backend/mobile_employee_monitoring_workspace_routes.py,75,users,owner = await db.users.find_one(
backend/movements_gl_drift_routes.py,106,financial_movements,"async for m in db.financial_movements.find(mv_query, {""_id"": 0}):"
backend/movements_gl_drift_routes.py,85,general_ledger,earliest_gl = await db.general_ledger.find_one(
backend/movements_gl_drift_routes.py,121,general_ledger,async for g in db.general_ledger.find(
backend/opening_inventory_routes.py,27,DYNAMIC:IMPORTS,"row = await db[IMPORTS].find_one({""_id"": import_id, ""user_id"": owner})"
backend/opening_inventory_service.py,133,_db,"await assert_writer_allowed(db._db, owner, ""v2"", mongo_session=db._session)"
backend/opening_inventory_service.py,139,_db,"verified = await verify_active_opening_v2(db._db, user_id=owner, cutover=cutover, mongo_session=db._session)"
backend/opening_inventory_service.py,147,_db,"entries = await read_reporting_entries_v2(db._db, user_id=owner,"
backend/opening_inventory_service.py,133,_session,"await assert_writer_allowed(db._db, owner, ""v2"", mongo_session=db._session)"
backend/opening_inventory_service.py,139,_session,"verified = await verify_active_opening_v2(db._db, user_id=owner, cutover=cutover, mongo_session=db._session)"
backend/opening_inventory_service.py,148,_session,"effective_before=""9999-12-31T23:59:59.999999Z"", limit=10000, mongo_session=db._session)"
backend/opening_inventory_service.py,154,DYNAMIC:RECEIPTS,"if await db[RECEIPTS].find_one({""user_id"": owner, ""$or"": [{""schema_version"": ""g47-v1""}, {""source_type"": ""opening_inventory""}]}):"
backend/opening_inventory_service.py,134,settings,"settings = await db.settings.find_one({""user_id"": owner}) or {}"
backend/opening_inventory_service.py,152,DYNAMIC:collection,"if await db[collection].find_one({""user_id"": owner}):"
backend/opening_inventory_service.py,197,warehouse_locations_cabinets,"cabinet = await db.warehouse_locations_cabinets.find_one({""user_id"": owner, ""id"": location.get(""cabinet_id"")}) or {}"
backend/opening_inventory_service.py,126,DYNAMIC:LOCATIONS,"locations = await db[LOCATIONS].find({""user_id"": owner}, {""_id"": 0}).sort(""id"", 1).to_list(20001)"
backend/opening_inventory_service.py,217,DYNAMIC:RECEIPTS,"prior_receipt = await db[RECEIPTS].find_one({""user_id"": owner, ""id"": item.get(""receipt_id"") or item.get(""lot_id"")}) or {}"
backend/operational_atomic.py,264,current,db = db.current()
backend/operational_atomic.py,289,_owner,if db._owner != owner:
backend/operational_atomic.py,292,command,"hello = await db.command(""hello"")"
backend/operational_atomic.py,291,_db,"return await run(db._db, db._session)"
backend/operational_atomic.py,291,_session,"return await run(db._db, db._session)"
backend/operational_atomic.py,295,client,async with await db.client.start_session() as session:
backend/operational_atomic.py,299,mz2_atomic_owners,await db.mz2_atomic_owners.update_one(
backend/operational_reports_routes.py,70,liabilities,async for liab in db.liabilities.find({
backend/operational_reports_routes.py,84,purchase_invoices,async for pi in db.purchase_invoices.find({
backend/operational_reports_routes.py,93,liability_payments,async for lp in db.liability_payments.find({
backend/operational_reports_routes.py,228,liabilities,async for liab in db.liabilities.find(
backend/operational_reports_routes.py,48,DYNAMIC:coll,"async for d in db[coll].find(q, {""_id"": 0}).sort(date_field, 1):"
backend/operational_reports_routes.py,195,liabilities,async for liab in db.liabilities.find({
backend/operational_reports_routes.py,203,purchase_invoices,async for pi in db.purchase_invoices.find({
backend/operational_reports_routes.py,209,liability_payments,async for lp in db.liability_payments.find({
backend/order_activity_v1.py,425,unified_orders,row = await db.unified_orders.find_one(
backend/order_activity_v1.py,562,order_activity_events_v2,await db.order_activity_events_v2.update_one(
backend/order_activity_v1.py,582,order_payment_transactions_v2,await db.order_payment_transactions_v2.update_one(
backend/order_activity_v1.py,467,order_activity_events_v2,db.order_activity_events_v2
backend/order_activity_v1.py,480,order_payment_transactions_v2,db.order_payment_transactions_v2
backend/order_engine/product_identity_enrichment.py,114,DYNAMIC:collection_name,cursor = db[collection_name].find(
backend/order_engine/product_image_enrichment.py,65,DYNAMIC:collection_name,"cursor = db[collection_name].find(query, projection).limit(500)"
backend/order_engine/repository.py,348,unified_orders,self._collection = db.unified_orders
backend/order_engine/routes.py,455,unified_orders,result = await db.unified_orders.update_one(
backend/order_engine/salla_refresh.py,417,unified_orders,existing = await db.unified_orders.find_one(
backend/order_engine/shipping_label_service.py,1052,unified_orders,await db.unified_orders.update_one(
backend/order_option_cost_snapshot_routes.py,209,mezan_order_item_cost_snapshots_v2,await db[SNAPSHOTS].create_index(
backend/order_option_cost_snapshot_routes.py,378,mezan_order_item_cost_snapshots_v2,await db[SNAPSHOTS].update_one(
backend/order_option_cost_snapshot_routes.py,220,DYNAMIC:PRODUCTS,products = await db[PRODUCTS].find(
backend/order_option_cost_snapshot_routes.py,233,DYNAMIC:COST_PROFILES,profiles = await db[COST_PROFILES].find(
backend/order_option_cost_snapshot_routes.py,238,DYNAMIC:BINDINGS,bindings = await db[BINDINGS].find(
backend/order_option_cost_snapshot_routes.py,241,DYNAMIC:PRODUCT_RESOURCE_BINDINGS,product_bindings = await db[PRODUCT_RESOURCE_BINDINGS].find(
backend/order_option_cost_snapshot_routes.py,262,DYNAMIC:RESOURCES,resources = await db[RESOURCES].find(
backend/order_option_cost_snapshot_routes.py,408,mezan_order_item_cost_snapshots_v2,rows = await db[SNAPSHOTS].find(
backend/order_review_export_controls.py,408,order_review_preparation_assignment_defaults,await db[ASSIGNMENT_DEFAULTS].create_index(
backend/order_review_export_controls.py,482,DYNAMIC:WORKFLOWS,workflow = await db[WORKFLOWS].find_one(
backend/order_review_export_controls.py,620,DYNAMIC:EVENTS,await db[EVENTS].insert_one({
backend/order_review_export_controls.py,421,DYNAMIC:WORKFLOWS,workflow = await db[WORKFLOWS].find_one(
backend/order_review_export_controls.py,544,DYNAMIC:WORKFLOWS,result = await db[WORKFLOWS].update_one(
backend/order_review_export_controls.py,587,order_review_preparation_assignment_defaults,await db[ASSIGNMENT_DEFAULTS].update_one(
backend/order_review_export_controls.py,394,order_review_preparation_assignment_defaults,rows = await db[ASSIGNMENT_DEFAULTS].find(
backend/order_review_export_controls.py,563,DYNAMIC:WORKFLOWS,await db[WORKFLOWS].insert_one({
backend/order_review_export_controls.py,363,users,docs = await db.users.find(
backend/order_review_image_modes.py,56,order_review_mezan_images,"await db[MEZAN_IMAGES].create_index([(""user_id"", 1), (""product_key"", 1), (""created_at"", -1)])"
backend/order_review_image_modes.py,57,order_review_mezan_images,"await db[MEZAN_IMAGES].create_index([(""user_id"", 1), (""id"", 1)], unique=True)"
backend/order_review_image_modes.py,180,order_review_mezan_images,"row = await db[MEZAN_IMAGES].find_one({""user_id"": user_id, ""id"": image_id, ""deleted_at"": {""$exists"": False}}, {""_id"": 0})"
backend/order_review_image_modes.py,216,order_review_mezan_images,await db[MEZAN_IMAGES].insert_one({
backend/order_review_image_modes.py,230,DYNAMIC:base.EVENTS,"await db[base.EVENTS].insert_one({""user_id"": user_id, ""order_number"": order.order_number, ""order_item_id"": order_item_id, ""event_type"": ""review_mezan_image_uploaded"", ""image_id"": image_id, ""occurred_at"": base._now(), ""actor_id"": actor_id})"
backend/order_review_image_modes.py,237,order_review_mezan_images,"row = await db[MEZAN_IMAGES].find_one({""user_id"": user_id, ""id"": image_id, ""product_key"": product_key, ""deleted_at"": {""$exists"": False}}, {""_id"": 0})"
backend/order_review_image_modes.py,241,DYNAMIC:base.PREFERENCES,"if await db[base.PREFERENCES].count_documents({""user_id"": user_id, ""selected_image_url"": url}):"
backend/order_review_image_modes.py,243,DYNAMIC:base.WORKFLOWS,"if await db[base.WORKFLOWS].count_documents({""user_id"": user_id, ""items.selected_image_url"": url}):"
backend/order_review_image_modes.py,245,order_review_mezan_images,"await db[MEZAN_IMAGES].update_one({""user_id"": user_id, ""id"": image_id}, {""$set"": {""deleted_at"": base._now(), ""deleted_by"": actor_id}, ""$unset"": {""data_base64"": """"}})"
backend/order_review_image_modes.py,246,DYNAMIC:base.EVENTS,"await db[base.EVENTS].insert_one({""user_id"": user_id, ""order_number"": order.order_number, ""order_item_id"": order_item_id, ""event_type"": ""review_mezan_image_deleted"", ""image_id"": image_id, ""occurred_at"": base._now(), ""actor_id"": actor_id})"
backend/order_review_image_modes.py,261,DYNAMIC:base.WORKFLOWS,"workflow = await db[base.WORKFLOWS].find_one({""user_id"": user_id, ""order_number"": order.order_number}, {""_id"": 0})"
backend/order_review_image_modes.py,306,DYNAMIC:base.EVENTS,"await db[base.EVENTS].insert_one({""user_id"": user_id, ""order_number"": order.order_number, ""order_item_id"": order_item_id, ""event_type"": ""review_image_choice_saved"", ""mode"": mode, ""occurred_at"": base._now(), ""actor_id"": actor_id})"
backend/order_review_image_modes.py,69,DYNAMIC:base.PREFERENCES,docs = await db[base.PREFERENCES].find(
backend/order_review_image_modes.py,274,DYNAMIC:base.WORKFLOWS,"result = await db[base.WORKFLOWS].replace_one({""user_id"": user_id, ""order_number"": order.order_number, ""revision"": revision}, new_doc)"
backend/order_review_image_modes.py,301,DYNAMIC:base.PREFERENCES,await db[base.PREFERENCES].update_one(
backend/order_review_image_modes.py,280,DYNAMIC:base.WORKFLOWS,await db[base.WORKFLOWS].insert_one(new_doc)
backend/order_review_image_modes.py,115,order_review_mezan_images,docs = await db[MEZAN_IMAGES].find(
backend/order_review_routes.py,118,order_review_workflows,workflow = await db[WORKFLOWS].find_one(
backend/order_review_routes.py,292,order_review_workflows,"await db[WORKFLOWS].create_index([(""user_id"", 1), (""order_number"", 1)], unique=True)"
backend/order_review_routes.py,293,product_option_image_preferences,await db[PREFERENCES].create_index(
backend/order_review_routes.py,296,order_review_events,"await db[EVENTS].create_index([(""user_id"", 1), (""order_number"", 1), (""occurred_at"", -1)])"
backend/order_review_routes.py,394,salla_products,cursor = db.salla_products.find(
backend/order_review_routes.py,511,order_review_workflows,workflow = await db[WORKFLOWS].find_one(
backend/order_review_routes.py,473,salla_products,await db.salla_products.update_one(
backend/order_review_routes.py,500,unified_orders,row = await db.unified_orders.find_one(
backend/order_review_routes.py,714,order_review_workflows,workflow = await db[WORKFLOWS].find_one(
backend/order_review_routes.py,823,order_review_events,await db[EVENTS].insert_one({
backend/order_review_routes.py,861,order_review_workflows,workflow = await db[WORKFLOWS].find_one(
backend/order_review_routes.py,875,order_review_workflows,result = await db[WORKFLOWS].update_one(
backend/order_review_routes.py,902,order_review_workflows,workflow = await db[WORKFLOWS].find_one(
backend/order_review_routes.py,941,order_review_workflows,result = await db[WORKFLOWS].update_one(
backend/order_review_routes.py,953,order_review_events,await db[EVENTS].insert_one({
backend/order_review_routes.py,993,order_review_workflows,workflow = await db[WORKFLOWS].find_one(
backend/order_review_routes.py,1064,order_review_events,await db[EVENTS].insert_one({
backend/order_review_routes.py,1102,order_review_workflows,workflow = await db[WORKFLOWS].find_one(
backend/order_review_routes.py,312,product_option_image_preferences,docs = await db[PREFERENCES].find(
backend/order_review_routes.py,811,order_review_workflows,result = await db[WORKFLOWS].replace_one(
backend/order_review_routes.py,1038,order_review_workflows,result = await db[WORKFLOWS].replace_one(
backend/order_review_routes.py,1052,product_option_image_preferences,await db[PREFERENCES].update_one(
backend/order_review_routes.py,1089,unified_orders,source_snapshot = await db.unified_orders.find_one(
backend/order_review_routes.py,1252,order_review_events,await db[EVENTS].insert_one({
backend/order_review_routes.py,820,order_review_workflows,await db[WORKFLOWS].insert_one(new_doc)
backend/order_review_routes.py,1046,order_review_workflows,await db[WORKFLOWS].insert_one(new_doc)
backend/order_review_routes.py,1126,DYNAMIC:ASSIGNMENT_DEFAULTS,default_docs = await db[ASSIGNMENT_DEFAULTS].find(
backend/order_review_routes.py,587,order_review_workflows,docs = await db[WORKFLOWS].find(
backend/order_review_routes.py,636,order_review_workflows,workflows = await db[WORKFLOWS].find(
backend/order_review_spec_replacements.py,474,order_review_spec_replacement_defaults,await db[SPEC_REPLACEMENT_DEFAULTS].create_index(
backend/order_review_spec_replacements.py,617,DYNAMIC:WORKFLOWS,workflow = await db[WORKFLOWS].find_one(
backend/order_review_spec_replacements.py,633,DYNAMIC:WORKFLOWS,workflow = await db[WORKFLOWS].find_one(
backend/order_review_spec_replacements.py,695,DYNAMIC:WORKFLOWS,workflow = await db[WORKFLOWS].find_one(
backend/order_review_spec_replacements.py,831,DYNAMIC:EVENTS,await db[EVENTS].insert_one({
backend/order_review_spec_replacements.py,845,DYNAMIC:WORKFLOWS,refreshed_workflow = await db[WORKFLOWS].find_one(
backend/order_review_spec_replacements.py,565,DYNAMIC:WORKFLOWS,result = await db[WORKFLOWS].update_one(
backend/order_review_spec_replacements.py,587,DYNAMIC:WORKFLOWS,await db[WORKFLOWS].insert_one({
backend/order_review_spec_replacements.py,671,DYNAMIC:WORKFLOWS,workflow = await db[WORKFLOWS].find_one(
backend/order_review_spec_replacements.py,508,order_review_spec_replacement_defaults,docs = await db[SPEC_REPLACEMENT_DEFAULTS].find(
backend/order_review_spec_replacements.py,803,order_review_spec_replacement_defaults,await db[SPEC_REPLACEMENT_DEFAULTS].update_one(
backend/order_review_spec_replacements.py,825,order_review_spec_replacement_defaults,await db[SPEC_REPLACEMENT_DEFAULTS].delete_one({
backend/order_status_policy.py,108,order_status_policy,async for doc in db.order_status_policy.find(
backend/order_status_policy.py,203,unified_orders,async for r in db.unified_orders.aggregate(pipeline):
backend/order_status_policy.py,285,order_status_policy,"r = await db.order_status_policy.delete_many({""user_id"": uid})"
backend/order_status_policy.py,279,order_status_policy,"await db.order_status_policy.bulk_write(bulk_ops, ordered=False)"
backend/order_status_policy.py,268,order_status_policy,await db.order_status_policy.delete_one(
backend/order_tracking_notes.py,145,mezan_order_tracking_instructions_v1,rows = await db[ORDER_TRACKING_INSTRUCTIONS].find(
backend/orders_db.py,981,unified_orders,await db.unified_orders.update_one(
backend/orders_db.py,510,products,existing = await db.products.find_one(
backend/orders_db.py,712,products,await db.products.insert_one(doc)
backend/orders_db.py,960,unified_orders,existing = await db.unified_orders.find_one(
backend/orders_db.py,661,products,await db.products.update_one(
backend/orders_db.py,545,products,candidates = await db.products.find(q).limit(100).to_list(100)
backend/orders_explorer_routes.py,62,unified_orders,async for r in db.unified_orders.aggregate(pipeline):
backend/orders_explorer_routes.py,185,unified_orders,total = await db.unified_orders.count_documents(q)
backend/orders_explorer_routes.py,383,order_adjustments,total = await db.order_adjustments.count_documents(q)
backend/orders_explorer_routes.py,133,unified_orders,distinct_statuses = await db.unified_orders.distinct(
backend/orders_explorer_routes.py,236,unified_orders,"cursor = db.unified_orders.find(q, {"
backend/orders_explorer_routes.py,187,unified_orders,"db.unified_orders.find(q, {"
backend/orders_explorer_routes.py,386,order_adjustments,db.order_adjustments
backend/passkey_security.py,273,auth_passkey_credentials,self.credentials = db.auth_passkey_credentials
backend/passkey_security.py,274,auth_passkey_challenges,self.challenges = db.auth_passkey_challenges
backend/passkey_security.py,275,auth_security_events,self.events = db.auth_security_events
backend/payment_gateway_metrics.py,379,unified_orders,async for row in db.unified_orders.aggregate(pipeline):
backend/preparation_file_registry.py,92,mezan_preparation_file_registry_v2,await db[REGISTRY].create_index(
backend/preparation_file_registry.py,97,mezan_preparation_file_registry_v2,await db[REGISTRY].create_index(
backend/preparation_file_registry.py,102,mezan_preparation_file_registry_v2,await db[REGISTRY].create_index(
backend/preparation_file_registry.py,106,mezan_preparation_file_registry_v2,await db[REGISTRY].create_index(
backend/preparation_file_registry.py,111,mezan_sequence_counters_v2,await db[COUNTERS].create_index(
backend/preparation_file_registry.py,220,mezan_sequence_counters_v2,row = await db[COUNTERS].find_one_and_update(
backend/preparation_file_registry.py,244,mezan_preparation_file_registry_v2,registry = await db[REGISTRY].find_one(
backend/preparation_file_registry.py,256,DYNAMIC:BATCHES,batch = await db[BATCHES].find_one(
backend/preparation_file_registry.py,302,DYNAMIC:BATCHES,await db[BATCHES].update_one(
backend/preparation_file_registry.py,319,mezan_preparation_file_registry_v2,await db[REGISTRY].update_one(
backend/preparation_file_registry.py,324,DYNAMIC:EVENTS,await db[EVENTS].insert_one({
backend/preparation_file_registry.py,399,mezan_preparation_file_registry_v2,existing = await db[REGISTRY].find_one(
backend/preparation_file_registry.py,132,DYNAMIC:MOBILE_APP_ACCESS,access_rows = await db[MOBILE_APP_ACCESS].find(
backend/preparation_file_registry.py,150,users,docs = await db.users.find(
backend/preparation_file_registry.py,451,mezan_preparation_file_registry_v2,await db[REGISTRY].insert_one(row)
backend/preparation_file_registry.py,195,mezan_preparation_file_registry_v2,rows = await db[REGISTRY].find(
backend/preparation_file_registry.py,453,mezan_preparation_file_registry_v2,duplicate = await db[REGISTRY].find_one(
backend/preparation_file_registry.py,486,mezan_preparation_file_registry_v2,drafts = await db[REGISTRY].find(
backend/preparation_file_registry.py,501,mezan_preparation_file_registry_v2,rows = await db[REGISTRY].find(
backend/preparation_pdf_reference_layout.py,390,order_review_mezan_images,row = await database[MEZAN_IMAGE_COLLECTION].find_one(
backend/preparation_piece_operations.py,497,mezan_preparation_pieces_v1,await db[PIECES].create_index(
backend/preparation_piece_operations.py,508,mezan_preparation_pieces_v1,await db[PIECES].create_index(
backend/preparation_piece_operations.py,517,mezan_preparation_pieces_v1,await db[PIECES].create_index(
backend/preparation_piece_operations.py,521,mezan_preparation_piece_events_v1,await db[PIECE_EVENTS].create_index(
backend/preparation_piece_operations.py,597,DYNAMIC:BATCHES,batch = await db[BATCHES].find_one(
backend/preparation_piece_operations.py,755,DYNAMIC:REGISTRY,await db[REGISTRY].update_one(
backend/preparation_piece_operations.py,759,DYNAMIC:BATCHES,await db[BATCHES].update_one(
backend/preparation_piece_operations.py,877,DYNAMIC:WORKFLOWS,workflow = await db[WORKFLOWS].find_one(
backend/preparation_piece_operations.py,995,DYNAMIC:WORKFLOWS,await db[WORKFLOWS].update_one(
backend/preparation_piece_operations.py,1088,DYNAMIC:REGISTRY,result = await db[REGISTRY].update_one(
backend/preparation_piece_operations.py,1112,DYNAMIC:BATCHES,await db[BATCHES].update_one(
backend/preparation_piece_operations.py,1121,mezan_preparation_pieces_v1,await db[PIECES].update_many(
backend/preparation_piece_operations.py,1164,mezan_preparation_piece_events_v1,await db[PIECE_EVENTS].insert_one({
backend/preparation_piece_operations.py,1482,DYNAMIC:WORKFLOWS,await db[WORKFLOWS].update_one(
backend/preparation_piece_operations.py,1536,DYNAMIC:REGISTRY,"await db[REGISTRY].update_one(registry_identity, {""$set"": file_patch})"
backend/preparation_piece_operations.py,1556,mezan_preparation_pieces_v1,piece = await db[PIECES].find_one(
backend/preparation_piece_operations.py,1619,mezan_preparation_pieces_v1,update_result = await db[PIECES].update_one(
backend/preparation_piece_operations.py,1675,mezan_preparation_piece_events_v1,await db[PIECE_EVENTS].insert_one({
backend/preparation_piece_operations.py,2064,DYNAMIC:WORKFLOWS,await db[WORKFLOWS].update_one(
backend/preparation_piece_operations.py,2133,DYNAMIC:WORKFLOWS,workflow = await db[WORKFLOWS].find_one(
backend/preparation_piece_operations.py,2448,DYNAMIC:WORKFLOWS,workflow = await db[WORKFLOWS].find_one(
backend/preparation_piece_operations.py,2588,DYNAMIC:WORKFLOWS,result = await db[WORKFLOWS].update_one(
backend/preparation_piece_operations.py,2624,mezan_preparation_piece_events_v1,await db[PIECE_EVENTS].insert_one({
backend/preparation_piece_operations.py,2665,DYNAMIC:PLANS,"plan = await db[PLANS].find_one({""user_id"": user_id, ""order_id"": _text(piece.get(""order_number""))})"
backend/preparation_piece_operations.py,2684,DYNAMIC:PLANS,"plan = await db[PLANS].find_one({""user_id"": user_id, ""order_id"": _text(piece.get(""order_number""))})"
backend/preparation_piece_operations.py,2721,mezan_preparation_pieces_v1,piece = await db[PIECES].find_one(
backend/preparation_piece_operations.py,2747,DYNAMIC:WORKFLOWS,workflow = await db[WORKFLOWS].find_one(
backend/preparation_piece_operations.py,2805,mezan_preparation_pieces_v1,result = await db[PIECES].update_one(
backend/preparation_piece_operations.py,2852,mezan_preparation_piece_events_v1,await db[PIECE_EVENTS].insert_one({
backend/preparation_piece_operations.py,720,mezan_preparation_pieces_v1,await db[PIECES].update_one(
backend/preparation_piece_operations.py,1001,DYNAMIC:EVENTS,await db[EVENTS].insert_one({
backend/preparation_piece_operations.py,1105,DYNAMIC:REGISTRY,latest = await db[REGISTRY].find_one(
backend/preparation_piece_operations.py,1153,DYNAMIC:WORKFLOWS,await db[WORKFLOWS].update_many(
backend/preparation_piece_operations.py,1179,DYNAMIC:REGISTRY,return await db[REGISTRY].find_one(
backend/preparation_piece_operations.py,1366,mezan_preparation_pieces_v1,matched_piece = await db[PIECES].find_one(
backend/preparation_piece_operations.py,1647,mezan_preparation_pieces_v1,latest = await db[PIECES].find_one(
backend/preparation_piece_operations.py,1671,mezan_preparation_pieces_v1,updated = await db[PIECES].find_one(
backend/preparation_piece_operations.py,1971,DYNAMIC:WORKFLOWS,workflow = await db[WORKFLOWS].find_one(
backend/preparation_piece_operations.py,2028,DYNAMIC:SHIPPING_BATCHES,await db[SHIPPING_BATCHES].update_one(
backend/preparation_piece_operations.py,2116,mezan_preparation_pieces_v1,matched_piece = await db[PIECES].find_one(
backend/preparation_piece_operations.py,2693,DYNAMIC:UNITS,"unit = await db[UNITS].find_one({""user_id"": user_id, ""plan_id"": plan[""_id""],"
backend/preparation_piece_operations.py,2825,mezan_preparation_pieces_v1,latest = await db[PIECES].find_one(
backend/preparation_piece_operations.py,2848,mezan_preparation_pieces_v1,updated = await db[PIECES].find_one(
backend/preparation_piece_operations.py,3225,DYNAMIC:REGISTRY,registry = await db[REGISTRY].find_one(
backend/preparation_piece_operations.py,3263,DYNAMIC:REGISTRY,result = await db[REGISTRY].update_one(
backend/preparation_piece_operations.py,3280,mezan_preparation_pieces_v1,await db[PIECES].update_many(
backend/preparation_piece_operations.py,3324,DYNAMIC:REGISTRY,refreshed = await db[REGISTRY].find_one(
backend/preparation_piece_operations.py,540,DYNAMIC:PRODUCT_RESOURCE_BINDINGS,product_links = await db[PRODUCT_RESOURCE_BINDINGS].find(
backend/preparation_piece_operations.py,544,DYNAMIC:BINDINGS,option_bindings = await db[BINDINGS].find(
backend/preparation_piece_operations.py,908,DYNAMIC:PREPARATION_UNIT_ALLOCATIONS,allocations = await db[PREPARATION_UNIT_ALLOCATIONS].find(
backend/preparation_piece_operations.py,947,DYNAMIC:EVENTS,await db[EVENTS].insert_one({
backend/preparation_piece_operations.py,1064,mezan_preparation_pieces_v1,gate_pieces = await db[PIECES].find(
backend/preparation_piece_operations.py,1140,mezan_preparation_pieces_v1,order_rows = await db[PIECES].find(
backend/preparation_piece_operations.py,1384,mezan_preparation_pieces_v1,pieces = await db[PIECES].find(
backend/preparation_piece_operations.py,1448,mezan_preparation_pieces_v1,order_pieces = await db[PIECES].find(
backend/preparation_piece_operations.py,1506,mezan_preparation_pieces_v1,file_pieces = await db[PIECES].find(
backend/preparation_piece_operations.py,1975,mezan_preparation_pieces_v1,pieces = await db[PIECES].find(
backend/preparation_piece_operations.py,2137,mezan_preparation_pieces_v1,pieces = await db[PIECES].find(
backend/preparation_piece_operations.py,2289,mezan_preparation_pieces_v1,for value in await db[PIECES].distinct(
backend/preparation_piece_operations.py,2990,mezan_preparation_pieces_v1,pieces = await db[PIECES].find(
backend/preparation_piece_operations.py,3274,DYNAMIC:REGISTRY,exists = await db[REGISTRY].find_one(
backend/preparation_piece_operations.py,554,DYNAMIC:RESOURCES,await db[RESOURCES].find(
backend/preparation_piece_operations.py,643,DYNAMIC:WORKFLOWS,runtime_workflows = await db[WORKFLOWS].find(
backend/preparation_piece_operations.py,2327,mezan_preparation_pieces_v1,await db[PIECES].find(
backend/preparation_piece_operations.py,606,mezan_preparation_pieces_v1,history = await db[PIECES].find(
backend/preparation_piece_operations.py,2316,DYNAMIC:WORKFLOWS,workflows = await db[WORKFLOWS].find(
backend/preparation_piece_operations.py,2921,mezan_preparation_pieces_v1,pieces = await db[PIECES].find(
backend/preparation_piece_operations.py,2951,DYNAMIC:REGISTRY,await db[REGISTRY].find(
backend/preparation_route_history.py,157,mezan_preparation_route_events_v1,await db[ROUTE_EVENTS].create_index(
backend/preparation_route_history.py,161,mezan_preparation_route_events_v1,await db[ROUTE_EVENTS].create_index(
backend/preparation_route_history.py,165,mezan_preparation_route_events_v1,await db[ROUTE_EVENTS].create_index(
backend/preparation_route_history.py,169,mezan_preparation_route_events_v1,await db[ROUTE_EVENTS].create_index(
backend/preparation_route_history.py,272,mezan_preparation_route_events_v1,await db[ROUTE_EVENTS].update_one(
backend/preparation_route_history.py,315,mezan_preparation_pieces_v1,"result = await db[PIECES].update_one(selector, update_doc)"
backend/preparation_route_history.py,196,unified_orders,await db.unified_orders.find(
backend/preparation_route_history.py,365,mezan_preparation_pieces_v1,raw_pieces = await db[PIECES].find(
backend/preparation_routes.py,202,unified_orders,cursor = db.unified_orders.find(
backend/preparation_routes.py,294,product_image_catalog,await db.product_image_catalog.update_one(
backend/preparation_routes.py,387,preparation_uploads,await db.preparation_uploads.insert_one(doc)
backend/preparation_routes.py,438,preparation_uploads,existing = await db.preparation_uploads.find_one(
backend/preparation_routes.py,500,preparation_uploads,await db.preparation_uploads.update_one(
backend/preparation_routes.py,556,preparation_uploads,doc = await db.preparation_uploads.find_one(
backend/preparation_routes.py,667,preparation_uploads,doc = await db.preparation_uploads.find_one(
backend/preparation_routes.py,801,preparation_uploads,doc = await db.preparation_uploads.find_one(
backend/preparation_routes.py,874,preparation_uploads,doc = await db.preparation_uploads.find_one(
backend/preparation_routes.py,934,preparation_uploads,doc = await db.preparation_uploads.find_one(
backend/preparation_routes.py,971,preparation_uploads,doc = await db.preparation_uploads.find_one(
backend/preparation_routes.py,1068,preparation_uploads,doc = await db.preparation_uploads.find_one(
backend/preparation_routes.py,1096,exported_items,"items = await db.exported_items.count_documents({""user_id"": uid})"
backend/preparation_routes.py,1100,exported_items,last = await db.exported_items.find_one(
backend/preparation_routes.py,1123,exported_items,"r1 = await db.exported_items.delete_many({""user_id"": uid})"
backend/preparation_routes.py,1124,exported_orders,"r2 = await db.exported_orders.delete_many({""user_id"": uid})"
backend/preparation_routes.py,1152,product_image_catalog,doc = await db.product_image_catalog.find_one(
backend/preparation_routes.py,1166,product_image_catalog,res = await db.product_image_catalog.delete_one(
backend/preparation_routes.py,1271,exported_items,await db.exported_items.create_index(
backend/preparation_routes.py,1274,exported_items,"await db.exported_items.create_index([(""user_id"", 1), (""exported_at"", -1)])"
backend/preparation_routes.py,1275,exported_items,"await db.exported_items.create_index([(""user_id"", 1), (""order_number"", 1)])"
backend/preparation_routes.py,1277,exported_orders,await db.exported_orders.create_index(
backend/preparation_routes.py,1280,exported_orders,"await db.exported_orders.create_index([(""user_id"", 1), (""exported_at"", -1)])"
backend/preparation_routes.py,1281,preparation_uploads,await db.preparation_uploads.create_index(
backend/preparation_routes.py,1284,preparation_uploads,await db.preparation_uploads.create_index(
backend/preparation_routes.py,1287,product_image_catalog,await db.product_image_catalog.create_index(
backend/preparation_routes.py,1290,product_image_catalog,await db.product_image_catalog.create_index(
backend/preparation_routes.py,236,product_image_catalog,cat_docs = await db.product_image_catalog.find(
backend/preparation_routes.py,257,product_costs,docs = await db.product_costs.find(
backend/preparation_routes.py,718,preparation_uploads,await db.preparation_uploads.update_one(
backend/preparation_routes.py,835,preparation_uploads,await db.preparation_uploads.update_one(
backend/preparation_routes.py,908,preparation_uploads,await db.preparation_uploads.update_one(
backend/preparation_routes.py,1099,exported_items,"order_count = len(await db.exported_items.distinct(""order_number"", {""user_id"": uid}))"
backend/preparation_routes.py,1195,product_image_catalog,existing = await db.product_image_catalog.find_one(
backend/preparation_routes.py,351,exported_items,already = await db.exported_items.find(
backend/preparation_routes.py,479,exported_items,already = await db.exported_items.find(
backend/preparation_routes.py,570,exported_items,already = await db.exported_items.find(
backend/preparation_routes.py,991,exported_items,already = await db.exported_items.find(
backend/preparation_routes.py,1044,exported_items,"await db.exported_items.insert_many(rows, ordered=False)"
backend/preparation_routes.py,1075,exported_items,meta = await db.exported_items.find(
backend/preparation_routes.py,1142,product_image_catalog,docs = await db.product_image_catalog.find(
backend/preparation_supplier_dispatch.py,1031,mezan_supplier_dispatches_v1,await db[DISPATCHES].create_index(
backend/preparation_supplier_dispatch.py,1036,mezan_supplier_dispatches_v1,await db[DISPATCHES].create_index(
backend/preparation_supplier_dispatch.py,1040,mezan_supplier_dispatches_v1,await db[DISPATCHES].create_index(
backend/preparation_supplier_dispatch.py,1044,mezan_supplier_dispatch_events_v1,await db[DISPATCH_EVENTS].create_index(
backend/preparation_supplier_dispatch.py,1050,DYNAMIC:PIECES,await db[PIECES].create_index(
backend/preparation_supplier_dispatch.py,1054,DYNAMIC:PIECES,await db[PIECES].create_index(
backend/preparation_supplier_dispatch.py,1316,DYNAMIC:REGISTRY,registry_result = await db[REGISTRY].update_one(
backend/preparation_supplier_dispatch.py,1359,DYNAMIC:PIECE_EVENTS,await db[PIECE_EVENTS].insert_one({
backend/preparation_supplier_dispatch.py,1334,DYNAMIC:BATCHES,await db[BATCHES].update_one(
backend/preparation_supplier_dispatch.py,1344,DYNAMIC:WORKFLOWS,await db[WORKFLOWS].update_many(
backend/preparation_supplier_dispatch.py,1469,mezan_supplier_dispatches_v1,existing = await db[DISPATCHES].find_one(
backend/preparation_supplier_dispatch.py,1558,DYNAMIC:MEZAN_SUPPLIERS_V2,supplier = await db[MEZAN_SUPPLIERS_V2].find_one(
backend/preparation_supplier_dispatch.py,1676,DYNAMIC:PIECES,result = await db[PIECES].update_many(
backend/preparation_supplier_dispatch.py,1749,mezan_supplier_dispatches_v1,await db[DISPATCHES].update_one(
backend/preparation_supplier_dispatch.py,1774,mezan_supplier_dispatch_events_v1,await db[DISPATCH_EVENTS].insert_one(dict(event))
backend/preparation_supplier_dispatch.py,1775,DYNAMIC:PIECE_EVENTS,await db[PIECE_EVENTS].insert_one(dict(event))
backend/preparation_supplier_dispatch.py,1798,mezan_supplier_dispatch_events_v1,previous = await db[DISPATCH_EVENTS].find_one(
backend/preparation_supplier_dispatch.py,1835,DYNAMIC:PIECES,result = await db[PIECES].update_many(
backend/preparation_supplier_dispatch.py,1906,mezan_supplier_dispatch_events_v1,await db[DISPATCH_EVENTS].insert_one(dict(event))
backend/preparation_supplier_dispatch.py,1907,DYNAMIC:PIECE_EVENTS,await db[PIECE_EVENTS].insert_one(dict(event))
backend/preparation_supplier_dispatch.py,1922,mezan_supplier_dispatch_events_v1,previous = await db[DISPATCH_EVENTS].find_one(
backend/preparation_supplier_dispatch.py,1963,DYNAMIC:PIECES,result = await db[PIECES].update_many(
backend/preparation_supplier_dispatch.py,2028,mezan_supplier_dispatch_events_v1,await db[DISPATCH_EVENTS].insert_one(dict(event))
backend/preparation_supplier_dispatch.py,2029,DYNAMIC:PIECE_EVENTS,await db[PIECE_EVENTS].insert_one(dict(event))
backend/preparation_supplier_dispatch.py,2047,mezan_supplier_dispatches_v1,dispatch = await db[DISPATCHES].find_one(
backend/preparation_supplier_dispatch.py,2066,DYNAMIC:PIECES,await db[PIECES].update_many(
backend/preparation_supplier_dispatch.py,2083,mezan_supplier_dispatches_v1,await db[DISPATCHES].update_one(
backend/preparation_supplier_dispatch.py,2110,mezan_supplier_dispatch_events_v1,await db[DISPATCH_EVENTS].insert_one(dict(event))
backend/preparation_supplier_dispatch.py,2111,DYNAMIC:PIECE_EVENTS,await db[PIECE_EVENTS].insert_one(dict(event))
backend/preparation_supplier_dispatch.py,1385,DYNAMIC:PIECES,pieces = await db[PIECES].find(
backend/preparation_supplier_dispatch.py,1668,mezan_supplier_dispatches_v1,await db[DISPATCHES].insert_one(dict(shell))
backend/preparation_supplier_dispatch.py,1707,DYNAMIC:PIECES,await db[PIECES].update_many(
backend/preparation_supplier_dispatch.py,1723,mezan_supplier_dispatches_v1,await db[DISPATCHES].update_one(
backend/preparation_supplier_dispatch.py,1873,DYNAMIC:PIECES,await db[PIECES].update_many(
backend/preparation_supplier_dispatch.py,1988,DYNAMIC:PIECES,await db[PIECES].update_many(
backend/preparation_supplier_dispatch.py,2052,mezan_supplier_dispatches_v1,existing = await db[DISPATCHES].find_one(
backend/preparation_supplier_dispatch.py,1112,DYNAMIC:BATCHES,await db[BATCHES].find(
backend/preparation_supplier_dispatch.py,1131,DYNAMIC:REGISTRY,await db[REGISTRY].find(
backend/preparation_supplier_dispatch.py,1478,DYNAMIC:REGISTRY,registries = await db[REGISTRY].find(
backend/preparation_supplier_dispatch.py,1507,DYNAMIC:PIECES,all_candidates = await db[PIECES].find(
backend/preparation_supplier_dispatch.py,1670,mezan_supplier_dispatches_v1,duplicate = await db[DISPATCHES].find_one(
backend/preparation_supplier_dispatch.py,1804,DYNAMIC:PIECES,candidates = await db[PIECES].find(
backend/preparation_supplier_dispatch.py,1938,DYNAMIC:PIECES,rows = await db[PIECES].find(
backend/preparation_supplier_dispatch.py,1061,DYNAMIC:MEZAN_SUPPLIERS_V2,return await db[MEZAN_SUPPLIERS_V2].find(
backend/preparation_supplier_dispatch.py,1586,DYNAMIC:BATCHES,await db[BATCHES].find(
backend/preparation_supplier_dispatch.py,1086,DYNAMIC:PIECES,pieces = await db[PIECES].find(
backend/preparation_supplier_dispatch.py,1203,mezan_supplier_dispatches_v1,dispatches = await db[DISPATCHES].find(
backend/preparation_supplier_dispatch.py,1251,DYNAMIC:PIECES,pieces = await db[PIECES].find(
backend/product_cost_revision.py,67,mezan_product_cost_revisions_v2,row = await db[PRODUCT_COST_REVISIONS].find_one(
backend/product_cost_revision.py,88,mezan_product_cost_revisions_v2,await db[PRODUCT_COST_REVISIONS].update_one(
backend/product_costs.py,314,unified_orders,async for o in db.unified_orders.find(
backend/product_costs.py,343,unified_orders,async for o in db.unified_orders.find(
backend/product_costs.py,933,unified_orders,cursor = db.unified_orders.find(
backend/product_costs.py,984,product_costs,async for cat in db.product_costs.find(
backend/product_costs.py,1037,unified_orders,async for o in db.unified_orders.find(
backend/product_costs.py,1066,unified_orders,async for o in db.unified_orders.find(
backend/product_costs.py,1093,unified_orders,async for o in db.unified_orders.find(
backend/product_costs.py,1136,unified_orders,async for o in db.unified_orders.find(
backend/product_costs.py,1196,product_costs,async for c in db.product_costs.find(
backend/product_costs.py,1208,unified_orders,async for o in db.unified_orders.find(
backend/product_costs.py,1336,unified_orders,async for o in db.unified_orders.find(
backend/product_costs.py,319,unified_orders,await db.unified_orders.update_one(
backend/product_costs.py,348,unified_orders,await db.unified_orders.update_one(
backend/product_costs.py,424,product_costs,total = await db.product_costs.count_documents(q)
backend/product_costs.py,503,product_costs,await db.product_costs.insert_one(doc)
backend/product_costs.py,546,product_costs,r = await db.product_costs.update_one(
backend/product_costs.py,551,product_costs,doc = await db.product_costs.find_one(
backend/product_costs.py,573,product_costs,r = await db.product_costs.update_one(
backend/product_costs.py,1077,product_costs,active = await db.product_costs.count_documents(
backend/product_costs.py,1083,product_costs,linked_products_count = await db.product_costs.count_documents(
backend/product_costs.py,1086,product_costs,catalogue_pending_count = await db.product_costs.count_documents(
backend/product_costs.py,1106,product_costs,async for c in db.product_costs.find(
backend/product_costs.py,1124,product_costs,agg = db.product_costs.aggregate([
backend/product_costs.py,448,product_costs,existing = await db.product_costs.find_one(
backend/product_costs.py,453,product_costs,existing = await db.product_costs.find_one(
backend/product_costs.py,485,product_costs,await db.product_costs.update_one(
backend/product_costs.py,491,product_costs,doc = await db.product_costs.find_one(
backend/product_costs.py,1341,unified_orders,await db.unified_orders.update_one(
backend/product_costs.py,150,product_costs,cost_docs = await db.product_costs.find(
backend/product_costs.py,853,product_costs,res = await db.product_costs.update_one(
backend/product_costs.py,1048,unified_orders,await db.unified_orders.update_one(
backend/product_costs.py,826,product_costs,existing = await db.product_costs.find_one(
backend/product_costs.py,425,product_costs,"rows = await db.product_costs.find(q, {""_id"": 0}).sort("
backend/product_inventory_receipt_routes.py,407,mezan_inventory_receipts_v2,await db[INVENTORY_RECEIPTS].create_index(
backend/product_inventory_receipt_routes.py,412,mezan_inventory_receipts_v2,await db[INVENTORY_RECEIPTS].create_index(
backend/product_inventory_receipt_routes.py,421,mezan_inventory_receipts_v2,await db[INVENTORY_RECEIPTS].create_index(
backend/product_inventory_receipt_routes.py,508,purchase_invoices,invoice = await db[PURCHASE_INVOICES].find_one(
backend/product_inventory_receipt_routes.py,532,DYNAMIC:PRODUCTS,product = await db[PRODUCTS].find_one(
backend/product_inventory_receipt_routes.py,443,mezan_inventory_receipts_v2,receipts = await db[INVENTORY_RECEIPTS].find(
backend/product_inventory_receipt_routes.py,637,DYNAMIC:CABINETS,cabinets = await db[CABINETS].find(
backend/product_inventory_receipt_routes.py,666,DYNAMIC:ROOMS,sections = await db[ROOMS].find(
backend/product_inventory_receipt_routes.py,758,DYNAMIC:PRODUCT_OPERATION_PROFILES,profiles = await db[PRODUCT_OPERATION_PROFILES].find(
backend/product_inventory_receipt_routes.py,765,DYNAMIC:LOCATIONS,inventory_locations = await db[LOCATIONS].find(
backend/product_inventory_receipt_routes.py,782,DYNAMIC:INVENTORY_RESERVATIONS,reservations = await db[INVENTORY_RESERVATIONS].find(
backend/product_inventory_receipt_routes.py,908,DYNAMIC:CABINETS,cabinets = await db[CABINETS].find(
backend/product_inventory_receipt_routes.py,934,DYNAMIC:ROOMS,sections = await db[ROOMS].find(
backend/product_inventory_receipt_routes.py,952,DYNAMIC:LOCATIONS,raw_locations = await db[LOCATIONS].find(
backend/product_inventory_receipt_routes.py,625,DYNAMIC:WAREHOUSES,warehouses = await db[WAREHOUSES].find(
backend/product_inventory_receipt_routes.py,684,DYNAMIC:LOCATIONS,locations = await db[LOCATIONS].find(
backend/product_inventory_receipt_routes.py,736,DYNAMIC:PRODUCTS,products = await db[PRODUCTS].find(
backend/product_inventory_receipt_routes.py,877,DYNAMIC:WAREHOUSES,warehouses = await db[WAREHOUSES].find(
backend/product_inventory_receipt_routes.py,432,purchase_invoices,invoices = await db[PURCHASE_INVOICES].find(
backend/product_inventory_receipt_routes.py,799,mezan_inventory_receipts_v2,recent_receipts = await db[INVENTORY_RECEIPTS].find(
backend/product_option_cost_routes.py,53,mezan_cost_resources_v2,await db[RESOURCES].create_index(
backend/product_option_cost_routes.py,57,mezan_product_option_cost_bindings_v2,await db[BINDINGS].create_index(
backend/product_option_cost_routes.py,67,mezan_product_option_cost_bindings_v2,await db[BINDINGS].create_index(
backend/product_option_cost_routes.py,74,DYNAMIC:PRODUCTS,row = await db[PRODUCTS].find_one({
backend/product_option_cost_routes.py,119,mezan_cost_resources_v2,resource = await db[RESOURCES].find_one(
backend/product_option_cost_routes.py,233,mezan_cost_resources_v2,"before = await db[RESOURCES].find_one({""user_id"": user_id, ""id"": resource_id}, {""_id"": 0})"
backend/product_option_cost_routes.py,235,mezan_cost_resources_v2,await db[RESOURCES].update_one(
backend/product_option_cost_routes.py,240,mezan_product_option_cost_bindings_v2,"impacted = await db[BINDINGS].count_documents({""user_id"": user_id, ""resource_id"": resource_id})"
backend/product_option_cost_routes.py,241,mezan_cost_change_log_v2,await db[AUDIT].insert_one({
backend/product_option_cost_routes.py,358,mezan_product_option_cost_bindings_v2,await db[BINDINGS].update_one(
backend/product_option_cost_routes.py,364,mezan_product_option_cost_bindings_v2,"saved = await db[BINDINGS].find_one(selector, {""_id"": 0})"
backend/product_option_cost_routes.py,371,mezan_product_option_cost_bindings_v2,result = await db[BINDINGS].delete_one({
backend/product_option_cost_routes.py,218,mezan_cost_resources_v2,await db[RESOURCES].insert_one(row)
backend/product_option_cost_routes.py,277,mezan_cost_resources_v2,async for raw in db[RESOURCES].find(
backend/product_option_cost_routes.py,317,mezan_cost_resources_v2,"resource = await db[RESOURCES].find_one({""user_id"": user_id, ""id"": resource_id}, {""_id"": 0})"
backend/product_option_cost_routes.py,324,DYNAMIC:PRODUCT_RESOURCE_BINDINGS,product_conflict = await db[PRODUCT_RESOURCE_BINDINGS].find_one(
backend/product_option_cost_routes.py,385,mezan_product_cost_profiles_v2,"profile = await db[""mezan_product_cost_profiles_v2""].find_one({"
backend/product_option_cost_routes.py,143,mezan_product_option_cost_bindings_v2,"bindings = await db[BINDINGS].find({""user_id"": user_id}, {""_id"": 0}).to_list(length=10000)"
backend/product_option_cost_routes.py,144,DYNAMIC:PRODUCTS,products = await db[PRODUCTS].find(
backend/product_option_cost_routes.py,258,mezan_product_option_cost_bindings_v2,bindings = await db[BINDINGS].find({
backend/product_option_cost_routes.py,262,DYNAMIC:PRODUCT_RESOURCE_BINDINGS,product_links = await db[PRODUCT_RESOURCE_BINDINGS].find({
backend/product_option_cost_routes.py,393,mezan_product_option_cost_bindings_v2,bindings = await db[BINDINGS].find({
backend/product_option_cost_routes.py,397,DYNAMIC:PRODUCT_RESOURCE_BINDINGS,product_links = await db[PRODUCT_RESOURCE_BINDINGS].find({
backend/product_option_cost_routes.py,406,mezan_cost_resources_v2,product_resources = await db[RESOURCES].find(
backend/product_option_cost_routes.py,142,mezan_cost_resources_v2,"resources = await db[RESOURCES].find({""user_id"": user_id}, {""_id"": 0}).sort(""name"", 1).to_list(length=1000)"
backend/product_v2_details_routes.py,190,mezan_product_cost_profiles_v2,"await db[COST_PROFILES].create_index([(""user_id"", ASCENDING), (""salla_product_id"", ASCENDING)], unique=True, name=""uq_product_cost_profile_v2"")"
backend/product_v2_details_routes.py,191,mezan_product_image_profiles_v2,"await db[IMAGE_PROFILES].create_index([(""user_id"", ASCENDING), (""salla_product_id"", ASCENDING)], unique=True, name=""uq_product_image_profile_v2"")"
backend/product_v2_details_routes.py,192,mezan_product_image_profile_log_v2,"await db[IMAGE_PROFILE_LOG].create_index([(""user_id"", ASCENDING), (""salla_product_id"", ASCENDING), (""occurred_at"", ASCENDING)], name=""ix_product_image_profile_log_v2"")"
backend/product_v2_details_routes.py,259,DYNAMIC:PRODUCTS,"product = await db[PRODUCTS].find_one(_product_lookup(product_id, user_id), {""_id"": 0})"
backend/product_v2_details_routes.py,272,DYNAMIC:PRODUCTS,"await db[PRODUCTS].update_one({""user_id"": user_id, ""salla_product_id"": salla_id}, {""$set"": {**patch, ""updated_at"": now}})"
backend/product_v2_details_routes.py,275,mezan_product_detail_log_v2,"await db[DETAIL_LOG].insert_one({""id"": uuid.uuid4().hex, ""user_id"": user_id, ""salla_product_id"": salla_id, ""event_type"": ""details_refreshed"", ""occurred_at"": now, ""options_count"": len(patch[""options""]), ""variants_count"": len(patch[""variants""]), ""images_count"": len(patch[""images""])})"
backend/product_v2_details_routes.py,276,DYNAMIC:PRODUCTS,"updated = await db[PRODUCTS].find_one({""user_id"": user_id, ""salla_product_id"": salla_id}, {""_id"": 0, ""raw_salla"": 0, ""raw_salla_details"": 0})"
backend/product_v2_details_routes.py,286,DYNAMIC:PRODUCTS,"product = await db[PRODUCTS].find_one(_product_lookup(product_id, user_id), {""_id"": 0, ""salla_product_id"": 1, ""cost_price_from_salla"": 1, ""variants"": 1})"
backend/product_v2_details_routes.py,303,DYNAMIC:PRODUCTS,"product = await db[PRODUCTS].find_one(_product_lookup(product_id, user_id), {""_id"": 0, ""salla_product_id"": 1, ""variants"": 1})"
backend/product_v2_details_routes.py,320,mezan_product_cost_profiles_v2,"await db[COST_PROFILES].update_one({""user_id"": user_id, ""salla_product_id"": salla_id}, {""$set"": {""user_id"": user_id, ""salla_product_id"": salla_id, ""base_cost"": base_cost, ""variant_costs"": variant_costs, ""notes"": _text(payload.get(""notes"")), ""updated_at"": now}, ""$setOnInsert"": {""id"": uuid.uuid4().hex, ""created_at"": now}}, upsert=True)"
backend/product_v2_details_routes.py,328,DYNAMIC:PRODUCTS,"product = await db[PRODUCTS].find_one(_product_lookup(product_id, user_id), {""_id"": 0, ""salla_product_id"": 1, ""main_image"": 1, ""images"": 1, ""options"": 1})"
backend/product_v2_details_routes.py,338,DYNAMIC:PRODUCTS,"product = await db[PRODUCTS].find_one(_product_lookup(product_id, user_id), {""_id"": 0, ""salla_product_id"": 1, ""main_image"": 1, ""images"": 1, ""options"": 1})"
backend/product_v2_details_routes.py,380,mezan_product_image_profiles_v2,await db[IMAGE_PROFILES].update_one(
backend/product_v2_details_routes.py,385,mezan_product_image_profile_log_v2,await db[IMAGE_PROFILE_LOG].insert_one({
backend/product_v2_details_routes.py,289,mezan_product_cost_profiles_v2,"profile = await db[COST_PROFILES].find_one({""user_id"": user_id, ""salla_product_id"": str(product[""salla_product_id""])}, {""_id"": 0}) or {}"
backend/product_v2_details_routes.py,331,mezan_product_image_profiles_v2,"profile = await db[IMAGE_PROFILES].find_one({""user_id"": user_id, ""salla_product_id"": str(product[""salla_product_id""])}, {""_id"": 0}) or {}"
backend/product_v2_routes.py,161,mezan_products_v2,await db[PRODUCTS].create_index(
backend/product_v2_routes.py,166,mezan_products_v2,await db[PRODUCTS].create_index(
backend/product_v2_routes.py,170,mezan_products_v2,await db[PRODUCTS].create_index(
backend/product_v2_routes.py,174,mezan_product_sync_runs_v2,await db[SYNC_RUNS].create_index(
backend/product_v2_routes.py,184,mezan_product_sync_runs_v2,await db[SYNC_RUNS].insert_one({
backend/product_v2_routes.py,306,mezan_product_sync_runs_v2,await db[SYNC_RUNS].update_one(
backend/product_v2_routes.py,376,mezan_products_v2,total = await db[PRODUCTS].count_documents(query)
backend/product_v2_routes.py,405,mezan_products_v2,total = await db[PRODUCTS].count_documents(match)
backend/product_v2_routes.py,406,mezan_products_v2,"active = await db[PRODUCTS].count_documents({**match, ""status"": ""active""})"
backend/product_v2_routes.py,407,mezan_products_v2,"archived = await db[PRODUCTS].count_documents({""user_id"": user_id, ""archived"": True})"
backend/product_v2_routes.py,408,mezan_product_sync_runs_v2,"last_run = await db[SYNC_RUNS].find_one({""user_id"": user_id}, {""_id"": 0}, sort=[(""started_at"", -1)])"
backend/product_v2_routes.py,425,mezan_products_v2,product = await db[PRODUCTS].find_one(
backend/product_v2_routes.py,293,mezan_products_v2,await db[PRODUCTS].update_many(
backend/product_v2_routes.py,332,mezan_product_sync_runs_v2,await db[SYNC_RUNS].update_one(
backend/product_v2_routes.py,226,mezan_products_v2,existing = await db[PRODUCTS].find_one(
backend/product_v2_routes.py,253,mezan_products_v2,result = await db[PRODUCTS].find_one_and_update(
backend/product_v2_routes.py,246,mezan_products_v2,await db[PRODUCTS].update_one(
backend/product_v2_routes.py,266,mezan_product_change_log_v2,await db[CHANGE_LOG].insert_one({
backend/product_v2_routes.py,378,mezan_products_v2,db[PRODUCTS]
backend/products_import_routes.py,144,expense_category_tree,async for c in db.expense_category_tree.find(
backend/products_import_routes.py,154,expense_category_tree,existing = await db.expense_category_tree.find_one(
backend/products_import_routes.py,179,expense_category_tree,await db.expense_category_tree.insert_one(doc)
backend/products_import_routes.py,501,expense_category_tree,existing = await db.expense_category_tree.find_one(
backend/products_import_routes.py,526,expense_category_tree,await db.expense_category_tree.insert_one(doc)
backend/products_import_routes.py,809,products,cursor = db.products.find(
backend/products_import_routes.py,914,products,async for p in db.products.find(
backend/products_import_routes.py,1034,products,async for d in db.products.find(
backend/products_import_routes.py,201,expense_category_tree,root = await db.expense_category_tree.find_one(
backend/products_import_routes.py,340,expense_category_tree,return db.expense_category_tree.find_one(
backend/products_import_routes.py,547,expense_category_tree,existing = await db.expense_category_tree.find_one(
backend/products_import_routes.py,576,expense_category_tree,await db.expense_category_tree.insert_one(doc)
backend/products_import_routes.py,655,products,total = await db.products.count_documents(flt)
backend/products_import_routes.py,662,expense_category_tree,async for c in db.expense_category_tree.find(
backend/products_import_routes.py,694,products,prod = await db.products.find_one(
backend/products_import_routes.py,716,suppliers,async for s in db.suppliers.find(
backend/products_import_routes.py,734,financial_movements,async for m in db.financial_movements.find(
backend/products_import_routes.py,957,products,clash = await db.products.find_one(
backend/products_import_routes.py,1010,products,await db.products.insert_one(doc)
backend/products_import_routes.py,1014,expense_category_tree,cat = await db.expense_category_tree.find_one(
backend/products_import_routes.py,1120,expense_category_tree,cats_before = await db.expense_category_tree.count_documents(
backend/products_import_routes.py,1216,expense_category_tree,cats_after = await db.expense_category_tree.count_documents(
backend/products_import_routes.py,334,expense_category_tree,await db.expense_category_tree.insert_one(doc)
backend/products_import_routes.py,544,expense_category_tree,cur_parent = await db.expense_category_tree.find_one(
backend/products_import_routes.py,725,counterparties,async for c in db.counterparties.find(
backend/products_import_routes.py,971,expense_category_tree,ok = await db.expense_category_tree.find_one(
backend/products_import_routes.py,1139,products,existing = await db.products.find_one(
backend/products_import_routes.py,1178,products,await db.products.insert_one(doc)
backend/products_import_routes.py,1202,products,await db.products.update_one(
backend/products_import_routes.py,1210,products,await db.products.update_one(
backend/products_import_routes.py,623,products,"async for d in db.products.find(flt, {""_id"": 0}) \"
backend/progressive_login_security.py,132,auth_login_progressive_locks,self.states = db.auth_login_progressive_locks
backend/progressive_login_security.py,133,auth_security_events,self.events = db.auth_security_events
backend/provider_invoice_calendar.py,196,general_ledger,async for e in db.general_ledger.aggregate(pipeline):
backend/provider_invoice_calendar.py,354,settlement_entries,async for r in db.settlement_entries.aggregate(pipeline):
backend/provider_invoice_calendar.py,599,provider_invoice_calendar,async for c in db.provider_invoice_calendar.find(
backend/provider_invoice_calendar.py,726,provider_invoice_calendar,existing = await db.provider_invoice_calendar.find_one(
backend/provider_invoice_calendar.py,763,provider_invoice_calendar,await db.provider_invoice_calendar.insert_one(doc)
backend/provider_invoice_calendar.py,768,provider_invoice_calendar,res = await db.provider_invoice_calendar.delete_one(
backend/provider_invoice_calendar.py,93,settings,s = await db.settings.find_one(
backend/provider_invoice_calendar.py,118,settings,s = await db.settings.find_one(
backend/provider_invoice_calendar.py,147,settings,s = await db.settings.find_one(
backend/provider_invoice_calendar.py,628,provider_invoice_calendar,existing = await db.provider_invoice_calendar.find_one(
backend/provider_invoice_calendar.py,703,provider_invoice_calendar,async for d in (db.provider_invoice_calendar
backend/provider_invoice_calendar.py,733,provider_invoice_calendar,await db.provider_invoice_calendar.update_one(
backend/provider_invoice_calendar.py,643,provider_invoice_calendar,await db.provider_invoice_calendar.update_one(
backend/provider_invoice_calendar.py,672,provider_invoice_calendar,await db.provider_invoice_calendar.insert_one(doc)
backend/provider_invoice_calendar.py,616,provider_invoice_calendar,await db.provider_invoice_calendar.delete_one(
backend/purchase_invoices_routes.py,107,purchase_invoices,"await db.purchase_invoices.create_index([(""user_id"", 1), (""id"", 1)], unique=True, name=""pinv_pk"")"
backend/purchase_invoices_routes.py,108,purchase_invoices,"await db.purchase_invoices.create_index([(""user_id"", 1), (""supplier_counterparty_id"", 1), (""invoice_date"", -1)], name=""pinv_supplier_date"")"
backend/purchase_invoices_routes.py,211,purchase_invoices,"async for doc in db.purchase_invoices.find({""user_id"": owner, ""supplier_counterparty_id"": cp_id}):"
backend/purchase_invoices_routes.py,95,liabilities,"liab = await db.liabilities.find_one({""user_id"": owner, ""id"": doc[""liability_id""]})"
backend/purchase_invoices_routes.py,242,purchase_invoices,"doc = await db.purchase_invoices.find_one({""id"": inv_id, ""user_id"": owner})"
backend/purchase_invoices_routes.py,119,users,"context = await _actor_context(db, await db.users.find_one({""id"": actor[""id""]}))"
backend/purchase_invoices_routes.py,123,DYNAMIC:PRODUCTS,"for row in await db[PRODUCTS].find({""user_id"": owner, ""archived"": {""$ne"": True}}).to_list(10001):"
backend/purchase_invoices_routes.py,130,DYNAMIC:RESOURCES,"resources = await db[RESOURCES].find({""user_id"": owner, ""track_inventory"": True}).to_list(10001)"
backend/purchase_invoices_routes.py,134,mezan_component_categories_v2,"categories = await db.mezan_component_categories_v2.find({""user_id"": owner}, {""_id"": 0, ""id"": 1, ""name"": 1}).to_list(10001)"
backend/purchase_invoices_routes.py,137,warehouse_locations,"for loc in await db.warehouse_locations.find({""user_id"": owner, ""state"": {""$ne"": ""disabled""}}).to_list(20001):"
backend/purchase_invoices_routes.py,135,warehouse_locations_cabinets,"cabinets = {c[""id""]: c for c in await db.warehouse_locations_cabinets.find({""user_id"": owner}).to_list(10001)}"
backend/purchase_invoices_routes.py,200,purchase_invoices,"for doc in await db.purchase_invoices.find(query).sort([(""invoice_date"", -1), (""created_at"", -1)]).to_list(limit):"
backend/purchase_receiving_service.py,225,warehouse_locations,"async for location in db[LOCATIONS].find({""user_id"": owner}):"
backend/purchase_receiving_service.py,241,_db,"verified = await verify_active_opening_v2(db._db, user_id=owner, cutover=cutover, mongo_session=db._session)"
backend/purchase_receiving_service.py,147,mezan_products_v2,"product = await db[PRODUCTS].find_one({""user_id"": owner, ""mezan_product_id"": line.get(""product_id""), ""archived"": {""$ne"": True}})"
backend/purchase_receiving_service.py,241,_session,"verified = await verify_active_opening_v2(db._db, user_id=owner, cutover=cutover, mongo_session=db._session)"
backend/purchase_receiving_service.py,263,warehouse_locations,"location = await db[LOCATIONS].find_one({""user_id"": owner, ""id"": receipt[""location_id""]})"
backend/purchase_receiving_service.py,136,mezan_cost_resources_v2,"resource = await db[RESOURCES].find_one({""user_id"": owner, ""id"": line.get(""resource_id"")})"
backend/purchase_receiving_service.py,185,settings,"settings = await db.settings.find_one({""user_id"": owner}) or {}"
backend/purchase_receiving_service.py,188,mz2_opening_balance_drafts,"draft = await db.mz2_opening_balance_drafts.find_one({""user_id"": owner, ""status"": ""posted"", ""txn_group_id"": active}) if active else None"
backend/purchase_receiving_service.py,218,mz2_opening_inventory_initializations,"marker = await db.mz2_opening_inventory_initializations.find_one({""_id"": owner, ""user_id"": owner,"
backend/purchase_receiving_service.py,224,mz2_inventory_cost_states,"costs = [row async for row in db[COST_STATES].find({""user_id"": owner, ""authoritative"": True, ""cost_policy_version"": COST_POLICY})]"
backend/purchase_receiving_service.py,255,mz2_purchase_tax_evidence,"evidence = await db.mz2_purchase_tax_evidence.find_one({""user_id"": owner, ""file_id"": invoice.get(""tax_evidence_ref""),"
backend/purchase_receiving_service.py,257,accounting_source_files,"source = await db.accounting_source_files.find_one({""user_id"": owner, ""file_id"": invoice.get(""tax_evidence_ref"")})"
backend/purchase_receiving_service.py,269,warehouse_locations_cabinets,"cabinet = await db.warehouse_locations_cabinets.find_one({""user_id"": owner, ""id"": location.get(""cabinet_id"")}) or {}"
backend/purchase_receiving_service.py,288,mz2_purchase_receiving_operations,"operation = await db[OPERATIONS].find_one({""_id"": row[""approval_operation_id""], ""user_id"": owner}, {""_id"": 0})"
backend/purchase_receiving_service.py,445,mz2_purchase_receiving_operations,"await db[OPERATIONS].update_one({""_id"": operation_id, ""user_id"": owner, ""status"": {""$ne"": ""succeeded""}},"
backend/purchase_receiving_service.py,453,mz2_purchase_receiving_operations,"await db[OPERATIONS].update_one({""_id"": operation_id, ""user_id"": owner, ""status"": {""$ne"": ""succeeded""}},"
backend/purchase_receiving_service.py,338,purchase_invoices,"return await invoice_public(db, owner, await db.purchase_invoices.find_one({""user_id"": owner, ""id"": invoice_id}))"
backend/qoyod_order_accounting_sync.py,134,unified_orders,result = await db.unified_orders.update_one(
backend/qoyod_order_accounting_sync.py,243,qoyod_invoices,cursor = db.qoyod_invoices.find(
backend/qoyod_order_accounting_sync.py,314,integration_inbox,marker_result = await db.integration_inbox.update_many(
backend/reconciliation_forensic_routes.py,91,migration_cutoffs,cm = await db.migration_cutoffs.find_one(
backend/reconciliation_forensic_routes.py,100,general_ledger,return await db.general_ledger.find(
backend/reconciliation_routes.py,296,unified_orders,async for r in db.unified_orders.aggregate(pipeline):
backend/reconciliation_routes.py,104,accounts,async for p in db.accounts.find(
backend/reconciliation_routes.py,419,accounts,acc = await db.accounts.find_one(
backend/reconciliation_routes.py,442,accounts,async for p in db.accounts.find(
backend/reconciliation_routes.py,89,account_transactions,out_rows = await db.account_transactions.find(
backend/reconciliation_routes.py,217,accounts,accs = await db.accounts.find(
backend/reconciliation_routes.py,433,transfers,transfers = await db.transfers.find(
backend/recurring_obligations_routes.py,486,operating_recurring_obligations_v2,await db[OBLIGATIONS].create_index(
backend/recurring_obligations_routes.py,490,operating_recurring_invoices_v2,await db[INVOICES].create_index(
backend/recurring_obligations_routes.py,586,operating_recurring_obligations_v2,await db[OBLIGATIONS].insert_one(doc)
backend/recurring_obligations_routes.py,614,operating_recurring_obligations_v2,existing = await db[OBLIGATIONS].find_one(
backend/recurring_obligations_routes.py,651,operating_recurring_obligations_v2,await db[OBLIGATIONS].update_one(
backend/recurring_obligations_routes.py,654,operating_recurring_obligations_v2,return await db[OBLIGATIONS].find_one(
backend/recurring_obligations_routes.py,682,operating_recurring_obligations_v2,obligation = await db[OBLIGATIONS].find_one(
backend/recurring_obligations_routes.py,687,operating_recurring_invoices_v2,overlap = await db[INVOICES].find_one({
backend/recurring_obligations_routes.py,711,operating_recurring_invoices_v2,await db[INVOICES].insert_one(doc)
backend/recurring_obligations_routes.py,226,operating_recurring_obligations_v2,obligations = await db[OBLIGATIONS].find(
backend/recurring_obligations_routes.py,229,operating_recurring_invoices_v2,invoices = await db[INVOICES].find(
backend/recurring_obligations_routes.py,399,warehouse_locations_warehouses,return bool(await db[WAREHOUSES].find_one(
backend/recurring_obligations_routes.py,403,mezan_employees_v2,return bool(await db[EMPLOYEES].find_one(
backend/recurring_obligations_routes.py,602,operating_recurring_invoices_v2,await db[INVOICES].insert_one(invoice)
backend/recurring_obligations_routes.py,665,operating_recurring_obligations_v2,if not await db[OBLIGATIONS].find_one(
backend/recurring_obligations_routes.py,413,operating_recurring_invoices_v2,invoices = await db[INVOICES].find(
backend/recurring_obligations_routes.py,507,warehouse_locations_warehouses,warehouses = await db[WAREHOUSES].find(
backend/recurring_obligations_routes.py,510,mezan_employees_v2,employees = await db[EMPLOYEES].find(
backend/recurring_obligations_routes.py,525,operating_recurring_obligations_v2,"rows = await db[OBLIGATIONS].find(query, {""_id"": 0}).sort("
backend/recurring_obligations_routes.py,669,operating_recurring_invoices_v2,rows = await db[INVOICES].find(
backend/refunds_alert_routes.py,167,unified_orders,async for order in db.unified_orders.aggregate(pipeline):
backend/refunds_alert_routes.py,237,unified_orders,total_orders_in_period = await db.unified_orders.count_documents({
backend/return_decision_engine.py,543,return_cases,await db.return_cases.create_index(
backend/return_decision_engine.py,546,return_cases,await db.return_cases.create_index(
backend/return_decision_engine.py,560,unified_orders,order = await db.unified_orders.find_one(
backend/return_decision_engine.py,599,unified_orders,order = await db.unified_orders.find_one(
backend/return_decision_engine.py,703,return_cases,await db.return_cases.insert_one(doc)
backend/return_decision_engine.py,715,return_cases,existing = await db.return_cases.find_one(
backend/return_decision_engine.py,761,return_cases,result = await db.return_cases.find_one_and_update(
backend/return_decision_engine.py,807,return_cases,existing = await db.return_cases.find_one(
backend/return_decision_engine.py,872,return_cases,result = await db.return_cases.find_one_and_update(
backend/return_decision_engine.py,649,return_cases,existing = await db.return_cases.find_one(
backend/return_decision_engine.py,572,return_cases,async for row in db.return_cases.find(
backend/reversal_impact_audit_routes.py,297,general_ledger,"async for d in db.general_ledger.find(q, {""_id"": 0}):"
backend/reversal_impact_audit_routes.py,124,general_ledger,async for s in db.general_ledger.aggregate(after_pipe):
backend/reversal_impact_audit_routes.py,308,general_ledger,async for d in db.general_ledger.find(
backend/reversal_impact_audit_routes.py,36,operating_salaries,doc = await db.operating_salaries.find_one(
backend/reversal_impact_audit_routes.py,43,accounts,doc = await db.accounts.find_one(
backend/reversal_impact_audit_routes.py,51,counterparties,doc = await db.counterparties.find_one(
backend/reversal_impact_audit_routes.py,452,general_ledger,async for d in db.general_ledger.find(
backend/reversal_impact_audit_routes.py,461,general_ledger,reversal_pointing_at_me = await db.general_ledger.find_one(
backend/reversal_impact_audit_routes.py,98,general_ledger,rows = await db.general_ledger.aggregate(
backend/reversal_impact_audit_routes.py,165,general_ledger,async for d in db.general_ledger.find(
backend/reversal_impact_audit_routes.py,173,general_ledger,async for d in db.general_ledger.find(
backend/reversals_routes.py,393,general_ledger,async for g in db.general_ledger.aggregate(pipeline):
backend/reversals_routes.py,142,general_ledger,already = await db.general_ledger.find_one(
backend/reversals_routes.py,270,general_ledger,await db.general_ledger.update_many(
backend/reversals_routes.py,477,general_ledger,already = await db.general_ledger.find_one(
backend/reversals_routes.py,580,general_ledger,await db.general_ledger.update_many(
backend/reversals_routes.py,81,general_ledger,already = await db.general_ledger.find_one(
backend/reversals_routes.py,88,general_ledger,bank_leg = await db.general_ledger.find_one(
backend/reversals_routes.py,193,accounts,bank_doc = await db.accounts.find_one(
backend/reversals_routes.py,401,general_ledger,already = await db.general_ledger.find_one(
backend/reversals_routes.py,408,general_ledger,src_leg = await db.general_ledger.find_one(
backend/reversals_routes.py,510,accounts,sa = await db.accounts.find_one(
backend/reversals_routes.py,96,accounts,bank_acc = await db.accounts.find_one(
backend/reversals_routes.py,121,general_ledger,original_rows = await db.general_ledger.find(
backend/reversals_routes.py,184,operating_salaries,emp_doc = await db.operating_salaries.find_one(
backend/reversals_routes.py,187,employees,) or await db.employees.find_one(
backend/reversals_routes.py,461,general_ledger,original_rows = await db.general_ledger.find(
backend/reversals_routes.py,69,general_ledger,async for row in db.general_ledger.find(
backend/reversals_routes.py,321,general_ledger,async for row in db.general_ledger.find(
backend/reversals_routes.py,424,accounts,acc = await db.accounts.find_one(
backend/reversals_routes.py,515,operating_salaries,se = await db.operating_salaries.find_one(
backend/reversals_routes.py,609,general_ledger,async for row in db.general_ledger.find(
backend/reversals_routes.py,431,operating_salaries,emp = await db.operating_salaries.find_one(
backend/reversals_routes.py,435,employees,) or await db.employees.find_one(
backend/reviewed_preparation_batches.py,897,mezan_preparation_batches_v2,await db[BATCHES].create_index(
backend/reviewed_preparation_batches.py,902,mezan_preparation_batches_v2,await db[BATCHES].create_index(
backend/reviewed_preparation_batches.py,906,mezan_preparation_batches_v2,await db[BATCHES].create_index(
backend/reviewed_preparation_batches.py,911,DYNAMIC:PREPARATION_UNIT_ALLOCATIONS,await db[PREPARATION_UNIT_ALLOCATIONS].create_index(
backend/reviewed_preparation_batches.py,921,DYNAMIC:PREPARATION_UNIT_ALLOCATIONS,await db[PREPARATION_UNIT_ALLOCATIONS].create_index(
backend/reviewed_preparation_batches.py,925,DYNAMIC:PREPARATION_UNIT_ALLOCATIONS,await db[PREPARATION_UNIT_ALLOCATIONS].create_index(
backend/reviewed_preparation_batches.py,945,DYNAMIC:PREPARATION_UNIT_ALLOCATIONS,await db[PREPARATION_UNIT_ALLOCATIONS].delete_many({
backend/reviewed_preparation_batches.py,950,mezan_preparation_batches_v2,await db[BATCHES].delete_many({
backend/reviewed_preparation_batches.py,1014,DYNAMIC:PREPARATION_UNIT_ALLOCATIONS,await db[PREPARATION_UNIT_ALLOCATIONS].delete_many({
backend/reviewed_preparation_batches.py,1019,DYNAMIC:PIECES,await db[PIECES].delete_many({
backend/reviewed_preparation_batches.py,1024,mezan_preparation_batches_v2,await db[BATCHES].delete_one({
backend/reviewed_preparation_batches.py,1029,DYNAMIC:REGISTRY,await db[REGISTRY].delete_one({
backend/reviewed_preparation_batches.py,1034,DYNAMIC:EVENTS,await db[EVENTS].insert_one({
backend/reviewed_preparation_batches.py,1227,DYNAMIC:WORKFLOWS,workflow = await db[WORKFLOWS].find_one(
backend/reviewed_preparation_batches.py,1345,DYNAMIC:WORKFLOWS,await db[WORKFLOWS].update_one(
backend/reviewed_preparation_batches.py,1350,DYNAMIC:EVENTS,await db[EVENTS].insert_one({
backend/reviewed_preparation_batches.py,1433,mezan_preparation_batches_v2,existing = await db[BATCHES].find_one(
backend/reviewed_preparation_batches.py,1732,DYNAMIC:PREPARATION_UNIT_ALLOCATIONS,await db[PREPARATION_UNIT_ALLOCATIONS].update_many(
backend/reviewed_preparation_batches.py,1745,mezan_preparation_batches_v2,await db[BATCHES].update_one(
backend/reviewed_preparation_batches.py,1750,DYNAMIC:EVENTS,await db[EVENTS].insert_one({
backend/reviewed_preparation_batches.py,1781,mezan_preparation_batches_v2,batch = await db[BATCHES].find_one(
backend/reviewed_preparation_batches.py,1817,mezan_preparation_batches_v2,await db[BATCHES].update_one(
backend/reviewed_preparation_batches.py,1821,DYNAMIC:EVENTS,await db[EVENTS].insert_one({
backend/reviewed_preparation_batches.py,1865,mezan_preparation_batches_v2,batch = await db[BATCHES].find_one(
backend/reviewed_preparation_batches.py,853,DYNAMIC:WORKFLOWS,workflow_rows = await db[WORKFLOWS].find(
backend/reviewed_preparation_batches.py,934,mezan_preparation_batches_v2,stale = await db[BATCHES].find(
backend/reviewed_preparation_batches.py,1272,DYNAMIC:PREPARATION_UNIT_ALLOCATIONS,allocations = await db[PREPARATION_UNIT_ALLOCATIONS].find(
backend/reviewed_preparation_batches.py,1362,DYNAMIC:EVENTS,await db[EVENTS].insert_one({
backend/reviewed_preparation_batches.py,1567,mezan_preparation_batches_v2,await db[BATCHES].insert_one(shell)
backend/reviewed_preparation_batches.py,1602,DYNAMIC:PREPARATION_UNIT_ALLOCATIONS,await db[PREPARATION_UNIT_ALLOCATIONS].insert_many(
backend/reviewed_preparation_batches.py,1678,mezan_preparation_batches_v2,await db[BATCHES].update_one(
backend/reviewed_preparation_batches.py,1697,mezan_preparation_batches_v2,batch = await db[BATCHES].find_one(
backend/reviewed_preparation_batches.py,1448,DYNAMIC:PREPARATION_UNIT_ALLOCATIONS,await db[PREPARATION_UNIT_ALLOCATIONS].update_many(
backend/reviewed_preparation_batches.py,1465,mezan_preparation_batches_v2,await db[BATCHES].update_one(
backend/reviewed_preparation_batches.py,1569,mezan_preparation_batches_v2,duplicate = await db[BATCHES].find_one(
backend/reviewed_preparation_batches.py,1607,DYNAMIC:PREPARATION_UNIT_ALLOCATIONS,await db[PREPARATION_UNIT_ALLOCATIONS].delete_many({
backend/reviewed_preparation_batches.py,1611,mezan_preparation_batches_v2,"await db[BATCHES].delete_one({""user_id"": user_id, ""id"": batch_id})"
backend/reviewed_preparation_batches.py,1683,DYNAMIC:PREPARATION_UNIT_ALLOCATIONS,"await db[PREPARATION_UNIT_ALLOCATIONS].delete_many({""user_id"": user_id, ""batch_id"": batch_id})"
backend/reviewed_preparation_batches.py,1684,mezan_preparation_batches_v2,"await db[BATCHES].delete_one({""user_id"": user_id, ""id"": batch_id})"
backend/reviewed_preparation_batches.py,1687,DYNAMIC:PREPARATION_UNIT_ALLOCATIONS,"await db[PREPARATION_UNIT_ALLOCATIONS].delete_many({""user_id"": user_id, ""batch_id"": batch_id})"
backend/reviewed_preparation_batches.py,1688,mezan_preparation_batches_v2,"await db[BATCHES].delete_one({""user_id"": user_id, ""id"": batch_id})"
backend/reviewed_preparation_batches.py,1852,mezan_preparation_batches_v2,rows = await db[BATCHES].find(
backend/reviewed_products_catalog.py,828,mezan_products_v2,product_documents = await db[PRODUCTS].find(
backend/reviewed_products_catalog.py,835,mezan_preparation_unit_allocations_v2,allocation_documents = await db[PREPARATION_UNIT_ALLOCATIONS].find(
backend/reviewed_products_catalog.py,763,DYNAMIC:WORKFLOWS,workflows = await db[WORKFLOWS].find(
backend/salla_balance_forensic_routes.py,151,account_transactions,async for r in db.account_transactions.aggregate([
backend/salla_balance_forensic_routes.py,209,settlement_files,async for r in db.settlement_files.aggregate([
backend/salla_balance_forensic_routes.py,223,settlement_entries,async for r in db.settlement_entries.aggregate([
backend/salla_balance_forensic_routes.py,593,settlement_entries,async for r in db.settlement_entries.aggregate([
backend/salla_balance_forensic_routes.py,622,settlement_entries,async for r in db.settlement_entries.aggregate([
backend/salla_balance_forensic_routes.py,127,general_ledger,async for r in db.general_ledger.aggregate([
backend/salla_balance_forensic_routes.py,206,settlement_files,sf_full_count = await db.settlement_files.count_documents(
backend/salla_balance_forensic_routes.py,219,settlement_entries,se_full_count = await db.settlement_entries.count_documents(
backend/salla_balance_forensic_routes.py,259,payment_adjustments,pa_full_count = await db.payment_adjustments.count_documents(
backend/salla_balance_forensic_routes.py,352,settlement_files,async for f in db.settlement_files.find(
backend/salla_balance_forensic_routes.py,75,accounts,acc = await db.accounts.find_one(
backend/salla_balance_forensic_routes.py,81,accounts,acc = await db.accounts.find_one(
backend/salla_balance_forensic_routes.py,547,account_transactions,async for tx in db.account_transactions.find(
backend/salla_balance_forensic_routes.py,381,settlement_entries,async for e in db.settlement_entries.find(
backend/salla_balance_forensic_routes.py,414,payment_adjustments,async for p in db.payment_adjustments.find(
backend/salla_balance_forensic_routes.py,441,account_transactions,async for tx in db.account_transactions.find(
backend/salla_balance_forensic_routes.py,458,general_ledger,async for r in db.general_ledger.find(
backend/salla_balance_forensic_routes.py,178,settlement_files,async for f in db.settlement_files.find(
backend/salla_balance_forensic_routes.py,232,settlement_entries,async for e in db.settlement_entries.find(
backend/salla_balance_forensic_routes.py,262,payment_adjustments,async for p in db.payment_adjustments.find(
backend/salla_balance_forensic_routes.py,294,general_ledger,async for r in db.general_ledger.find(
backend/salla_balance_forensic_routes.py,318,account_transactions,async for tx in db.account_transactions.find(
backend/salla_integration/abandoned_carts.py,1342,salla_webhook_event_captures,capture_cursor = db.salla_webhook_event_captures.find(
backend/salla_integration/abandoned_carts.py,520,unified_orders,"order = await db.unified_orders.find_one(selector, {""_id"": 0})"
backend/salla_integration/abandoned_carts.py,652,salla_integrations,integration = await db.salla_integrations.find_one(
backend/salla_integration/abandoned_carts.py,966,salla_integrations,integration = await db.salla_integrations.find_one(
backend/salla_integration/abandoned_carts.py,1334,salla_integrations,integration = await db.salla_integrations.find_one(
backend/salla_integration/auto_sync.py,231,unified_orders,local_cursor = db.unified_orders.find(
backend/salla_integration/auto_sync.py,134,unified_orders,existing = await db.unified_orders.find_one(
backend/salla_integration/auto_sync.py,171,unified_orders,post = await db.unified_orders.find_one(
backend/salla_integration/auto_sync.py,278,unified_orders,await db.unified_orders.update_one(
backend/salla_integration/auto_sync.py,180,unified_orders,await db.unified_orders.update_one(
backend/salla_integration/service.py,870,salla_integrations,cursor = db.salla_integrations.find(
backend/salla_integration/service.py,274,salla_integrations,"return await db.salla_integrations.find_one({""user_id"": user_id}, {""_id"": 0})"
backend/salla_integration/service.py,285,salla_integrations,await db.salla_integrations.update_one(
backend/salla_integration/service.py,294,salla_integrations,"res = await db.salla_integrations.delete_one({""user_id"": user_id})"
backend/salla_integration/service.py,370,salla_integrations,result = await db.salla_integrations.update_one(
backend/salla_integration/service.py,502,salla_integrations,result = await db.salla_integrations.update_one(
backend/salla_integration/service.py,687,salla_integrations,result = await db.salla_integrations.update_one(
backend/salla_integration/service.py,707,salla_integrations,await db.salla_integrations.update_one(
backend/salla_integration/sync.py,2089,unified_orders,cursor = db.unified_orders.aggregate(pipeline)
backend/salla_integration/sync.py,98,salla_payment_banks,cached = await db.salla_payment_banks.find_one(
backend/salla_integration/sync.py,187,integration_inbox,latest = await db.integration_inbox.find_one(
backend/salla_integration/sync.py,828,salla_sync_logs,await db.salla_sync_logs.insert_one({
backend/salla_integration/sync.py,851,salla_sync_logs,"await db.salla_sync_logs.update_one({""id"": log_id}, {""$set"": payload})"
backend/salla_integration/sync.py,1966,order_adjustments,await db.order_adjustments.insert_one(row)
backend/salla_integration/sync.py,2174,salla_sync_logs,"await db.salla_sync_logs.create_index([(""user_id"", 1), (""started_at"", -1)])"
backend/salla_integration/sync.py,2175,salla_products,await db.salla_products.create_index(
backend/salla_integration/sync.py,268,integration_inbox,result = await db.integration_inbox.update_one(
backend/salla_integration/sync.py,863,salla_sync_logs,"await db.salla_sync_logs.update_one({""id"": log_id}, update)"
backend/salla_integration/sync.py,1639,unified_orders,before = await db.unified_orders.find_one(
backend/salla_integration/sync.py,1769,unified_orders,post = await db.unified_orders.find_one(
backend/salla_integration/sync.py,1821,unified_orders,after = await db.unified_orders.find_one(
backend/salla_integration/sync.py,280,integration_inbox,"await db.integration_inbox.update_one(selector, {""$set"": snapshot})"
backend/salla_integration/sync.py,111,salla_payment_banks,await db.salla_payment_banks.update_one(
backend/salla_integration/sync.py,1796,unified_orders,await db.unified_orders.update_one(
backend/salla_integration/sync.py,2026,salla_products,res = await db.salla_products.update_one(
backend/salla_inventory_sync_routes.py,89,salla_integrations,integration = await db.salla_integrations.find_one(
backend/salla_inventory_sync_routes.py,336,mezan_salla_branch_mappings_v2,await db[SALLA_BRANCH_MAPPINGS].create_index(
backend/salla_inventory_sync_routes.py,341,mezan_salla_inventory_sync_runs_v2,await db[SALLA_INVENTORY_SYNC_RUNS].create_index(
backend/salla_inventory_sync_routes.py,346,mezan_salla_inventory_sync_runs_v2,await db[SALLA_INVENTORY_SYNC_RUNS].create_index(
backend/salla_inventory_sync_routes.py,352,mezan_salla_inventory_sync_runs_v2,await db[SALLA_INVENTORY_SYNC_RUNS].create_index(
backend/salla_inventory_sync_routes.py,360,mezan_salla_branch_mappings_v2,await db[SALLA_BRANCH_MAPPINGS].find_one(
backend/salla_inventory_sync_routes.py,867,mezan_salla_branch_mappings_v2,result = await db[SALLA_BRANCH_MAPPINGS].update_one(
backend/salla_inventory_sync_routes.py,971,mezan_salla_inventory_sync_runs_v2,await db[SALLA_INVENTORY_SYNC_RUNS].insert_one(dict(run))
backend/salla_inventory_sync_routes.py,993,mezan_salla_inventory_sync_runs_v2,duplicate = await db[SALLA_INVENTORY_SYNC_RUNS].find_one(
backend/salla_inventory_sync_routes.py,1006,mezan_salla_inventory_sync_runs_v2,run = await db[SALLA_INVENTORY_SYNC_RUNS].find_one(
backend/salla_inventory_sync_routes.py,1091,mezan_salla_inventory_sync_runs_v2,locked = await db[SALLA_INVENTORY_SYNC_RUNS].update_one(
backend/salla_inventory_sync_routes.py,1172,mezan_salla_inventory_sync_runs_v2,await db[SALLA_INVENTORY_SYNC_RUNS].update_one(
backend/salla_inventory_sync_routes.py,1184,mezan_salla_inventory_sync_runs_v2,refreshed = await db[SALLA_INVENTORY_SYNC_RUNS].find_one(
backend/salla_inventory_sync_routes.py,1221,mezan_salla_inventory_sync_runs_v2,await db[SALLA_INVENTORY_SYNC_RUNS].update_one(
backend/salla_inventory_sync_routes.py,1231,mezan_salla_inventory_sync_runs_v2,final_run = await db[SALLA_INVENTORY_SYNC_RUNS].find_one(
backend/salla_inventory_sync_routes.py,1250,mezan_salla_inventory_sync_runs_v2,run = await db[SALLA_INVENTORY_SYNC_RUNS].find_one(
backend/salla_inventory_sync_routes.py,1285,mezan_salla_inventory_sync_runs_v2,await db[SALLA_INVENTORY_SYNC_RUNS].update_one(
backend/salla_inventory_sync_routes.py,1295,mezan_salla_inventory_sync_runs_v2,updated = await db[SALLA_INVENTORY_SYNC_RUNS].find_one(
backend/salla_inventory_sync_routes.py,1308,mezan_salla_inventory_sync_runs_v2,run = await db[SALLA_INVENTORY_SYNC_RUNS].find_one(
backend/salla_inventory_sync_routes.py,378,DYNAMIC:PRODUCTS,products = await db[PRODUCTS].find(
backend/salla_inventory_sync_routes.py,393,DYNAMIC:PRODUCT_OPERATION_PROFILES,profiles = await db[PRODUCT_OPERATION_PROFILES].find(
backend/salla_inventory_sync_routes.py,403,DYNAMIC:LOCATIONS,locations = await db[LOCATIONS].find(
backend/salla_inventory_sync_routes.py,419,DYNAMIC:INVENTORY_RESERVATIONS,reservations = await db[INVENTORY_RESERVATIONS].find(
backend/salla_inventory_sync_routes.py,1027,mezan_salla_inventory_sync_runs_v2,await db[SALLA_INVENTORY_SYNC_RUNS].update_one(
backend/salla_inventory_sync_routes.py,1075,mezan_salla_inventory_sync_runs_v2,await db[SALLA_INVENTORY_SYNC_RUNS].update_one(
backend/salla_inventory_sync_routes.py,820,DYNAMIC:WAREHOUSES,warehouses = await db[WAREHOUSES].find(
backend/salla_inventory_sync_routes.py,1149,mezan_salla_inventory_sync_runs_v2,await db[SALLA_INVENTORY_SYNC_RUNS].update_one(
backend/salla_inventory_sync_routes.py,698,DYNAMIC:WAREHOUSES,warehouses = await db[WAREHOUSES].find(
backend/salla_inventory_sync_routes.py,713,mezan_salla_inventory_sync_runs_v2,recent_runs = await db[SALLA_INVENTORY_SYNC_RUNS].find(
backend/salla_inventory_sync_routes.py,1329,mezan_salla_inventory_sync_runs_v2,rows = await db[SALLA_INVENTORY_SYNC_RUNS].find(
backend/salla_orders_v3/worker.py,1392,salla_integrations,cursor = db.salla_integrations.find(
backend/security_sensitive_routes.py,17,users,"actor = await db.users.find_one({""id"": actor_id}, {"
backend/security_sensitive_routes.py,37,qoyod_settings,settings = await db.qoyod_settings.find_one(
backend/server.py,1574,unified_orders,async for doc in db.unified_orders.aggregate(pipeline):
backend/server.py,1583,analyses,"async for a in db.analyses.find({""user_id"": user[""id""]}, {""_id"": 0, ""report.orders_sample"": 1}):"
backend/server.py,1618,unified_orders,async for doc in db.unified_orders.aggregate(pipeline):
backend/server.py,3407,unified_orders,async for d in db.unified_orders.aggregate(pipeline):
backend/server.py,3453,ad_account_ledger,async for row in db.ad_account_ledger.aggregate(pipeline):
backend/server.py,4109,snapchat_daily_stats,async for r in db.snapchat_daily_stats.find(
backend/server.py,5135,unified_orders,backfill_cursor = db.unified_orders.find(
backend/server.py,5161,unified_orders,nulldate_cursor = db.unified_orders.find(
backend/server.py,5201,unified_orders,fake_today_cursor = db.unified_orders.find(
backend/server.py,5234,unified_orders,cleared_cursor = db.unified_orders.find(
backend/server.py,657,users,"if await db.users.find_one({""email"": email}):"
backend/server.py,667,users,await db.users.insert_one(user)
backend/server.py,678,users,"user = await db.users.find_one({""email"": email})"
backend/server.py,744,users,await db.users.update_one(
backend/server.py,755,users,"full = await db.users.find_one({""id"": user[""id""]})"
backend/server.py,760,users,await db.users.update_one(
backend/server.py,773,users,"full = await db.users.find_one({""id"": user[""id""]})"
backend/server.py,779,users,"existing = await db.users.find_one({""email"": new_email})"
backend/server.py,782,users,await db.users.update_one(
backend/server.py,800,users,"full = await db.users.find_one({""id"": user[""id""]})"
backend/server.py,804,users,await db.users.update_one(
backend/server.py,825,users,"user = await db.users.find_one({""email"": payload.email.lower()})"
backend/server.py,842,users,"user = await db.users.find_one({""email"": payload.email.lower()})"
backend/server.py,849,users,await db.users.update_one(
backend/server.py,920,users,"if await db.users.find_one({""email"": email}):"
backend/server.py,938,users,await db.users.insert_one(new_doc)
backend/server.py,949,users,"target = await db.users.find_one({""id"": user_id})"
backend/server.py,982,users,"await db.users.update_one({""id"": user_id}, {""$set"": set_ops})"
backend/server.py,983,users,"updated = await db.users.find_one({""id"": user_id}, {""_id"": 0, ""password_hash"": 0, ""security_answer_hash"": 0})"
backend/server.py,992,users,"target = await db.users.find_one({""id"": user_id})"
backend/server.py,997,users,"await db.users.delete_one({""id"": user_id})"
backend/server.py,1146,settings,await db.settings.update_one(
backend/server.py,1427,counterparties,cp = await db.counterparties.find_one(
backend/server.py,1558,app_config,"await db.app_config.update_one({""_id"": ""global""}, {""$set"": update_doc}, upsert=True)"
backend/server.py,1803,daily_costs,await db.daily_costs.update_one(
backend/server.py,1814,daily_costs,"await db.daily_costs.delete_one({""user_id"": user[""id""], ""date"": date})"
backend/server.py,1880,analyses,"item = await db.analyses.find_one({""id"": analysis_id, ""user_id"": user[""id""]}, {""_id"": 0})"
backend/server.py,1888,analyses,"res = await db.analyses.delete_one({""id"": analysis_id, ""user_id"": user[""id""]})"
backend/server.py,1908,analyses,"existing = await db.analyses.find_one({""id"": analysis_id, ""user_id"": user[""id""]}, {""_id"": 0})"
backend/server.py,1961,analyses,await db.analyses.update_one(
backend/server.py,1981,analyses,"item = await db.analyses.find_one({""id"": analysis_id, ""user_id"": user[""id""]}, {""_id"": 0})"
backend/server.py,1994,analyses,"item = await db.analyses.find_one({""id"": analysis_id, ""user_id"": user[""id""]}, {""_id"": 0})"
backend/server.py,3098,counterparties,async for cp in db.counterparties.find(
backend/server.py,3345,settings,await db.settings.update_one(
backend/server.py,3575,daily_costs,last_fetched_doc = await db.daily_costs.find_one(
backend/server.py,3698,ads_currency_settings,fx_doc = await db.ads_currency_settings.find_one(
backend/server.py,3891,meta_ads_daily,latest = await db.meta_ads_daily.find_one(
backend/server.py,3898,meta_connections,meta_conn = await db.meta_connections.find_one(
backend/server.py,4011,tiktok_ads_daily,last_doc = await db.tiktok_ads_daily.find_one(
backend/server.py,4635,users,"await db.users.create_index(""email"", unique=True)"
backend/server.py,4636,settings,"await db.settings.create_index(""user_id"", unique=True)"
backend/server.py,4637,daily_costs,"await db.daily_costs.create_index([(""user_id"", 1), (""date"", 1)], unique=True)"
backend/server.py,4638,analyses,"await db.analyses.create_index([(""user_id"", 1), (""created_at"", -1)])"
backend/server.py,4641,webhook_parse_failures,await db.webhook_parse_failures.create_index(
backend/server.py,5076,product_costs,await db.product_costs.create_index(
backend/server.py,5079,product_costs,await db.product_costs.create_index(
backend/server.py,5082,product_costs,await db.product_costs.create_index(
backend/server.py,5085,shipping_payments,"await db.shipping_payments.create_index([(""user_id"", 1), (""company_name"", 1), (""payment_date"", -1)])"
backend/server.py,5086,webhook_tokens,"await db.webhook_tokens.create_index(""user_id"", unique=True)"
backend/server.py,5087,webhook_tokens,"await db.webhook_tokens.create_index(""token"", unique=True)"
backend/server.py,5088,unified_orders,"await db.unified_orders.create_index([(""user_id"", 1), (""order_number"", 1)], unique=True)"
backend/server.py,5089,unified_orders,"await db.unified_orders.create_index([(""user_id"", 1), (""order_date"", -1)])"
backend/server.py,5090,unified_orders,"await db.unified_orders.create_index([(""user_id"", 1), (""data_source"", 1)])"
backend/server.py,5091,operating_salaries,"await db.operating_salaries.create_index([(""user_id"", 1), (""status"", 1)])"
backend/server.py,5092,operating_rentals,"await db.operating_rentals.create_index([(""user_id"", 1), (""status"", 1)])"
backend/server.py,5093,operating_daily_expenses,"await db.operating_daily_expenses.create_index([(""user_id"", 1), (""date"", -1)])"
backend/server.py,5094,operating_prepaid_expenses,"await db.operating_prepaid_expenses.create_index([(""user_id"", 1), (""status"", 1)])"
backend/server.py,5095,operating_prepaid_expenses,"await db.operating_prepaid_expenses.create_index([(""user_id"", 1), (""expense_type"", 1)])"
backend/server.py,5097,payment_adjustments,"await db.payment_adjustments.create_index([(""user_id"", 1), (""adjusted_at"", -1)])"
backend/server.py,5098,payment_adjustments,"await db.payment_adjustments.create_index([(""user_id"", 1), (""order_number"", 1)])"
backend/server.py,5099,payment_adjustments,"await db.payment_adjustments.create_index([(""user_id"", 1), (""provider"", 1)])"
backend/server.py,5101,accounts,"await db.accounts.create_index([(""user_id"", 1), (""account_type"", 1)])"
backend/server.py,5102,accounts,"await db.accounts.create_index([(""user_id"", 1), (""status"", 1)])"
backend/server.py,5103,account_transactions,"await db.account_transactions.create_index([(""user_id"", 1), (""account_id"", 1), (""transaction_date"", -1)])"
backend/server.py,5110,operating_salaries,legacy_country = await db.operating_salaries.update_many(
backend/server.py,5118,webhook_orders,async for old in db.webhook_orders.find({}):
backend/server.py,5268,tiktok_ads_daily,tt_legacy = await db.tiktok_ads_daily.update_many(
backend/server.py,1433,operating_salaries,es = await db.operating_salaries.find_one(
backend/server.py,1528,app_config,"doc = await db.app_config.find_one({""_id"": ""global""}) or {}"
backend/server.py,1718,settings,await db.settings.update_one(
backend/server.py,1808,daily_costs,"doc[""id""] = (await db.daily_costs.find_one({""user_id"": user[""id""], ""date"": payload.date}, {""_id"": 0, ""id"": 1}))[""id""]"
backend/server.py,3492,ads_currency_settings,_ads_cfg = await db.ads_currency_settings.find_one(
backend/server.py,3555,unified_orders,async for d in db.unified_orders.aggregate(pipeline):
backend/server.py,5117,webhook_orders,if await db.webhook_orders.count_documents({}) > 0:
backend/server.py,5184,unified_orders,"await db.unified_orders.update_one({""_id"": o[""_id""]}, {""$set"": {""order_date"": date_str}})"
backend/server.py,5251,unified_orders,await db.unified_orders.update_one(
backend/server.py,1755,unified_orders,"orders = await db.unified_orders.find(q, {""_id"": 0, ""raw_by_source"": 0}).to_list(50000)"
backend/server.py,2060,unified_orders,all_orders = await db.unified_orders.find(
backend/server.py,2404,daily_costs,"daily = await db.daily_costs.find(daily_q, {""_id"": 0}).to_list(1000)"
backend/server.py,2413,tiktok_ads_daily,"tt_rows = await db.tiktok_ads_daily.find(tt_q, {""_id"": 0}).to_list(1000)"
backend/server.py,2432,meta_ads_daily,"meta_rows = await db.meta_ads_daily.find(meta_q, {""_id"": 0}).to_list(2000)"
backend/server.py,2775,payment_adjustments,salla_settle_docs = await db.payment_adjustments.find(
backend/server.py,2979,unified_orders,all_orders = await db.unified_orders.find(
backend/server.py,3181,unified_orders,"all_orders = await db.unified_orders.find(orders_q, {""_id"": 0}).to_list(20000)"
backend/server.py,3432,counterparties,cps = await db.counterparties.find(
backend/server.py,3505,snapchat_daily_stats,snap_stats_rows = await db.snapchat_daily_stats.find(
backend/server.py,3654,ad_account_ledger,spend_pipeline = await db.ad_account_ledger.aggregate([
backend/server.py,3664,snapchat_daily_stats,snap_stats = await db.snapchat_daily_stats.find(
backend/server.py,3682,liabilities,debt_pipeline = await db.liabilities.aggregate([
backend/server.py,3805,meta_ads_daily,rows = await db.meta_ads_daily.find(
backend/server.py,3962,tiktok_ads_daily,tt_rows = await db.tiktok_ads_daily.find(
backend/server.py,4124,tiktok_ads_daily,tt_rows = await db.tiktok_ads_daily.find(
backend/server.py,4144,meta_ads_daily,meta_rows = await db.meta_ads_daily.find(
backend/server.py,4797,cron_runs,await db.cron_runs.insert_one({
backend/server.py,5015,payment_transactions,unattributed = await db.payment_transactions.count_documents({
backend/server.py,5027,payment_transactions,uncaptured = await db.payment_transactions.count_documents({
backend/server.py,5119,unified_orders,existing = await db.unified_orders.find_one(
backend/server.py,5131,unified_orders,await db.unified_orders.insert_one(old)
backend/server.py,5146,unified_orders,"await db.unified_orders.update_one({""_id"": o[""_id""]}, {""$set"": {""order_date"": norm}})"
backend/server.py,5225,unified_orders,await db.unified_orders.update_one(
backend/server.py,1303,liabilities,rows = await db.liabilities.find(
backend/server.py,1327,counterparties,for r in await db.counterparties.find(
backend/server.py,1333,operating_salaries,for r in await db.operating_salaries.find(
backend/server.py,1345,liabilities,agg = await db.liabilities.aggregate([
backend/server.py,2066,unified_orders,projected_rows = await db.unified_orders.find(
backend/server.py,2114,unified_orders,await db.unified_orders.update_one(
backend/server.py,2349,analyses,legacy_analyses = await db.analyses.find(
backend/server.py,2983,unified_orders,projected_rows = await db.unified_orders.find(
backend/server.py,902,users,docs = await db.users.find(
backend/server.py,1172,liabilities,liabs = await db.liabilities.find(
backend/server.py,1188,account_transactions,txs = await db.account_transactions.find(
backend/server.py,1450,liabilities,"liabs = await db.liabilities.find(liab_query, {""_id"": 0}) \"
backend/server.py,1785,daily_costs,"items = await db.daily_costs.find({""user_id"": user[""id""]}, {""_id"": 0}).sort(""date"", -1).to_list(1000)"
backend/server.py,1871,analyses,items = await db.analyses.find(
backend/server.py,2599,analyses,recent = await db.analyses.find(
backend/server.py,3087,ad_account_ledger,rows = await db.ad_account_ledger.find(
backend/server.py,3642,counterparties,accts = await db.counterparties.find(
backend/server.py,4750,cron_runs,await db.cron_runs.insert_one({
backend/server.py,1458,account_transactions,txs = await db.account_transactions.find(
backend/server.py,2088,unified_orders,await db.unified_orders.update_one(
backend/server.py,4834,cron_runs,await db.cron_runs.insert_one({
backend/server.py,4872,cron_runs,await db.cron_runs.insert_one({
backend/server.py,4906,cron_runs,await db.cron_runs.insert_one({
backend/settlement_cycle.py,119,settlement_cycle_settings,async for doc in db.settlement_cycle_settings.find(
backend/settlement_cycle.py,246,accounts,async for a in db.accounts.find(
backend/settlement_cycle.py,256,accounts,async for b in db.accounts.find(
backend/settlement_cycle.py,183,settlement_cycle_settings,r = await db.settlement_cycle_settings.delete_many(
backend/settlement_cycle.py,264,account_transactions,async for tx in db.account_transactions.find(
backend/settlement_cycle.py,178,settlement_cycle_settings,"await db.settlement_cycle_settings.bulk_write(ops, ordered=False)"
backend/settlement_cycle.py,200,unified_orders,cursor = db.unified_orders.find(
backend/settlement_cycle.py,408,unified_orders,async for o in db.unified_orders.find(
backend/settlement_engine_generation.py,189,settlement_entries,async for r in db.settlement_entries.aggregate([
backend/settlement_engine_generation.py,95,accounts,acc = await db.accounts.find_one(
backend/settlement_engine_generation.py,495,settlement_invoices,inv = await db.settlement_invoices.find_one(
backend/settlement_engine_generation.py,506,settlement_invoices,await db.settlement_invoices.update_one(
backend/settlement_engine_generation.py,88,settings,s = await db.settings.find_one(
backend/settlement_engine_generation.py,319,settlement_periods,existing_period = await db.settlement_periods.find_one(
backend/settlement_engine_generation.py,373,settlement_invoices,existing_inv = await db.settlement_invoices.find_one(
backend/settlement_engine_generation.py,434,expected_transfers,existing_xfer = await db.expected_transfers.find_one(
backend/settlement_engine_generation.py,517,expected_transfers,await db.expected_transfers.update_one(
backend/settlement_engine_generation.py,369,settlement_periods,await db.settlement_periods.insert_one(period_doc)
backend/settlement_engine_generation.py,421,settlement_invoices,await db.settlement_invoices.insert_one(invoice_doc)
backend/settlement_engine_generation.py,422,settlement_periods,await db.settlement_periods.update_one(
backend/settlement_engine_generation.py,463,expected_transfers,await db.expected_transfers.insert_one(xfer_doc)
backend/settlement_engine_generation.py,464,settlement_invoices,await db.settlement_invoices.update_one(
backend/settlement_engine_routes.py,396,bank_transfer_reviews,async for row in db.bank_transfer_reviews.aggregate([
backend/settlement_engine_routes.py,679,unified_orders,cursor = db.unified_orders.find(
backend/settlement_engine_routes.py,761,settlement_entries,cursor = db.settlement_entries.aggregate([
backend/settlement_engine_routes.py,1012,settlement_invoices,async for r in db.settlement_invoices.aggregate([
backend/settlement_engine_routes.py,1194,general_ledger,async for e in db.general_ledger.find(
backend/settlement_engine_routes.py,212,accounts,acc = await db.accounts.find_one(
backend/settlement_engine_routes.py,252,settings,await db.settings.update_one(
backend/settlement_engine_routes.py,600,unified_orders,cursor = db.unified_orders.find(
backend/settlement_engine_routes.py,890,settlement_periods,total = await db.settlement_periods.count_documents(q)
backend/settlement_engine_routes.py,924,settlement_invoices,total = await db.settlement_invoices.count_documents(q)
backend/settlement_engine_routes.py,940,settlement_invoices,inv = await db.settlement_invoices.find_one(
backend/settlement_engine_routes.py,944,settlement_periods,period = await db.settlement_periods.find_one(
backend/settlement_engine_routes.py,1003,DYNAMIC:coll,async for r in db[coll].aggregate([
backend/settlement_engine_routes.py,1127,general_ledger,raw_gl_count = await db.general_ledger.count_documents(prov_q)
backend/settlement_engine_routes.py,205,settings,s = await db.settings.find_one(
backend/settlement_engine_routes.py,221,settings,s = await db.settings.find_one(
backend/settlement_engine_routes.py,309,bank_transfer_reviews,await db.bank_transfer_reviews.count_documents(
backend/settlement_engine_routes.py,313,bank_transfer_reviews,await db.bank_transfer_reviews.count_documents(
backend/settlement_engine_routes.py,318,bank_transfer_reviews,await db.bank_transfer_reviews.count_documents(
backend/settlement_engine_routes.py,341,general_ledger,gl_legs = await db.general_ledger.count_documents({
backend/settlement_engine_routes.py,950,expected_transfers,xfer = await db.expected_transfers.find_one(
backend/settlement_engine_routes.py,1182,provider_invoice_calendar,async for c in db.provider_invoice_calendar.find(
backend/settlement_engine_routes.py,1354,general_ledger,async for e in db.general_ledger.find(
backend/settlement_engine_routes.py,1427,provider_invoice_calendar,async for c in db.provider_invoice_calendar.find(
backend/settlement_engine_routes.py,275,unified_orders,order_stats = await db.unified_orders.aggregate([
backend/settlement_engine_routes.py,291,settlement_entries,sett_stats = await db.settlement_entries.aggregate([
backend/settlement_engine_routes.py,989,expected_transfers,"async for d in (db.expected_transfers.find(q, {""_id"": 0})"
backend/settlement_engine_routes.py,1130,general_ledger,async for e in db.general_ledger.find(
backend/settlement_engine_routes.py,892,settlement_periods,"async for d in (db.settlement_periods.find(q, {""_id"": 0})"
backend/settlement_engine_routes.py,926,settlement_invoices,"async for d in (db.settlement_invoices.find(q, {""_id"": 0})"
backend/settlement_file_forensic_routes.py,259,unified_orders,async for r in db.unified_orders.aggregate([
backend/settlement_file_forensic_routes.py,73,settlement_files,"sf = await db.settlement_files.find_one(query, {""_id"": 0})"
backend/settlement_file_forensic_routes.py,251,unified_orders,unified_updates = await db.unified_orders.count_documents(
backend/settlement_file_forensic_routes.py,275,accounts,salla_acc = await db.accounts.find_one(
backend/settlement_file_forensic_routes.py,94,settlement_entries,async for e in db.settlement_entries.find(
backend/settlement_file_forensic_routes.py,193,account_transactions,async for tx in db.account_transactions.find(
backend/settlement_file_forensic_routes.py,223,general_ledger,async for r in db.general_ledger.find(
backend/settlements_import/routes.py,157,settlement_entries,async for r in db.settlement_entries.aggregate(entries_pipeline):
backend/settlements_import/routes.py,113,settlement_files,res = await db.settlement_files.update_one(
backend/settlements_import/routes.py,215,settlement_entries,cur = db.settlement_entries.aggregate([
backend/settlements_import/routes.py,57,settlement_files,await db.settlement_files.update_one(
backend/settlements_import/routes.py,316,settlement_files,files = await db.settlement_files.find(
backend/settlements_import/routes.py,134,settlement_files,files = await db.settlement_files.find(
backend/settlements_import/routes.py,203,settlement_files,files = await db.settlement_files.find(
backend/settlements_import/service.py,239,unified_orders,existing_cursor = db.unified_orders.find(
backend/settlements_import/service.py,62,settlement_files,"existing = await db.settlement_files.find_one({""user_id"": user_id, ""file_hash"": file_hash})"
backend/settlements_import/service.py,123,settlement_files,await db.settlement_files.insert_one(audit_doc)
backend/settlements_import/service.py,178,payment_transactions,cursor = db.payment_transactions.find(
backend/settlements_import/service.py,405,settlement_files,doc = await db.settlement_files.find_one(
backend/settlements_import/service.py,420,settlement_files,"doc = await db.settlement_files.find_one({""user_id"": user_id, ""id"": file_id})"
backend/settlements_import/service.py,425,unified_orders,rollback = await db.unified_orders.update_many(
backend/settlements_import/service.py,447,settlement_entries,"await db.settlement_entries.delete_many({""user_id"": user_id, ""file_id"": file_id})"
backend/settlements_import/service.py,448,settlement_files,"await db.settlement_files.delete_one({""user_id"": user_id, ""id"": file_id})"
backend/settlements_import/service.py,526,settlement_files,await db.settlement_files.create_index(
backend/settlements_import/service.py,529,settlement_files,"await db.settlement_files.create_index([(""user_id"", 1), (""uploaded_at"", -1)])"
backend/settlements_import/service.py,530,settlement_entries,"await db.settlement_entries.create_index([(""user_id"", 1), (""file_id"", 1)])"
backend/settlements_import/service.py,531,settlement_entries,"await db.settlement_entries.create_index([(""user_id"", 1), (""order_number"", 1)])"
backend/settlements_import/service.py,532,unified_orders,"await db.unified_orders.create_index([(""user_id"", 1), (""payment_fee_status"", 1)])"
backend/settlements_import/service.py,138,settlement_entries,await db.settlement_entries.insert_many(entry_docs)
backend/settlements_import/service.py,484,unified_orders,res = [r async for r in db.unified_orders.aggregate(pipeline)]
backend/settlements_import/service.py,252,unified_orders,await db.unified_orders.update_one(
backend/settlements_import/service.py,392,settlement_files,cursor = db.settlement_files.find(
backend/settlements_routes.py,216,payment_adjustments,res = await db.payment_adjustments.update_many(
backend/settlements_routes.py,321,unified_orders,await db.unified_orders.update_one(
backend/settlements_routes.py,192,payment_adjustments,await db.payment_adjustments.create_index(
backend/settlements_routes.py,281,payment_adjustments,await db.payment_adjustments.insert_one(doc)
backend/settlements_routes.py,284,payment_adjustments,return await db.payment_adjustments.find_one(
backend/settlements_routes.py,451,payment_adjustments,await db.payment_adjustments.insert_one(doc)
backend/settlements_routes.py,458,payment_adjustments,existing = await db.payment_adjustments.find_one(
backend/settlements_routes.py,478,payment_adjustments,await db.payment_adjustments.update_one(
backend/settlements_routes.py,481,payment_adjustments,doc = await db.payment_adjustments.find_one(
backend/settlements_routes.py,488,payment_adjustments,res = await db.payment_adjustments.delete_one(
backend/settlements_routes.py,344,payment_adjustments,"docs = await db.payment_adjustments.find(match, {""_id"": 0}).to_list(50000)"
backend/settlements_routes.py,404,payment_adjustments,docs = await db.payment_adjustments.find(
backend/shipping_accounts.py,100,current,"current_db = db.current() if isinstance(db, AccountingDatabase) else db"
backend/shipping_accounts.py,297,unified_orders,async for o in db.unified_orders.find(
backend/shipping_accounts.py,352,shipping_payments,async for doc in db.shipping_payments.aggregate(pipeline):
backend/shipping_accounts.py,84,accounts,await db.accounts.update_one(
backend/shipping_accounts.py,116,account_transactions,existing = await db.account_transactions.find_one({
backend/shipping_accounts.py,143,account_transactions,await db.account_transactions.insert_one({
backend/shipping_accounts.py,208,account_transactions,await db.account_transactions.delete_one(
backend/shipping_accounts.py,690,unified_orders,async for o in db.unified_orders.find(
backend/shipping_accounts.py,745,courier_transfers,async for t in db.courier_transfers.find(
backend/shipping_accounts.py,64,accounts,acc = await db.accounts.find_one(
backend/shipping_accounts.py,195,general_ledger,if links and await db.general_ledger.find_one({
backend/shipping_accounts.py,535,shipping_payments,existing = await db.shipping_payments.find_one(
backend/shipping_accounts.py,551,shipping_payments,await db.shipping_payments.delete_one(
backend/shipping_accounts.py,574,DYNAMIC:coll,async for doc in db[coll].find(
backend/shipping_accounts.py,965,courier_transfers,await db.courier_transfers.insert_one(doc)
backend/shipping_accounts.py,983,courier_transfers,t = await db.courier_transfers.find_one(
backend/shipping_accounts.py,993,courier_transfers,"await db.courier_transfers.delete_one({""id"": transfer_id, ""user_id"": uid})"
backend/shipping_accounts.py,79,account_transactions,await db.account_transactions.update_one(
backend/shipping_accounts.py,865,accounts,acc = await db.accounts.find_one(
backend/shipping_accounts.py,934,account_transactions,await db.account_transactions.insert_one({
backend/shipping_accounts.py,989,account_transactions,await db.account_transactions.delete_one(
backend/shipping_accounts.py,69,account_transactions,docs = await db.account_transactions.find(
backend/shipping_accounts.py,128,general_ledger,legs = await db.general_ledger.find({
backend/shipping_accounts.py,448,shipping_payments,items = await db.shipping_payments.find(
backend/shipping_accounts.py,841,courier_transfers,"items = await db.courier_transfers.find(q, {""_id"": 0}).sort("
backend/shipping_cost_ssot.py,115,settings,s = await db.settings.find_one(
backend/shipping_ledger_routes.py,35,settings,"s = await db.settings.find_one({""user_id"": uid},"
backend/shipping_ledger_routes.py,49,settings,"s = await db.settings.find_one({""user_id"": uid},"
backend/shipping_ledger_routes.py,68,settings,"s = await db.settings.find_one({""user_id"": uid},"
backend/shipping_ledger_routes.py,147,unified_orders,"async for o in db.unified_orders.find(q, {"
backend/shipping_migrations.py,35,unified_orders,cursor = db.unified_orders.find(
backend/shipping_migrations.py,55,user_settings,settings_cursor = db.user_settings.find(
backend/shipping_migrations.py,44,unified_orders,await db.unified_orders.update_one(
backend/shipping_migrations.py,87,user_settings,await db.user_settings.update_one(
backend/sold_products_report_v2.py,138,DYNAMIC:PRODUCTS,"products = await db[PRODUCTS].find({""user_id"": user_id}, CATALOG_FIELDS).to_list(length=100000)"
backend/sold_products_report_v2.py,140,DYNAMIC:COST_PROFILES,profiles = await db[COST_PROFILES].find(
backend/startup_guard.py,87,backend_startup_leases_v1,collection = db[COLLECTION]
backend/startup_guard.py,132,backend_startup_leases_v1,result = await db[COLLECTION].update_one(
backend/startup_guard.py,151,backend_startup_leases_v1,result = await db[COLLECTION].update_one(
backend/stock_component_consumption_service.py,281,mezan_product_resource_bindings_v2,"base = await _rows(db[PRODUCT_BINDINGS], {""user_id"": owner, ""salla_product_id"": product_id})"
backend/stock_component_consumption_service.py,282,mezan_product_option_cost_bindings_v2,"options = await _rows(db[OPTION_BINDINGS], {""user_id"": owner, ""salla_product_id"": product_id, ""mode"": ""resource""})"
backend/stock_component_consumption_service.py,313,warehouse_locations,"locations = await _rows(db[LOCATIONS], query)"
backend/stock_component_consumption_service.py,315,mezan_component_consumption_units_v1,"for unit in await _rows(db[UNITS], {""user_id"": owner, ""state"": ""reserved""}):"
backend/stock_component_consumption_service.py,391,mezan_component_consumption_units_v1,"rows = await _rows(db[UNITS], {""user_id"": owner, ""plan_id"": plan[""_id""]})"
backend/stock_component_consumption_service.py,470,mezan_component_consumption_units_v1,"rows = await _rows(db[UNITS], {""user_id"": owner, ""plan_id"": plan_id})"
backend/stock_component_consumption_service.py,273,mezan_products_v2,"product = await db[PRODUCTS].find_one({""user_id"": owner, ""$or"": ["
backend/stock_component_consumption_service.py,590,mezan_component_consumption_plans_v1,"await db[PLANS].create_index([(""user_id"", 1), (""order_id"", 1)], unique=True, name=""uq_component_order_plan"")"
backend/stock_component_consumption_service.py,591,mezan_component_consumption_units_v1,"await db[UNITS].create_index([(""user_id"", 1), (""plan_id"", 1), (""order_line_id"", 1), (""unit_index"", 1)],"
backend/stock_component_consumption_service.py,593,mezan_component_consumption_units_v1,"await db[UNITS].create_index([(""user_id"", 1), (""state"", 1)], name=""ix_component_active_reservations"")"
backend/stock_component_consumption_service.py,138,settings,"settings = await db[""settings""].find_one({""user_id"": owner}) or {}"
backend/stock_component_consumption_service.py,288,mezan_cost_resources_v2,"resource = await db[RESOURCES].find_one({""user_id"": owner, ""id"": resource_id})"
backend/stock_component_consumption_service.py,342,mezan_inventory_receipts_v2,"receipt = await db[RECEIPTS].find_one({""user_id"": owner, ""id"": entry[""receipt_id""], ""status"": ""posted""})"
backend/stock_component_consumption_service.py,489,warehouse_locations,"location = await db[LOCATIONS].find_one({""user_id"": owner, ""id"": location_id, ""state"": {""$ne"": ""disabled""}})"
backend/stock_component_consumption_service.py,519,warehouse_locations,"result = await db[LOCATIONS].update_one({""user_id"": owner, ""id"": location_id, ""occupancy"": before},"
backend/stock_component_consumption_service.py,367,mezan_component_consumption_units_v1,"source = await db[UNITS].find_one({""_id"": source_unit_id, ""user_id"": owner, ""state"": ""consumed""})"
backend/stock_component_consumption_service.py,375,mezan_component_prebuilt_claims_v1,"if await db[CLAIMS].find_one({""_id"": source_unit_id}):"
backend/stock_component_consumption_service.py,378,mezan_component_prebuilt_claims_v1,"await db[CLAIMS].insert_one({""_id"": source_unit_id, ""user_id"": owner, ""plan_id"": plan_id,"
backend/store_delivery_accounting.py,296,current,"current_db = db.current() if isinstance(db, AccountingDatabase) else db"
backend/store_delivery_accounting.py,63,settings,settings = await db.settings.find_one(
backend/store_delivery_accounting.py,246,general_ledger,row = await db.general_ledger.find_one(
backend/store_delivery_accounting.py,268,settings,settings = await db.settings.find_one(
backend/store_delivery_accounting.py,260,mz2_salla_order_evidence,rows = await db.mz2_salla_order_evidence.find(
backend/store_delivery_customer_instruction_routes.py,100,store_delivery_instructions,"await db[STORE_DELIVERY_INSTRUCTIONS].create_index([(""user_id"", 1), (""id"", 1)], unique=True)"
backend/store_delivery_customer_instruction_routes.py,101,store_delivery_instructions,"await db[STORE_DELIVERY_INSTRUCTIONS].create_index([(""user_id"", 1), (""order_id"", 1), (""status"", 1)])"
backend/store_delivery_customer_instruction_routes.py,102,store_delivery_instructions,"await db[STORE_DELIVERY_INSTRUCTIONS].create_index([(""user_id"", 1), (""driver_id"", 1), (""delivery_date"", 1)])"
backend/store_delivery_customer_instruction_routes.py,103,store_delivery_instruction_events,"await db[STORE_DELIVERY_INSTRUCTION_EVENTS].create_index([(""user_id"", 1), (""instruction_id"", 1), (""occurred_at"", -1)])"
backend/store_delivery_customer_instruction_routes.py,107,store_delivery_instruction_events,await db[STORE_DELIVERY_INSTRUCTION_EVENTS].insert_one({
backend/store_delivery_customer_instruction_routes.py,120,store_delivery_assignments,assignment = await db.store_delivery_assignments.find_one(
backend/store_delivery_customer_instruction_routes.py,141,store_delivery_instructions,await db[STORE_DELIVERY_INSTRUCTIONS].insert_one(doc)
backend/store_delivery_customer_instruction_routes.py,150,store_delivery_instructions,"current = await db[STORE_DELIVERY_INSTRUCTIONS].find_one({""user_id"": user_id, ""id"": instruction_id, ""status"": ""active""}, {""_id"": 0})"
backend/store_delivery_customer_instruction_routes.py,170,store_delivery_instructions,result = await db[STORE_DELIVERY_INSTRUCTIONS].find_one_and_update(
backend/store_delivery_customer_instruction_routes.py,190,store_drivers,driver = await db.store_drivers.find_one(
backend/store_delivery_customer_instruction_routes.py,203,store_drivers,driver = await db.store_drivers.find_one(
backend/store_delivery_customer_instruction_routes.py,208,store_delivery_instructions,result = await db[STORE_DELIVERY_INSTRUCTIONS].find_one_and_update(
backend/store_delivery_customer_instruction_routes.py,182,store_delivery_instructions,items = await db[STORE_DELIVERY_INSTRUCTIONS].find(
backend/store_delivery_customer_instruction_routes.py,196,store_delivery_instructions,"items = await db[STORE_DELIVERY_INSTRUCTIONS].find(query, {""_id"": 0, ""user_id"": 0}).sort("
backend/store_delivery_driver_app_routes.py,63,DYNAMIC:STORE_DRIVERS,row = await db[STORE_DRIVERS].find_one(
backend/store_delivery_driver_app_routes.py,103,store_delivery_driver_earnings,"await db[DRIVER_EARNINGS].create_index([(""user_id"", 1), (""assignment_id"", 1)], unique=True)"
backend/store_delivery_driver_app_routes.py,104,store_delivery_collections,"await db[DRIVER_COLLECTIONS].create_index([(""user_id"", 1), (""assignment_id"", 1)], unique=True)"
backend/store_delivery_driver_app_routes.py,105,store_delivery_payment_reviews,"await db[DRIVER_PAYMENT_REVIEWS].create_index([(""user_id"", 1), (""assignment_id"", 1)], unique=True)"
backend/store_delivery_driver_app_routes.py,216,DYNAMIC:ASSIGNMENTS,assignment = await db[ASSIGNMENTS].find_one(
backend/store_delivery_driver_app_routes.py,417,store_delivery_driver_earnings,await db[DRIVER_EARNINGS].update_one(
backend/store_delivery_driver_app_routes.py,421,store_delivery_collections,await db[DRIVER_COLLECTIONS].update_one(
backend/store_delivery_driver_app_routes.py,426,DYNAMIC:ASSIGNMENTS,result = await db[ASSIGNMENTS].find_one_and_update(
backend/store_delivery_driver_app_routes.py,459,DYNAMIC:ORDERS,await db[ORDERS].update_one(
backend/store_delivery_driver_app_routes.py,479,DYNAMIC:WORKFLOWS,await db[WORKFLOWS].update_one(
backend/store_delivery_driver_app_routes.py,493,DYNAMIC:EVENTS,await db[EVENTS].insert_one({
backend/store_delivery_driver_app_routes.py,113,DYNAMIC:ORDERS,orders = await db[ORDERS].find(
backend/store_delivery_driver_app_routes.py,240,DYNAMIC:ASSIGNMENTS,result = await db[ASSIGNMENTS].find_one_and_update(
backend/store_delivery_driver_app_routes.py,248,DYNAMIC:ORDERS,await db[ORDERS].update_one(
backend/store_delivery_driver_app_routes.py,258,DYNAMIC:WORKFLOWS,await db[WORKFLOWS].update_one(
backend/store_delivery_driver_app_routes.py,298,accounts,bank = await db.accounts.find_one(
backend/store_delivery_driver_app_routes.py,354,store_delivery_driver_earnings,await db[DRIVER_EARNINGS].insert_one(earning_row)
backend/store_delivery_driver_app_routes.py,355,store_delivery_collections,await db[DRIVER_COLLECTIONS].insert_one(collection_row)
backend/store_delivery_driver_app_routes.py,441,store_delivery_driver_earnings,"await db[DRIVER_EARNINGS].delete_one({""user_id"": merchant_id, ""assignment_id"": assignment[""id""]})"
backend/store_delivery_driver_app_routes.py,442,store_delivery_collections,"await db[DRIVER_COLLECTIONS].delete_one({""user_id"": merchant_id, ""assignment_id"": assignment[""id""]})"
backend/store_delivery_driver_app_routes.py,443,store_delivery_payment_reviews,"await db[DRIVER_PAYMENT_REVIEWS].delete_one({""user_id"": merchant_id, ""assignment_id"": assignment[""id""]})"
backend/store_delivery_driver_app_routes.py,447,DYNAMIC:RECEIPTS,await db[RECEIPTS].update_one(
backend/store_delivery_driver_app_routes.py,357,store_delivery_payment_reviews,await db[DRIVER_PAYMENT_REVIEWS].insert_one({
backend/store_delivery_driver_app_routes.py,376,store_delivery_driver_earnings,"await db[DRIVER_EARNINGS].delete_one({""user_id"": merchant_id, ""assignment_id"": assignment[""id""]})"
backend/store_delivery_driver_app_routes.py,377,store_delivery_collections,"await db[DRIVER_COLLECTIONS].delete_one({""user_id"": merchant_id, ""assignment_id"": assignment[""id""]})"
backend/store_delivery_driver_app_routes.py,378,store_delivery_payment_reviews,"await db[DRIVER_PAYMENT_REVIEWS].delete_one({""user_id"": merchant_id, ""assignment_id"": assignment[""id""]})"
backend/store_delivery_driver_app_routes.py,518,DYNAMIC:ASSIGNMENTS,assignments = await db[ASSIGNMENTS].find(
backend/store_delivery_driver_app_routes.py,522,store_delivery_driver_earnings,earnings = await db[DRIVER_EARNINGS].find(
backend/store_delivery_driver_app_routes.py,526,store_delivery_collections,collections = await db[DRIVER_COLLECTIONS].find(
backend/store_delivery_driver_app_routes.py,530,store_delivery_driver_settlements,settlements = await db[DRIVER_SETTLEMENTS].find(
backend/store_delivery_driver_app_routes.py,398,store_delivery_driver_earnings,"await db[DRIVER_EARNINGS].delete_one({""user_id"": merchant_id, ""assignment_id"": assignment[""id""]})"
backend/store_delivery_driver_app_routes.py,399,store_delivery_collections,"await db[DRIVER_COLLECTIONS].delete_one({""user_id"": merchant_id, ""assignment_id"": assignment[""id""]})"
backend/store_delivery_driver_app_routes.py,400,store_delivery_payment_reviews,"await db[DRIVER_PAYMENT_REVIEWS].delete_one({""user_id"": merchant_id, ""assignment_id"": assignment[""id""]})"
backend/store_delivery_driver_app_routes.py,185,accounts,items = await db.accounts.find(
backend/store_delivery_driver_app_routes.py,203,DYNAMIC:ASSIGNMENTS,items = await db[ASSIGNMENTS].find(
backend/store_delivery_driver_routes.py,166,store_drivers,"await db[STORE_DRIVERS].create_index([(""user_id"", 1), (""id"", 1)], unique=True)"
backend/store_delivery_driver_routes.py,167,store_drivers,"await db[STORE_DRIVERS].create_index([(""user_id"", 1), (""phone"", 1)], unique=True)"
backend/store_delivery_driver_routes.py,168,store_drivers,"await db[STORE_DRIVERS].create_index([(""user_id"", 1), (""city_key"", 1), (""status"", 1)])"
backend/store_delivery_driver_routes.py,169,store_drivers,await db[STORE_DRIVERS].create_index(
backend/store_delivery_driver_routes.py,173,store_driver_events,"await db[STORE_DRIVER_EVENTS].create_index([(""user_id"", 1), (""driver_id"", 1), (""occurred_at"", -1)])"
backend/store_delivery_driver_routes.py,177,store_driver_events,await db[STORE_DRIVER_EVENTS].insert_one({
backend/store_delivery_driver_routes.py,220,store_drivers,"row = await db[STORE_DRIVERS].find_one({""user_id"": user_id, ""id"": driver_id}, {""_id"": 0})"
backend/store_delivery_driver_routes.py,351,users,"if await db.users.find_one({""email"": email}, {""_id"": 1}):"
backend/store_delivery_driver_routes.py,362,users,await db.users.insert_one(account)
backend/store_delivery_driver_routes.py,363,store_drivers,linked = await db[STORE_DRIVERS].update_one(
backend/store_delivery_driver_routes.py,383,users,result = await db.users.update_one(
backend/store_delivery_driver_routes.py,398,users,await db.users.update_one(
backend/store_delivery_driver_routes.py,402,store_drivers,await db[STORE_DRIVERS].update_one(
backend/store_delivery_driver_routes.py,238,users,"if await db.users.find_one({""email"": account_email}, {""_id"": 1}):"
backend/store_delivery_driver_routes.py,270,store_drivers,await db[STORE_DRIVERS].insert_one(doc)
backend/store_delivery_driver_routes.py,326,store_drivers,result = await db[STORE_DRIVERS].find_one_and_update(
backend/store_delivery_driver_routes.py,334,users,await db.users.update_one(
backend/store_delivery_driver_routes.py,370,users,"await db.users.delete_one({""id"": account_id, ""role"": DRIVER_ACCOUNT_ROLE})"
backend/store_delivery_driver_routes.py,266,users,await db.users.insert_one(account)
backend/store_delivery_driver_routes.py,288,store_delivery_assignments,assignment_rows = await db[STORE_DELIVERY_ASSIGNMENTS].find(
backend/store_delivery_driver_routes.py,273,users,"await db.users.delete_one({""id"": account_id, ""role"": DRIVER_ACCOUNT_ROLE})"
backend/store_delivery_driver_routes.py,286,store_drivers,"items = await db[STORE_DRIVERS].find(query, {""_id"": 0, ""user_id"": 0, ""city_key"": 0}).sort("
backend/store_delivery_driver_routes.py,415,store_driver_events,items = await db[STORE_DRIVER_EVENTS].find(
backend/store_delivery_handover_routes.py,168,store_delivery_handover_sessions,"await db[SESSIONS].create_index([(""user_id"", 1), (""id"", 1)], unique=True)"
backend/store_delivery_handover_routes.py,169,store_delivery_handover_sessions,"await db[SESSIONS].create_index([(""user_id"", 1), (""driver_id"", 1), (""status"", 1)])"
backend/store_delivery_handover_routes.py,170,store_delivery_assignments,"await db[ASSIGNMENTS].create_index([(""user_id"", 1), (""id"", 1)], unique=True)"
backend/store_delivery_handover_routes.py,171,store_delivery_assignments,"await db[ASSIGNMENTS].create_index([(""user_id"", 1), (""order_id"", 1), (""active"", 1)])"
backend/store_delivery_handover_routes.py,172,store_delivery_assignments,"await db[ASSIGNMENTS].create_index([(""user_id"", 1), (""driver_id"", 1), (""status"", 1), (""active"", 1)])"
backend/store_delivery_handover_routes.py,173,store_delivery_events,"await db[EVENTS].create_index([(""user_id"", 1), (""occurred_at"", -1)])"
backend/store_delivery_handover_routes.py,184,DYNAMIC:STORE_DRIVERS,"driver = await db[STORE_DRIVERS].find_one({""user_id"": user_id, ""id"": payload.driver_id}, {""_id"": 0})"
backend/store_delivery_handover_routes.py,197,store_delivery_handover_sessions,await db[SESSIONS].insert_one(session)
backend/store_delivery_handover_routes.py,206,store_delivery_handover_sessions,"session = await db[SESSIONS].find_one({""user_id"": user_id, ""id"": session_id}, {""_id"": 0})"
backend/store_delivery_handover_routes.py,211,DYNAMIC:STORE_DRIVERS,"driver = await db[STORE_DRIVERS].find_one({""user_id"": user_id, ""id"": session[""driver_id""]}, {""_id"": 0})"
backend/store_delivery_handover_routes.py,213,unified_orders,"order = await db[ORDERS].find_one({""user_id"": user_id, ""$or"": _barcode_candidates(barcode)}, {""_id"": 0})"
backend/store_delivery_handover_routes.py,227,store_delivery_assignments,"active = await db[ASSIGNMENTS].find_one({""user_id"": user_id, ""order_id"": canonical_order_id, ""active"": True}, {""_id"": 1})"
backend/store_delivery_handover_routes.py,231,DYNAMIC:WORKFLOWS,workflow = await db[WORKFLOWS].find_one(
backend/store_delivery_handover_routes.py,252,store_delivery_handover_sessions,"await db[SESSIONS].update_one({""user_id"": user_id, ""id"": session_id}, {""$push"": {""accepted"": accepted}})"
backend/store_delivery_handover_routes.py,259,store_delivery_handover_sessions,"session = await db[SESSIONS].find_one({""user_id"": user_id, ""id"": session_id}, {""_id"": 0})"
backend/store_delivery_handover_routes.py,269,store_delivery_assignments,"existing = await db[ASSIGNMENTS].find_one({""user_id"": user_id, ""order_id"": {""$in"": order_ids}, ""active"": True}, {""_id"": 0, ""order_id"": 1})"
backend/store_delivery_handover_routes.py,273,DYNAMIC:STORE_DRIVERS,driver = await db[STORE_DRIVERS].find_one(
backend/store_delivery_handover_routes.py,454,store_delivery_handover_sessions,session_update = await db[SESSIONS].update_one(
backend/store_delivery_handover_routes.py,474,store_delivery_events,await db[EVENTS].insert_one({
backend/store_delivery_handover_routes.py,137,unified_orders,"await db[ORDERS].update_one(rollback_filter, update)"
backend/store_delivery_handover_routes.py,154,DYNAMIC:WORKFLOWS,"await db[WORKFLOWS].update_one(rollback_filter, update)"
backend/store_delivery_handover_routes.py,216,store_delivery_handover_sessions,"await db[SESSIONS].update_one({""user_id"": user_id, ""id"": session_id}, {""$push"": {""rejected"": rejected}})"
backend/store_delivery_handover_routes.py,222,store_delivery_handover_sessions,"await db[SESSIONS].update_one({""user_id"": user_id, ""id"": session_id}, {""$push"": {""rejected"": rejected}})"
backend/store_delivery_handover_routes.py,459,store_delivery_assignments,"await db[ASSIGNMENTS].delete_many({""user_id"": user_id, ""id"": {""$in"": inserted_ids}})"
backend/store_delivery_handover_routes.py,248,store_delivery_handover_sessions,"await db[SESSIONS].update_one({""user_id"": user_id, ""id"": session_id}, {""$push"": {""rejected"": rejected}})"
backend/store_delivery_handover_routes.py,304,DYNAMIC:WORKFLOWS,workflow = await db[WORKFLOWS].find_one(
backend/store_delivery_handover_routes.py,323,store_delivery_assignments,await db[ASSIGNMENTS].insert_one(row)
backend/store_delivery_handover_routes.py,370,unified_orders,prior = await db[ORDERS].find_one(
backend/store_delivery_handover_routes.py,396,unified_orders,"order_result = await db[ORDERS].update_one(order_filter, {""$set"": order_patch})"
backend/store_delivery_handover_routes.py,418,DYNAMIC:WORKFLOWS,workflow_result = await db[WORKFLOWS].update_one(
backend/store_delivery_handover_routes.py,461,DYNAMIC:STORE_DELIVERY_INSTRUCTIONS,await db[STORE_DELIVERY_INSTRUCTIONS].delete_many({
backend/store_delivery_handover_routes.py,336,DYNAMIC:STORE_DELIVERY_INSTRUCTIONS,instruction_result = await db[STORE_DELIVERY_INSTRUCTIONS].update_one(
backend/store_delivery_handover_routes.py,440,store_delivery_assignments,"await db[ASSIGNMENTS].delete_many({""user_id"": user_id, ""id"": {""$in"": inserted_ids}})"
backend/store_delivery_handover_routes.py,442,DYNAMIC:STORE_DELIVERY_INSTRUCTIONS,await db[STORE_DELIVERY_INSTRUCTIONS].delete_many({
backend/store_delivery_handover_routes.py,325,DYNAMIC:ORDER_TRACKING_INSTRUCTIONS,tracking_rows = await db[ORDER_TRACKING_INSTRUCTIONS].find(
backend/store_delivery_payment_evidence_routes.py,78,DYNAMIC:ORDERS,"order = await db[ORDERS].find_one({""user_id"": user_id, ""$or"": clauses}, {""_id"": 0})"
backend/store_delivery_payment_evidence_routes.py,85,store_delivery_receipts,"await db[RECEIPTS].create_index([(""user_id"", 1), (""token"", 1)], unique=True)"
backend/store_delivery_payment_evidence_routes.py,86,store_delivery_receipts,"await db[RECEIPTS].create_index([(""user_id"", 1), (""assignment_id"", 1), (""created_at"", -1)])"
backend/store_delivery_payment_evidence_routes.py,103,DYNAMIC:STORE_DRIVERS,driver = await db[STORE_DRIVERS].find_one(
backend/store_delivery_payment_evidence_routes.py,121,store_delivery_receipts,row = await db[RECEIPTS].find_one(
backend/store_delivery_payment_evidence_routes.py,147,DYNAMIC:ASSIGNMENTS,assignment = await db[ASSIGNMENTS].find_one(
backend/store_delivery_payment_evidence_routes.py,175,store_delivery_receipts,await db[RECEIPTS].insert_one({
backend/store_delivery_payment_evidence_routes.py,200,store_delivery_receipts,"row = await db[RECEIPTS].find_one({""user_id"": user_id, ""token"": normalize_text(token)})"
backend/store_delivery_settlement_routes.py,68,store_delivery_driver_settlements,"await db[SETTLEMENTS].create_index([(""user_id"", 1), (""id"", 1)], unique=True)"
backend/store_delivery_settlement_routes.py,69,store_delivery_driver_settlements,"await db[SETTLEMENTS].create_index([(""user_id"", 1), (""driver_id"", 1), (""settlement_type"", 1), (""created_at"", -1)])"
backend/store_delivery_settlement_routes.py,73,DYNAMIC:STORE_DRIVERS,"row = await db[STORE_DRIVERS].find_one({""user_id"": user_id, ""id"": driver_id}, {""_id"": 0})"
backend/store_delivery_settlement_routes.py,229,store_delivery_driver_settlements,await db[SETTLEMENTS].insert_one(row)
backend/store_delivery_settlement_routes.py,80,DYNAMIC:DRIVER_EARNINGS,earnings = await db[DRIVER_EARNINGS].find(
backend/store_delivery_settlement_routes.py,83,DYNAMIC:DRIVER_COLLECTIONS,collections = await db[DRIVER_COLLECTIONS].find(
backend/store_delivery_settlement_routes.py,86,store_delivery_driver_settlements,settlements = await db[SETTLEMENTS].find(
backend/store_delivery_settlement_routes.py,191,accounts,account = await db.accounts.find_one(
backend/store_delivery_settlement_routes.py,132,DYNAMIC:STORE_DRIVERS,drivers = await db[STORE_DRIVERS].find(
backend/store_delivery_settlement_routes.py,164,store_delivery_driver_settlements,items = await db[SETTLEMENTS].find(
backend/supplier_dispatch_order_group_guard.py,52,DYNAMIC:_dispatch.PIECES,rows = await db[_dispatch.PIECES].find(
backend/supplier_dispatch_pdf.py,206,DYNAMIC:DISPATCHES,dispatch = await db[DISPATCHES].find_one(
backend/supplier_dispatch_pdf.py,156,DYNAMIC:PIECES,pieces = await db[PIECES].find(
backend/supplier_dispatch_pdf.py,166,DYNAMIC:BATCHES,batches = await db[BATCHES].find(
backend/supplier_dispatch_share_evidence.py,42,mezan_supplier_dispatch_share_evidence_v1,await db[EVIDENCE].create_index(
backend/supplier_dispatch_share_evidence.py,46,mezan_supplier_dispatch_share_evidence_v1,await db[EVIDENCE].create_index(
backend/supplier_dispatch_share_evidence.py,53,DYNAMIC:DISPATCHES,dispatch = await db[DISPATCHES].find_one(
backend/supplier_dispatch_share_evidence.py,109,mezan_supplier_dispatch_share_evidence_v1,await db[EVIDENCE].insert_one({
backend/supplier_dispatch_share_evidence.py,124,DYNAMIC:DISPATCHES,await db[DISPATCHES].update_one(
backend/supplier_dispatch_share_evidence.py,148,DYNAMIC:DISPATCHES,result = await db[DISPATCHES].find_one_and_update(
backend/supplier_dispatch_share_evidence.py,162,DYNAMIC:DISPATCH_EVENTS,await db[DISPATCH_EVENTS].insert_one({
backend/supplier_identity_service.py,7,suppliers,supplier = await db.suppliers.find_one(key)
backend/supplier_identity_service.py,8,counterparties,"counterparty = await db.counterparties.find_one({**key, ""kind"": ""supplier""})"
backend/supplier_invoice_integrity.py,87,mezan_supplier_invoices_v2,"invoice = await db[INVOICES].find_one({""user_id"": user_id, ""id"": invoice_id}, {""_id"": 0}, **kw)"
backend/supplier_invoice_integrity.py,88,mezan_supplier_receiving_sessions_v1,"session = await db[SESSIONS].find_one({""user_id"": user_id, ""id"": session_id}, {""_id"": 0}, **kw)"
backend/supplier_invoice_integrity.py,122,general_ledger,"entries = await db[""general_ledger""].find({""user_id"": user_id, ""$or"": ["
backend/supplier_ledger_detail_routes.py,403,financial_movements,async for m in db.financial_movements.find(
backend/supplier_ledger_detail_routes.py,91,counterparties,cp = await db.counterparties.find_one(
backend/supplier_ledger_detail_routes.py,137,general_ledger,async for r in db.general_ledger.aggregate(agg_open):
backend/supplier_ledger_detail_routes.py,181,general_ledger,async for op in db.general_ledger.find(
backend/supplier_ledger_detail_routes.py,200,financial_movements,async for m in db.financial_movements.find(
backend/supplier_ledger_detail_routes.py,428,general_ledger,async for g in db.general_ledger.find(
backend/supplier_ledger_detail_routes.py,85,mz2_atomic_owners,"control = await db.mz2_atomic_owners.find_one({""_id"": owner}) or {}"
backend/supplier_ledger_detail_routes.py,163,general_ledger,cursor = db.general_ledger.find(
backend/supplier_mobile_routes.py,237,DYNAMIC:MEZAN_SUPPLIERS_V2,supplier = await db[MEZAN_SUPPLIERS_V2].find_one(
backend/supplier_mobile_routes.py,265,DYNAMIC:RESOURCES,async for resource in db[RESOURCES].find(
backend/supplier_mobile_routes.py,287,DYNAMIC:COMPONENT_CATEGORIES,async for category in db[COMPONENT_CATEGORIES].find(
backend/supplier_mobile_routes.py,477,DYNAMIC:MEZAN_SUPPLIERS_V2,await db[MEZAN_SUPPLIERS_V2].update_one(
backend/supplier_mobile_routes.py,509,DYNAMIC:MEZAN_SUPPLIERS_V2,await db[MEZAN_SUPPLIERS_V2].update_one(
backend/supplier_mobile_routes.py,168,DYNAMIC:COMPONENT_CATEGORIES,categories = await db[COMPONENT_CATEGORIES].find(
backend/supplier_mobile_routes.py,421,DYNAMIC:MEZAN_SUPPLIERS_V2,await db[MEZAN_SUPPLIERS_V2].insert_one(dict(row))
backend/supplier_mobile_routes.py,312,DYNAMIC:MEZAN_SUPPLIER_INVOICES_V2,cursor = db[MEZAN_SUPPLIER_INVOICES_V2].find(
backend/supplier_mobile_routes.py,188,DYNAMIC:RESOURCES,service_rows = await db[RESOURCES].find(
backend/supplier_mobile_routes.py,254,DYNAMIC:MEZAN_SUPPLIERS_V2,suppliers = await db[MEZAN_SUPPLIERS_V2].find(
backend/supplier_payment_service.py,57,_db,"verified = await verify_active_opening_v2(db._db if scoped else db,"
backend/supplier_payment_service.py,83,mz2_financial_accounts,"row = await db.mz2_financial_accounts.find_one({""user_id"": owner, ""id"": bank_id})"
backend/supplier_payment_service.py,94,purchase_invoices,"invoice = await db.purchase_invoices.find_one({""user_id"": owner, ""id"": invoice_id})"
backend/supplier_payment_service.py,97,liabilities,"liability = await db.liabilities.find_one({""user_id"": owner, ""id"": invoice.get(""liability_id"")})"
backend/supplier_payment_service.py,137,liabilities,"async for liab in db.liabilities.find({""user_id"": owner, ""schema_version"": SCHEMA,"
backend/supplier_payment_service.py,235,DYNAMIC:name,"async for bank in db[name].find({""user_id"": owner, ""account_type"": {""$in"": [""bank"", ""cash""]}}):"
backend/supplier_payment_service.py,49,mz2_atomic_owners,"control = await db.mz2_atomic_owners.find_one({""_id"": owner}) or {}"
backend/supplier_payment_service.py,54,settings,"settings = await db.settings.find_one({""user_id"": owner}) or {}"
backend/supplier_payment_service.py,58,_session,"user_id=owner, cutover=cutover, mongo_session=db._session if scoped else None)"
backend/supplier_payment_service.py,85,accounts,"row = await db.accounts.find_one({""user_id"": owner, ""id"": bank_id})"
backend/supplier_payment_service.py,126,mz2_supplier_payment_revisions,"revision = await db[REVISIONS].find_one({""_id"": stable_id(""supplier-payments"", owner, supplier_id)}) or {}"
backend/supplier_payment_service.py,153,mz2_atomic_owners,"state = await db.mz2_atomic_owners.find_one({""_id"": owner}) or {}"
backend/supplier_payment_service.py,343,mz2_supplier_payment_operations,"await db[OPERATIONS].update_one({""_id"": key, ""user_id"": owner, ""status"": {""$ne"": ""succeeded""}}, {""$set"": {""status"": ""failed"", ""error_code"": code}})"
backend/supplier_payment_service.py,348,mz2_supplier_payment_operations,"await db[OPERATIONS].update_one({""_id"": key, ""user_id"": owner, ""status"": {""$ne"": ""succeeded""}}, {""$set"": {""status"": ""recovery_required"", ""error_code"": ""supplier_payment_retry_required""}})"
backend/supplier_receiving_routes.py,879,mezan_supplier_invoices_v2,row = await db[SUPPLIER_INVOICES].find_one(
backend/supplier_receiving_routes.py,1170,DYNAMIC:PRODUCTS,product = await db[PRODUCTS].find_one(
backend/supplier_receiving_routes.py,1403,general_ledger,"await db.general_ledger.insert_many(entries, session=mongo_session)"
backend/supplier_receiving_routes.py,1429,accounting_audit_log,await db.accounting_audit_log.insert_many(
backend/supplier_receiving_routes.py,1669,DYNAMIC:PRODUCTS,product = await db[PRODUCTS].find_one(
backend/supplier_receiving_routes.py,1917,DYNAMIC:PRODUCT_RESOURCE_BINDINGS,await db[PRODUCT_RESOURCE_BINDINGS].update_one(
backend/supplier_receiving_routes.py,1955,DYNAMIC:PIECES,piece_result = await db[PIECES].update_many(
backend/supplier_receiving_routes.py,2037,DYNAMIC:AUDIT,"await db[AUDIT].insert_one(audit, session=mongo_session)"
backend/supplier_receiving_routes.py,2055,mezan_supplier_receiving_sessions_v1,await db[SESSIONS].create_index(
backend/supplier_receiving_routes.py,2060,mezan_supplier_receiving_sessions_v1,await db[SESSIONS].create_index(
backend/supplier_receiving_routes.py,2066,mezan_supplier_receiving_sessions_v1,await db[SESSIONS].create_index(
backend/supplier_receiving_routes.py,2070,mezan_supplier_receiving_events_v1,await db[RECEIVING_EVENTS].create_index(
backend/supplier_receiving_routes.py,2078,mezan_supplier_receiving_events_v1,await db[RECEIVING_EVENTS].create_index(
backend/supplier_receiving_routes.py,2088,mezan_supplier_receiving_events_v1,await db[RECEIVING_EVENTS].create_index(
backend/supplier_receiving_routes.py,2094,mezan_supplier_invoices_v2,await db[SUPPLIER_INVOICES].create_index(
backend/supplier_receiving_routes.py,2099,mezan_supplier_invoices_v2,await db[SUPPLIER_INVOICES].create_index(
backend/supplier_receiving_routes.py,2104,mezan_supplier_invoices_v2,await db[SUPPLIER_INVOICES].create_index(
backend/supplier_receiving_routes.py,2108,mezan_supplier_invoices_v2,await db[SUPPLIER_INVOICES].create_index(
backend/supplier_receiving_routes.py,2112,mezan_supplier_invoices_v2,await db[SUPPLIER_INVOICES].create_index(
backend/supplier_receiving_routes.py,2116,mezan_supplier_invoice_share_evidence_v1,await db[SUPPLIER_INVOICE_SHARE_EVIDENCE].create_index(
backend/supplier_receiving_routes.py,2129,mezan_supplier_receiving_sessions_v1,session = await db[SESSIONS].find_one(
backend/supplier_receiving_routes.py,2359,mezan_supplier_receiving_sessions_v1,session = await db[SESSIONS].find_one(
backend/supplier_receiving_routes.py,2465,mezan_supplier_receiving_sessions_v1,session = await db[SESSIONS].find_one(
backend/supplier_receiving_routes.py,2602,mezan_supplier_receiving_events_v1,event = await db[RECEIVING_EVENTS].find_one(
backend/supplier_receiving_routes.py,2692,DYNAMIC:PIECES,piece = await db[PIECES].find_one(
backend/supplier_receiving_routes.py,2695,mezan_supplier_receiving_events_v1,event = await db[RECEIVING_EVENTS].find_one(
backend/supplier_receiving_routes.py,1192,DYNAMIC:COST_PROFILES,profile = await db[COST_PROFILES].find_one(
backend/supplier_receiving_routes.py,1640,DYNAMIC:AUDIT,await db[AUDIT].insert_one(
backend/supplier_receiving_routes.py,1982,DYNAMIC:collection_name,service_result = await db[collection_name].update_many(
backend/supplier_receiving_routes.py,1998,DYNAMIC:collection_name,invoice_result = await db[collection_name].update_many(
backend/supplier_receiving_routes.py,2159,DYNAMIC:PIECES,piece = await db[PIECES].find_one(
backend/supplier_receiving_routes.py,2490,mezan_supplier_receiving_events_v1,cancelled = await db[RECEIVING_EVENTS].find_one(
backend/supplier_receiving_routes.py,2824,DYNAMIC:PIECES,eligible_count = await db[PIECES].count_documents(
backend/supplier_receiving_routes.py,3157,mezan_supplier_invoice_share_evidence_v1,await db[SUPPLIER_INVOICE_SHARE_EVIDENCE].update_one(
backend/supplier_receiving_routes.py,3175,mezan_supplier_invoices_v2,updated = await db[SUPPLIER_INVOICES].find_one_and_update(
backend/supplier_receiving_routes.py,3191,mezan_supplier_receiving_sessions_v1,await db[SESSIONS].update_one(
backend/supplier_receiving_routes.py,3200,mezan_supplier_receiving_events_v1,await db[RECEIVING_EVENTS].insert_one({
backend/supplier_receiving_routes.py,3230,mezan_supplier_invoice_share_evidence_v1,evidence = await db[SUPPLIER_INVOICE_SHARE_EVIDENCE].find_one(
backend/supplier_receiving_routes.py,3260,mezan_supplier_invoice_share_evidence_v1,evidence = await db[SUPPLIER_INVOICE_SHARE_EVIDENCE].find_one(
backend/supplier_receiving_routes.py,3270,mezan_supplier_invoices_v2,updated = await db[SUPPLIER_INVOICES].find_one_and_update(
backend/supplier_receiving_routes.py,3293,mezan_supplier_receiving_sessions_v1,await db[SESSIONS].update_one(
backend/supplier_receiving_routes.py,3303,mezan_supplier_receiving_events_v1,await db[RECEIVING_EVENTS].insert_one({
backend/supplier_receiving_routes.py,3327,mezan_supplier_receiving_sessions_v1,existing_request = await db[SESSIONS].find_one(
backend/supplier_receiving_routes.py,3345,mezan_supplier_receiving_sessions_v1,open_session_row = await db[SESSIONS].find_one(
backend/supplier_receiving_routes.py,3361,DYNAMIC:SUPPLIERS,supplier = await db[SUPPLIERS].find_one(
backend/supplier_receiving_routes.py,3424,mezan_supplier_receiving_events_v1,await db[RECEIVING_EVENTS].insert_one(
backend/supplier_receiving_routes.py,3565,mezan_supplier_receiving_sessions_v1,session = await db[SESSIONS].find_one_and_update(
backend/supplier_receiving_routes.py,4608,mezan_supplier_receiving_sessions_v1,updated = await db[SESSIONS].find_one_and_update(
backend/supplier_receiving_routes.py,4655,mezan_supplier_receiving_events_v1,await db[RECEIVING_EVENTS].update_one(
backend/supplier_receiving_routes.py,1345,general_ledger,user_max = await db.general_ledger.aggregate(
backend/supplier_receiving_routes.py,1811,DYNAMIC:PRODUCT_RESOURCE_BINDINGS,product_links = await db[PRODUCT_RESOURCE_BINDINGS].find(
backend/supplier_receiving_routes.py,1816,DYNAMIC:BINDINGS,option_links = await db[BINDINGS].find(
backend/supplier_receiving_routes.py,3418,mezan_supplier_receiving_sessions_v1,await db[SESSIONS].insert_one(dict(row))
backend/supplier_receiving_routes.py,3599,mezan_supplier_receiving_sessions_v1,latest = await db[SESSIONS].find_one(
backend/supplier_receiving_routes.py,3926,mezan_supplier_receiving_sessions_v1,updated_session = await db[SESSIONS].find_one_and_update(
backend/supplier_receiving_routes.py,4256,mezan_supplier_receiving_sessions_v1,locked = await db[SESSIONS].find_one_and_update(
backend/supplier_receiving_routes.py,4283,DYNAMIC:PIECES,piece = await db[PIECES].find_one(
backend/supplier_receiving_routes.py,4326,DYNAMIC:PIECES,result = await db[PIECES].update_one(
backend/supplier_receiving_routes.py,4407,mezan_supplier_receiving_sessions_v1,updated = await db[SESSIONS].find_one_and_update(
backend/supplier_receiving_routes.py,4492,mezan_supplier_receiving_sessions_v1,session = await db[SESSIONS].find_one_and_update(
backend/supplier_receiving_routes.py,4543,DYNAMIC:PIECES,result = await db[PIECES].update_one(
backend/supplier_receiving_routes.py,4590,mezan_supplier_receiving_events_v1,await db[RECEIVING_EVENTS].update_one(
backend/supplier_receiving_routes.py,4598,DYNAMIC:PIECE_EVENTS,await db[PIECE_EVENTS].update_one(
backend/supplier_receiving_routes.py,4639,mezan_supplier_receiving_sessions_v1,latest = await db[SESSIONS].find_one(
backend/supplier_receiving_routes.py,4708,mezan_supplier_invoices_v2,saved = await db[SUPPLIER_INVOICES].find_one(
backend/supplier_receiving_routes.py,4747,mezan_supplier_receiving_sessions_v1,fresh_session = await db[SESSIONS].find_one(
backend/supplier_receiving_routes.py,4948,mezan_supplier_invoices_v2,await db[SUPPLIER_INVOICES].insert_one(
backend/supplier_receiving_routes.py,5184,mezan_supplier_receiving_sessions_v1,updated = await db[SESSIONS].find_one_and_update(
backend/supplier_receiving_routes.py,5255,mezan_supplier_receiving_events_v1,await db[RECEIVING_EVENTS].insert_one(
backend/supplier_receiving_routes.py,1499,DYNAMIC:PRODUCTS,product = await db[PRODUCTS].find_one(
backend/supplier_receiving_routes.py,1541,DYNAMIC:COST_PROFILES,await db[COST_PROFILES].update_one(
backend/supplier_receiving_routes.py,1553,DYNAMIC:PIECES,impacted_piece_count = await db[PIECES].count_documents(
backend/supplier_receiving_routes.py,2556,DYNAMIC:PIECES,piece_rows = await db[PIECES].find(
backend/supplier_receiving_routes.py,2970,mezan_supplier_receiving_sessions_v1,fresh_session = await db[SESSIONS].find_one(
backend/supplier_receiving_routes.py,3635,mezan_supplier_receiving_events_v1,reserved_event = await db[RECEIVING_EVENTS].find_one(
backend/supplier_receiving_routes.py,3759,mezan_supplier_receiving_sessions_v1,await db[SESSIONS].update_one(
backend/supplier_receiving_routes.py,3816,mezan_supplier_receiving_sessions_v1,experiment_session_result = await db[SESSIONS].update_one(
backend/supplier_receiving_routes.py,3899,DYNAMIC:PIECES,updated_piece = await db[PIECES].find_one_and_update(
backend/supplier_receiving_routes.py,3966,mezan_supplier_receiving_sessions_v1,latest_session = await db[SESSIONS].find_one(
backend/supplier_receiving_routes.py,4091,mezan_supplier_receiving_events_v1,await db[RECEIVING_EVENTS].update_one(
backend/supplier_receiving_routes.py,4096,DYNAMIC:PIECE_EVENTS,await db[PIECE_EVENTS].update_one(
backend/supplier_receiving_routes.py,4144,mezan_supplier_receiving_sessions_v1,await db[SESSIONS].update_one(
backend/supplier_receiving_routes.py,4290,mezan_supplier_receiving_events_v1,cancelled_event = await db[RECEIVING_EVENTS].find_one(
backend/supplier_receiving_routes.py,4356,DYNAMIC:collection,event_update = await db[collection].update_one(
backend/supplier_receiving_routes.py,4517,mezan_supplier_receiving_sessions_v1,latest = await db[SESSIONS].find_one(
backend/supplier_receiving_routes.py,4553,DYNAMIC:PIECES,latest_piece = await db[PIECES].find_one(
backend/supplier_receiving_routes.py,4962,DYNAMIC:PRODUCTS,product = await db[PRODUCTS].find_one(
backend/supplier_receiving_routes.py,4987,DYNAMIC:BINDINGS,option_conflict = await db[BINDINGS].find_one(
backend/supplier_receiving_routes.py,5018,DYNAMIC:PRODUCT_RESOURCE_BINDINGS,await db[PRODUCT_RESOURCE_BINDINGS].update_one(
backend/supplier_receiving_routes.py,5040,DYNAMIC:AUDIT,await db[AUDIT].insert_one(
backend/supplier_receiving_routes.py,5069,DYNAMIC:PIECES,piece = await db[PIECES].find_one(
backend/supplier_receiving_routes.py,5087,DYNAMIC:PIECES,result = await db[PIECES].update_one(
backend/supplier_receiving_routes.py,5128,mezan_supplier_receiving_events_v1,receiving_event_result = await db[RECEIVING_EVENTS].update_one(
backend/supplier_receiving_routes.py,5139,DYNAMIC:PIECE_EVENTS,piece_event_result = await db[PIECE_EVENTS].update_one(
backend/supplier_receiving_routes.py,5307,mezan_supplier_receiving_events_v1,await db[RECEIVING_EVENTS].insert_many(
backend/supplier_receiving_routes.py,1104,DYNAMIC:RESOURCES,rows = await db[RESOURCES].find(
backend/supplier_receiving_routes.py,1522,DYNAMIC:COST_PROFILES,profile = await db[COST_PROFILES].find_one(
backend/supplier_receiving_routes.py,1573,DYNAMIC:RESOURCES,resource = await db[RESOURCES].find_one(
backend/supplier_receiving_routes.py,1596,DYNAMIC:RESOURCES,await db[RESOURCES].update_one(
backend/supplier_receiving_routes.py,3068,DYNAMIC:PRODUCTS,products = await db[PRODUCTS].find(
backend/supplier_receiving_routes.py,4104,DYNAMIC:PIECES,await db[PIECES].update_one(
backend/supplier_receiving_routes.py,4116,mezan_supplier_receiving_events_v1,await db[RECEIVING_EVENTS].delete_many({
backend/supplier_receiving_routes.py,4121,DYNAMIC:PIECE_EVENTS,await db[PIECE_EVENTS].delete_many({
backend/supplier_receiving_routes.py,4301,mezan_supplier_receiving_sessions_v1,await db[SESSIONS].update_one(
backend/supplier_receiving_routes.py,4372,mezan_supplier_receiving_events_v1,remaining = await db[RECEIVING_EVENTS].find(
backend/supplier_receiving_routes.py,4786,DYNAMIC:PIECES,current_pieces = await db[PIECES].find(
backend/supplier_receiving_routes.py,2777,DYNAMIC:SUPPLIERS,await db[SUPPLIERS]
backend/supplier_receiving_routes.py,1606,DYNAMIC:BINDINGS,option_rows = await db[BINDINGS].find(
backend/supplier_receiving_routes.py,1615,DYNAMIC:PRODUCT_RESOURCE_BINDINGS,product_rows = await db[PRODUCT_RESOURCE_BINDINGS].find(
backend/supplier_receiving_routes.py,2184,DYNAMIC:PIECES,await db[PIECES]
backend/supplier_receiving_routes.py,2254,DYNAMIC:PIECES,await db[PIECES]
backend/supplier_receiving_routes.py,2340,mezan_supplier_receiving_events_v1,await db[RECEIVING_EVENTS]
backend/supplier_receiving_routes.py,2470,mezan_supplier_receiving_events_v1,await db[RECEIVING_EVENTS]
backend/supplier_receiving_routes.py,2655,mezan_supplier_receiving_events_v1,await db[RECEIVING_EVENTS]
backend/supplier_receiving_routes.py,2805,DYNAMIC:RESOURCES,await db[RESOURCES].find(
backend/supplier_receiving_routes.py,2758,mezan_supplier_receiving_sessions_v1,await db[SESSIONS]
backend/suppliers_report_routes.py,35,suppliers,async for s in db.suppliers.find(
backend/suppliers_report_routes.py,46,counterparties,async for c in db.counterparties.find(
backend/suppliers_report_routes.py,94,expense_category_tree,async for c in db.expense_category_tree.find(
backend/suppliers_report_routes.py,69,expense_category_tree,cat = await db.expense_category_tree.find_one(
backend/suppliers_report_routes.py,73,expense_category_tree,async for c in db.expense_category_tree.find(
backend/suppliers_report_routes.py,124,general_ledger,last_ledger = await db.general_ledger.find_one(
backend/suppliers_report_routes.py,114,financial_movements,async for mv in db.financial_movements.find(
backend/suppliers_unification_forensic_routes.py,74,general_ledger,async for doc in db.general_ledger.find(
backend/suppliers_unification_forensic_routes.py,87,financial_movements,async for m in db.financial_movements.find(
backend/suppliers_unification_forensic_routes.py,127,general_ledger,async for row in db.general_ledger.aggregate(gl_pipeline):
backend/suppliers_unification_forensic_routes.py,146,financial_movements,async for row in db.financial_movements.aggregate(fm_pipeline):
backend/suppliers_unification_forensic_routes.py,197,general_ledger,async for row in db.general_ledger.aggregate(inv_pipe):
backend/suppliers_unification_forensic_routes.py,221,general_ledger,async for row in db.general_ledger.aggregate(pay_pipe):
backend/suppliers_unification_forensic_routes.py,252,financial_movements,async for row in db.financial_movements.aggregate(cash_pipe):
backend/suppliers_unification_forensic_routes.py,358,general_ledger,async for g in db.general_ledger.find(
backend/suppliers_unification_forensic_routes.py,65,counterparties,return await db.counterparties.find(
backend/suppliers_unification_forensic_routes.py,346,financial_movements,mvs = await db.financial_movements.find(
backend/suppliers_unification_forensic_routes.py,55,suppliers,return await db.suppliers.find(
backend/tamara_apply_routes.py,187,payment_refunds,async for rf in db.payment_refunds.find(
backend/tamara_apply_routes.py,314,payment_refunds,async for rf in db.payment_refunds.find(
backend/tamara_apply_routes.py,230,payment_refunds,async for rf in db.payment_refunds.find(
backend/tamara_apply_routes.py,91,payment_transactions,await db.payment_transactions.find(
backend/tamara_apply_routes.py,498,payment_transactions,res = await db.payment_transactions.update_one(
backend/tamara_apply_routes.py,516,payment_transactions,res = await db.payment_transactions.update_one(
backend/tamara_apply_routes.py,530,payment_refunds,exists = await db.payment_refunds.find_one(
backend/tamara_apply_routes.py,563,payment_refunds,res = await db.payment_refunds.update_one(
backend/tamara_apply_routes.py,537,payment_transactions,cap = await db.payment_transactions.find_one(
backend/tamara_apply_routes.py,558,payment_refunds,await db.payment_refunds.insert_one(doc)
backend/tamara_apply_routes.py,578,payment_transactions,res = await db.payment_transactions.update_one(
backend/tamara_apply_routes.py,114,settlement_entries,async for s in db.settlement_entries.find(
backend/tamara_fix_plan_dryrun_routes.py,511,payment_refunds,async for rf in db.payment_refunds.find(
backend/tamara_fix_plan_dryrun_routes.py,342,payment_refunds,async for rf in db.payment_refunds.find(
backend/tamara_fix_plan_dryrun_routes.py,543,payment_transactions,txn_doc = await db.payment_transactions.find_one(
backend/tamara_fix_plan_dryrun_routes.py,218,payment_transactions,await db.payment_transactions.find(
backend/tamara_fix_plan_dryrun_routes.py,231,payment_transactions,extra = await db.payment_transactions.find(
backend/tamara_fix_plan_dryrun_routes.py,430,settlement_entries,async for s in db.settlement_entries.find(
backend/tamara_forensic_routes.py,97,payment_transactions,async for t in db.payment_transactions.find(
backend/tamara_forensic_routes.py,171,payment_refunds,async for r in db.payment_refunds.find(
backend/tamara_forensic_routes.py,299,settlement_entries,async for e in db.settlement_entries.find(
backend/tamara_forensic_routes.py,185,payment_transactions,orig = await db.payment_transactions.find_one(
backend/tamara_forensic_routes.py,195,payment_transactions,orig = await db.payment_transactions.find_one(
backend/tamara_receivable_diagnostic_routes.py,66,general_ledger,async for r in db.general_ledger.aggregate(pipeline):
backend/tamara_receivable_diagnostic_routes.py,86,general_ledger,async for entry in db.general_ledger.find(
backend/tamara_receivable_diagnostic_routes.py,101,payment_transactions,cap = await db.payment_transactions.find_one(
backend/tamara_refund_audit_routes.py,103,payment_transactions,async for t in db.payment_transactions.find(
backend/tamara_refund_audit_routes.py,206,payment_transactions,txn = await db.payment_transactions.find_one(
backend/tamara_refund_audit_routes.py,117,payment_refunds,existing = await db.payment_refunds.find_one(
backend/tamara_refund_audit_routes.py,214,payment_refunds,refunds_local = await db.payment_refunds.find(
backend/tamara_refund_audit_routes.py,225,settlement_entries,settlement_rows = await db.settlement_entries.find(
backend/tamara_refund_backfill_routes.py,57,payment_refunds,async for rfd in db.payment_refunds.find(
backend/tamara_refund_backfill_routes.py,197,payment_refunds,rfd = await db.payment_refunds.find_one(
backend/tamara_settlement_history_routes.py,84,general_ledger,async for g in db.general_ledger.find(
backend/tamara_settlement_history_routes.py,69,general_ledger,async for e in db.general_ledger.find(
backend/tamara_ssot_diagnostic_routes.py,126,payment_transactions,async for t in db.payment_transactions.find(
backend/transfers_routes.py,416,transfers,"await db.transfers.create_index([(""user_id"", 1), (""transfer_date"", -1)])"
backend/transfers_routes.py,417,transfers,"await db.transfers.create_index(""id"", unique=True)"
backend/transfers_routes.py,418,account_transactions,"await db.account_transactions.create_index(""transfer_id"", sparse=True)"
backend/transfers_routes.py,169,accounts,from_acc = await db.accounts.find_one(
backend/transfers_routes.py,175,accounts,to_acc = await db.accounts.find_one(
backend/transfers_routes.py,296,transfers,await db.transfers.insert_one(transfer_doc)
backend/transfers_routes.py,335,account_transactions,"await db.account_transactions.insert_many([tx_out, tx_in])"
backend/transfers_routes.py,387,transfers,existing = await db.transfers.find_one(
backend/transfers_routes.py,393,account_transactions,await db.account_transactions.delete_many(
backend/transfers_routes.py,406,transfers,"await db.transfers.delete_one({""id"": transfer_id, ""user_id"": uid})"
backend/transfers_routes.py,85,shipping_payments,await db.shipping_payments.insert_one({
backend/transfers_routes.py,103,operating_daily_expenses,await db.operating_daily_expenses.insert_one({
backend/transfers_routes.py,128,accounts,from_doc = await db.accounts.find_one(
backend/transfers_routes.py,131,accounts,to_doc = await db.accounts.find_one(
backend/transfers_routes.py,399,general_ledger,await db.general_ledger.delete_many({
backend/transfers_routes.py,158,transfers,"docs = await db.transfers.find(q, {""_id"": 0}).sort("
backend/unified_marketing/dashboard_shadow.py,117,mezan_unified_marketing_dashboard_shadow_v1,await db[DASHBOARD_UNIFIED_SHADOW_COLLECTION].create_index(
backend/unified_marketing/dashboard_shadow.py,145,mezan_unified_marketing_dashboard_shadow_v1,await db[DASHBOARD_UNIFIED_SHADOW_COLLECTION].update_one(
backend/unified_marketing/dashboard_shadow.py,162,mezan_unified_marketing_dashboard_shadow_v1,row = await db[DASHBOARD_UNIFIED_SHADOW_COLLECTION].find_one(
backend/universal_accounting_routes.py,302,expense_categories,"count = await db.expense_categories.count_documents({""user_id"": user_id})"
backend/universal_accounting_routes.py,312,expense_categories,await db.expense_categories.insert_many(docs)
backend/universal_accounting_routes.py,394,settings,s = await db.settings.find_one(
backend/universal_accounting_routes.py,421,settings,s = await db.settings.find_one(
backend/universal_accounting_routes.py,476,general_ledger,has_any = await db.general_ledger.find_one(
backend/universal_accounting_routes.py,483,accounts,acc = await db.accounts.find_one(
backend/universal_accounting_routes.py,1002,general_ledger,async for row in db.general_ledger.aggregate(pipeline):
backend/universal_accounting_routes.py,1080,general_ledger,async for row in db.general_ledger.aggregate(sub_pipe):
backend/universal_accounting_routes.py,1104,general_ledger,async for row in db.general_ledger.aggregate([
backend/universal_accounting_routes.py,1311,general_ledger,async for row in db.general_ledger.aggregate(pipeline):
backend/universal_accounting_routes.py,1329,operating_salaries,async for e in db.operating_salaries.find(
backend/universal_accounting_routes.py,2837,suppliers,async for s in db.suppliers.find(
backend/universal_accounting_routes.py,3061,general_ledger,async for r in db.general_ledger.aggregate(pipeline):
backend/universal_accounting_routes.py,557,expense_categories,exists = await db.expense_categories.find_one(
backend/universal_accounting_routes.py,572,expense_categories,await db.expense_categories.insert_one(doc)
backend/universal_accounting_routes.py,581,expense_categories,cat = await db.expense_categories.find_one(
backend/universal_accounting_routes.py,594,expense_categories,await db.expense_categories.update_one(
backend/universal_accounting_routes.py,606,expense_categories,cat = await db.expense_categories.find_one(
backend/universal_accounting_routes.py,614,general_ledger,used = await db.general_ledger.find_one(
backend/universal_accounting_routes.py,623,expense_categories,await db.expense_categories.delete_one(
backend/universal_accounting_routes.py,636,operating_salaries,emp = await db.operating_salaries.find_one(
backend/universal_accounting_routes.py,641,accounts,acc = await db.accounts.find_one(
backend/universal_accounting_routes.py,720,operating_salaries,emp = await db.operating_salaries.find_one(
backend/universal_accounting_routes.py,725,accounts,acc = await db.accounts.find_one(
backend/universal_accounting_routes.py,766,operating_salaries,emp = await db.operating_salaries.find_one(
backend/universal_accounting_routes.py,781,accounts,acc = await db.accounts.find_one(
backend/universal_accounting_routes.py,824,operating_salaries,emp = await db.operating_salaries.find_one(
backend/universal_accounting_routes.py,896,operating_salaries,from_emp = await db.operating_salaries.find_one(
backend/universal_accounting_routes.py,902,operating_salaries,to_emp = await db.operating_salaries.find_one(
backend/universal_accounting_routes.py,1338,employees,async for e in db.employees.find(
backend/universal_accounting_routes.py,1445,operating_salaries,emp = await db.operating_salaries.find_one(
backend/universal_accounting_routes.py,1465,migration_cutoffs,cutoff_doc = await db.migration_cutoffs.find_one(
backend/universal_accounting_routes.py,1506,operating_salaries,emp = await db.operating_salaries.find_one(
backend/universal_accounting_routes.py,1512,general_ledger,existing = await db.general_ledger.find_one(
backend/universal_accounting_routes.py,1573,operating_salaries,emp = await db.operating_salaries.find_one(
backend/universal_accounting_routes.py,1578,accounts,acc = await db.accounts.find_one(
backend/universal_accounting_routes.py,1700,counterparties,cp = await db.counterparties.find_one(
backend/universal_accounting_routes.py,1736,counterparties,cp = await db.counterparties.find_one(
backend/universal_accounting_routes.py,1962,counterparties,cp = await db.counterparties.find_one(
backend/universal_accounting_routes.py,1968,accounts,acc = await db.accounts.find_one(
backend/universal_accounting_routes.py,2012,counterparties,cp = await db.counterparties.find_one(
backend/universal_accounting_routes.py,2018,accounts,acc = await db.accounts.find_one(
backend/universal_accounting_routes.py,2183,expense_categories,cat = await db.expense_categories.find_one(
backend/universal_accounting_routes.py,2337,counterparties,cp = await db.counterparties.find_one(
backend/universal_accounting_routes.py,2372,counterparties,cp = await db.counterparties.find_one(
backend/universal_accounting_routes.py,2378,accounts,acc = await db.accounts.find_one(
backend/universal_accounting_routes.py,2416,counterparties,cp = await db.counterparties.find_one(
backend/universal_accounting_routes.py,2422,accounts,acc = await db.accounts.find_one(
backend/universal_accounting_routes.py,2476,counterparties,cp = await db.counterparties.find_one(
backend/universal_accounting_routes.py,2666,operating_salaries,emp = await db.operating_salaries.find_one(
backend/universal_accounting_routes.py,2682,migration_cutoffs,cutoff_doc = await db.migration_cutoffs.find_one(
backend/universal_accounting_routes.py,2729,migration_cutoffs,cutoff_doc = await db.migration_cutoffs.find_one(
backend/universal_accounting_routes.py,2864,financial_movements,mvs_cursor = db.financial_movements.find(
backend/universal_accounting_routes.py,97,general_ledger,agg = await db.general_ledger.aggregate([
backend/universal_accounting_routes.py,588,expense_categories,dup = await db.expense_categories.find_one(
backend/universal_accounting_routes.py,1744,suppliers,s244 = await db.suppliers.find_one(
backend/universal_accounting_routes.py,1813,accounts,acc = await db.accounts.find_one(
backend/universal_accounting_routes.py,2206,accounts,acc = await db.accounts.find_one(
backend/universal_accounting_routes.py,2518,accounts,acc = await db.accounts.find_one(
backend/universal_accounting_routes.py,2888,general_ledger,async for g in db.general_ledger.find(
backend/universal_accounting_routes.py,3026,users,"actor = await db.users.find_one({""id"": user[""id""]}, {""_id"": 0})"
backend/universal_accounting_routes.py,1046,operating_salaries,emp_docs = await db.operating_salaries.find(
backend/universal_accounting_routes.py,1190,general_ledger,async for e in db.general_ledger.find(
backend/universal_accounting_routes.py,1751,counterparties,await db.counterparties.update_one(
backend/universal_accounting_routes.py,1852,operating_salaries,await db.operating_salaries.find_one(
backend/universal_accounting_routes.py,1854,employees,or await db.employees.find_one(
backend/universal_accounting_routes.py,2119,accounts,accs = await db.accounts.find(
backend/universal_accounting_routes.py,2248,operating_salaries,await db.operating_salaries.find_one(
backend/universal_accounting_routes.py,2250,employees,or await db.employees.find_one(
backend/universal_accounting_routes.py,2542,expense_categories,"valid = {c[""code""] async for c in db.expense_categories.find("
backend/universal_accounting_routes.py,2724,operating_salaries,emps = await db.operating_salaries.find(
backend/universal_accounting_routes.py,2740,general_ledger,agg = await db.general_ledger.aggregate([
backend/universal_accounting_routes.py,2831,counterparties,cps = await db.counterparties.find(
backend/universal_accounting_routes.py,2951,counterparties,cps = await db.counterparties.find(
backend/universal_accounting_routes.py,2979,counterparties,cps = await db.counterparties.find(
backend/universal_accounting_routes.py,545,expense_categories,cats = await db.expense_categories.find(
backend/universal_accounting_routes.py,831,expense_categories,await db.expense_categories.find(
backend/universal_accounting_routes.py,1379,accounts,docs = await db.accounts.find(
backend/universal_accounting_routes.py,3079,operating_salaries,"emp_map = {e[""id""]: e.get(""name"") for e in await db.operating_salaries.find("
backend/universal_accounting_routes.py,3082,counterparties,"cp_map = {c[""id""]: c.get(""name"") for c in await db.counterparties.find("
backend/universal_accounting_routes.py,3085,accounts,"bank_map = {a[""id""]: a.get(""name"") for a in await db.accounts.find("
backend/universal_accounting_routes.py,3088,expense_categories,"cat_map = {c[""code""]: c.get(""name"") for c in await db.expense_categories.find("
backend/universal_accounting_routes.py,3148,general_ledger,rows = await db.general_ledger.find(
backend/universal_accounting_routes.py,2651,general_ledger,entries = await db.general_ledger.find(
backend/universal_accounting_routes.py,2656,accounting_audit_log,audit = await db.accounting_audit_log.find(
backend/warehouse_location_routes.py,159,warehouse_locations_warehouses,"await db[WAREHOUSES].create_index([(""user_id"", 1), (""code"", 1)], unique=True)"
backend/warehouse_location_routes.py,160,warehouse_locations_cabinets,"await db[CABINETS].create_index([(""user_id"", 1), (""warehouse_id"", 1), (""code"", 1)], unique=True)"
backend/warehouse_location_routes.py,161,warehouse_locations,"await db[LOCATIONS].create_index([(""user_id"", 1), (""code"", 1)], unique=True)"
backend/warehouse_location_routes.py,162,warehouse_locations,"await db[LOCATIONS].create_index([(""user_id"", 1), (""warehouse_id"", 1), (""state"", 1)])"
backend/warehouse_location_routes.py,163,warehouse_locations,"await db[LOCATIONS].create_index([(""user_id"", 1), (""cabinet_id"", 1), (""number"", 1)], unique=True)"
backend/warehouse_location_routes.py,164,warehouse_location_events,"await db[EVENTS].create_index([(""user_id"", 1), (""occurred_at"", -1)])"
backend/warehouse_location_routes.py,221,warehouse_locations_warehouses,warehouse = await db[WAREHOUSES].find_one(
backend/warehouse_location_routes.py,235,warehouse_locations_warehouses,warehouse = await db[WAREHOUSES].find_one(
backend/warehouse_location_routes.py,258,warehouse_locations_warehouses,warehouse = await db[WAREHOUSES].find_one(
backend/warehouse_location_routes.py,306,warehouse_location_events,await db[EVENTS].insert_one({
backend/warehouse_location_routes.py,360,warehouse_locations,"location = await db[LOCATIONS].find_one({""id"": location_id, ""user_id"": user_id}, {""_id"": 0})"
backend/warehouse_location_routes.py,369,warehouse_locations,await db[LOCATIONS].update_one(
backend/warehouse_location_routes.py,202,warehouse_locations_warehouses,await db[WAREHOUSES].insert_one(doc)
backend/warehouse_location_routes.py,299,warehouse_locations_cabinets,await db[CABINETS].insert_one(cabinet)
backend/warehouse_location_routes.py,300,warehouse_locations,"await db[LOCATIONS].insert_many(locations, ordered=True)"
backend/warehouse_location_routes.py,199,warehouse_locations_warehouses,await db[WAREHOUSES].update_many(
backend/warehouse_location_routes.py,302,warehouse_locations_cabinets,"await db[CABINETS].delete_one({""id"": cabinet_id, ""user_id"": user_id})"
backend/warehouse_location_routes.py,303,warehouse_locations,"await db[LOCATIONS].delete_many({""cabinet_id"": cabinet_id, ""user_id"": user_id})"
backend/warehouse_location_routes.py,346,warehouse_locations,grouped = await db[LOCATIONS].aggregate([
backend/warehouse_location_routes.py,212,warehouse_locations_warehouses,rows = await db[WAREHOUSES].find(
backend/warehouse_location_routes.py,226,warehouse_locations_cabinets,cabinets = await db[CABINETS].find(
backend/warehouse_location_routes.py,321,warehouse_locations_cabinets,items = await db[CABINETS].find(
backend/warehouse_location_routes.py,343,warehouse_locations,"items = await db[LOCATIONS].find(query, {""_id"": 0}).sort("
backend/warehouse_room_routes.py,135,warehouse_location_counters,row = await db[COUNTERS].find_one_and_update(
backend/warehouse_room_routes.py,145,DYNAMIC:WAREHOUSES,branch = await db[WAREHOUSES].find_one(
backend/warehouse_room_routes.py,155,warehouse_rooms,await db[ROOMS].create_index(
backend/warehouse_room_routes.py,160,DYNAMIC:CABINETS,await db[CABINETS].create_index(
backend/warehouse_room_routes.py,200,warehouse_rooms,await db[ROOMS].insert_one(section)
backend/warehouse_room_routes.py,296,warehouse_rooms,raw_section = await db[ROOMS].find_one(
backend/warehouse_room_routes.py,379,DYNAMIC:EVENTS,await db[EVENTS].insert_one({
backend/warehouse_room_routes.py,372,DYNAMIC:CABINETS,await db[CABINETS].insert_one(cabinet)
backend/warehouse_room_routes.py,373,DYNAMIC:LOCATIONS,"await db[LOCATIONS].insert_many(locations, ordered=True)"
backend/warehouse_room_routes.py,375,DYNAMIC:CABINETS,"await db[CABINETS].delete_one({""id"": cabinet_id, ""user_id"": user_id})"
backend/warehouse_room_routes.py,376,DYNAMIC:LOCATIONS,"await db[LOCATIONS].delete_many({""cabinet_id"": cabinet_id, ""user_id"": user_id})"
backend/warehouse_room_routes.py,266,warehouse_rooms,rows = await db[ROOMS].find(
backend/warehouse_room_routes.py,274,DYNAMIC:CABINETS,cabinets = await db[CABINETS].find(
backend/webhook_routes.py,841,unified_orders,async for doc in db.unified_orders.aggregate(pipeline):
backend/webhook_routes.py,845,unified_orders,async for doc in db.unified_orders.aggregate([
backend/webhook_routes.py,913,unified_orders,cur = db.unified_orders.find(
backend/webhook_routes.py,96,webhook_parse_failures,await db.webhook_parse_failures.insert_one({
backend/webhook_routes.py,207,webhook_tokens,"doc = await db.webhook_tokens.find_one({""user_id"": user_id})"
backend/webhook_routes.py,217,webhook_tokens,await db.webhook_tokens.insert_one(new_doc)
backend/webhook_routes.py,269,webhook_tokens,"tok_doc = await db.webhook_tokens.find_one({""token"": token})"
backend/webhook_routes.py,331,webhook_tokens,await db.webhook_tokens.update_one(
backend/webhook_routes.py,433,webhook_tokens,"tok_doc = await db.webhook_tokens.find_one({""token"": token})"
backend/webhook_routes.py,487,webhook_tokens,await db.webhook_tokens.update_one(
backend/webhook_routes.py,505,webhook_tokens,"tok_doc = await db.webhook_tokens.find_one({""token"": token})"
backend/webhook_routes.py,670,webhook_tokens,await db.webhook_tokens.update_one(
backend/webhook_routes.py,689,unified_orders,"total_orders = await db.unified_orders.count_documents({""user_id"": user[""id""]})"
backend/webhook_routes.py,723,webhook_tokens,await db.webhook_tokens.update_one(
backend/webhook_routes.py,739,webhook_tokens,tok_doc = await db.webhook_tokens.find_one(
backend/webhook_routes.py,765,webhook_tokens,"tok_doc = await db.webhook_tokens.find_one({""token"": token})"
backend/webhook_routes.py,782,webhook_tokens,await db.webhook_tokens.update_one(
backend/webhook_routes.py,798,webhook_tokens,"await db.webhook_tokens.delete_many({""user_id"": user[""id""]})"
backend/webhook_routes.py,800,unified_orders,"deleted = await db.unified_orders.delete_many({""user_id"": user[""id""], ""data_source"": ""make""})"
backend/webhook_routes.py,826,unified_orders,total = await db.unified_orders.count_documents(q)
backend/webhook_routes.py,831,webhook_tokens,"tok = await db.webhook_tokens.find_one({""user_id"": user[""id""]}, {""_id"": 0})"
backend/webhook_routes.py,832,unified_orders,"total = await db.unified_orders.count_documents({""user_id"": user[""id""]})"
backend/webhook_routes.py,852,unified_orders,missing_date = await db.unified_orders.count_documents({
backend/webhook_routes.py,864,unified_orders,inferred_date = await db.unified_orders.count_documents({
backend/webhook_routes.py,902,unified_orders,total = await db.unified_orders.count_documents(q)
backend/webhook_routes.py,960,analyses,await db.analyses.insert_one(analysis)
backend/webhook_routes.py,318,tiktok_ads_daily,await db.tiktok_ads_daily.update_one(
backend/webhook_routes.py,477,meta_ads_daily,await db.meta_ads_daily.update_one(
backend/webhook_routes.py,662,unified_orders,await db.unified_orders.update_one(
backend/webhook_routes.py,931,unified_orders,attribution_rows = await db.unified_orders.find(
backend/webhook_routes.py,821,unified_orders,"db.unified_orders.find(q, {""_id"": 0, ""raw_by_source"": 0})"
backend/webhook_routes.py,897,unified_orders,"db.unified_orders.find(q, {""_id"": 0, ""raw_by_source"": 0})"
backend/webhook_routes.py,385,tiktok_ads_daily,items = await db.tiktok_ads_daily.find(
backend/webhook_routes.py,498,meta_ads_daily,items = await db.meta_ads_daily.find(
backend/webhook_routes.py,342,counterparties,tiktok_accounts = await db.counterparties.find(
