trial_folder,trial,topology,kind,concurrency,orders,comparator,conditional_pass,comparator_pass,conditional_timeouts,comparator_timeouts,latency_contains_deadline_censored_requests,interactive_ms_p50_ratio_D_over_comparator,interactive_ms_p50_delta_D_minus_comparator,interactive_ms_p95_ratio_D_over_comparator,interactive_ms_p95_delta_D_minus_comparator,interactive_ms_p99_ratio_D_over_comparator,interactive_ms_p99_delta_D_minus_comparator,sync_ms_p50_ratio_D_over_comparator,sync_ms_p50_delta_D_minus_comparator,sync_ms_p95_ratio_D_over_comparator,sync_ms_p95_delta_D_minus_comparator,sync_ms_p99_ratio_D_over_comparator,sync_ms_p99_delta_D_minus_comparator,mongo_command_ms_p50_ratio_D_over_comparator,mongo_command_ms_p50_delta_D_minus_comparator,mongo_command_ms_p95_ratio_D_over_comparator,mongo_command_ms_p95_delta_D_minus_comparator,mongo_command_ms_p99_ratio_D_over_comparator,mongo_command_ms_p99_delta_D_minus_comparator,eventloop_admission_ms_p50_ratio_D_over_comparator,eventloop_admission_ms_p50_delta_D_minus_comparator,eventloop_admission_ms_p95_ratio_D_over_comparator,eventloop_admission_ms_p95_delta_D_minus_comparator,eventloop_admission_ms_p99_ratio_D_over_comparator,eventloop_admission_ms_p99_delta_D_minus_comparator,interactive_mongo_roundtrips_p50_ratio_D_over_comparator,interactive_mongo_roundtrips_p50_delta_D_minus_comparator,interactive_mongo_roundtrips_p95_ratio_D_over_comparator,interactive_mongo_roundtrips_p95_delta_D_minus_comparator,interactive_mongo_roundtrips_p99_ratio_D_over_comparator,interactive_mongo_roundtrips_p99_delta_D_minus_comparator,sync_mongo_roundtrips_p50_ratio_D_over_comparator,sync_mongo_roundtrips_p50_delta_D_minus_comparator,sync_mongo_roundtrips_p95_ratio_D_over_comparator,sync_mongo_roundtrips_p95_delta_D_minus_comparator,sync_mongo_roundtrips_p99_ratio_D_over_comparator,sync_mongo_roundtrips_p99_delta_D_minus_comparator,transaction_observed_ms_p50_ratio_D_over_comparator,transaction_observed_ms_p50_delta_D_minus_comparator,transaction_observed_ms_p95_ratio_D_over_comparator,transaction_observed_ms_p95_delta_D_minus_comparator,transaction_observed_ms_p99_ratio_D_over_comparator,transaction_observed_ms_p99_delta_D_minus_comparator,interactive_throughput_rps_ratio_D_over_comparator,interactive_throughput_rps_delta_D_minus_comparator,sync_throughput_rps_ratio_D_over_comparator,sync_throughput_rps_delta_D_minus_comparator,successful_transition_throughput_rps_ratio_D_over_comparator,successful_transition_throughput_rps_delta_D_minus_comparator,combined_throughput_rps_ratio_D_over_comparator,combined_throughput_rps_delta_D_minus_comparator,client_cpu_seconds_ratio_D_over_comparator,client_cpu_seconds_delta_D_minus_comparator,mongo_commands_ratio_D_over_comparator,mongo_commands_delta_D_minus_comparator,transaction_attempts_ratio_D_over_comparator,transaction_attempts_delta_D_minus_comparator
C:\Users\amasi\shipping-fulfillment-evidence\d-final\trial0,0,same,physical,10,10,canonical,True,True,0,0,False,1.105657407141673,42.83507499999928,1.0645757541445189,36.14712200004533,1.0645757541445189,36.14712200004533,1.0949071244176232,1.8173770000089462,0.7841514901293343,-7.073874999974805,0.7841514901293343,-7.073874999974805,1.0174927113702623,0.0239999999999998,1.0141225961538463,0.04700000000000015,0.9272836538461537,-0.36300000000000043,0.950199071616513,-0.006028999990803641,0.9799392307307034,-0.0034859999971104116,0.9815234773058483,-0.0033160000043608306,1.024,3,0.980544747081712,-5,0.980544747081712,-5,1.0,0,1.0,0,1.0,0,0.9998603385025486,-0.0005950000172560976,1.0064573239261145,0.051091999978325475,1.020447593925332,1.0485610000046108,0.9393746888902629,-1.0827939457827576,0.9393746888902629,-1.0827939457827576,0.9393746888902629,-1.0827939457827576,0.9393746888902629,-2.165587891565515,1.052946004260726,0.033773350000000146,0.9930939226519337,-10,1.0,0
C:\Users\amasi\shipping-fulfillment-evidence\d-final\trial0,0,same,physical,10,10,baseline,True,True,0,0,False,1.0610453438088228,25.789252999999235,1.0426653740193716,24.384363000024223,1.0426653740193716,24.384363000024223,1.0528119751056304,1.0517320000360542,1.0059879669915934,0.15296600000169747,1.0059879669915934,0.15296600000169747,1.0575757575757574,0.07599999999999985,0.983105155840373,-0.05799999999999983,1.0166922907972764,0.07599999999999962,1.0063953384155488,0.0007309999716653692,0.665764832316102,-0.0854890000141495,0.6762915015276177,-0.08431700001665376,0.9696969696969697,-4,1.0,0,1.0,0,1.0,0,1.0,0,1.0,0,1.0527464863337437,0.21342699997717318,0.9584848440698382,-0.3449190000139879,1.1236679157387046,5.759188000013182,0.9589895036275212,-0.7174834119655493,0.9589895036275212,-0.7174834119655493,0.9589895036275212,-0.7174834119655493,0.9589895036275212,-1.4349668239310986,1.0439475957316626,0.02827505600000002,1.0098314606741574,14,1.0121317157712304,7
C:\Users\amasi\shipping-fulfillment-evidence\d-final\trial0,0,different,virtual,100,100,canonical,True,True,0,0,False,1.066925132966245,34.93707499998777,1.0577035623421607,30.89473799997222,1.0563066894002051,30.19156599998496,1.0496578872732398,4.837464999980057,0.9866554648154414,-1.60840200001644,0.9947518771070746,-0.6332909999855474,1.0486681353895453,0.24299999999999944,1.1293269945030455,1.7409999999999997,2.6587689067585676,34.655,1.2213375834961597,0.1819240000031641,1.1758773702184264,0.2354750000108652,1.1828081724893575,0.25213999998641157,0.9230769230769231,-1,0.9230769230769231,-1,0.9230769230769231,-1,1.0,0,1.0,0,1.0,0,1.0813980896192221,31.245615000045746,1.0605314866494802,24.486991999992824,1.0506774925491267,20.78806499997654,0.9468420929522042,-9.897562828752143,0.9468420929522042,-9.897562828752143,0.9468420929522042,-9.897562828752143,0.9468420929522042,-19.795125657504286,1.0414916658481408,0.02615008899999971,0.9285714285714286,-100,1.0,0
C:\Users\amasi\shipping-fulfillment-evidence\d-final\trial0,0,different,virtual,100,100,baseline,True,True,0,0,False,1.0313554361584683,16.933070999982647,1.0387967953284623,21.15003599996612,1.037291609172665,20.362258000005795,0.7494547718899959,-34.18362200002889,0.7910225967928946,-31.417174000011983,0.7970701001258791,-30.560721999989937,1.0588473205257836,0.2909999999999995,1.0125208125208125,0.18799999999999883,2.388707319170895,32.29299999999999,1.1041530552363046,0.09469200000467026,1.0406528678151588,0.06150099997626057,1.0279416907184677,0.044344999963641385,1.0,0,1.0,0,1.0,0,1.0,0,1.0,0,1.0,0,1.1642562657616156,58.56441700001369,1.1446228276927608,54.2065929999751,1.1385235346641613,52.43845999999053,0.9642474312511424,-6.536672258588936,0.9642474312511424,-6.536672258588936,0.9642474312511424,-6.536672258588936,0.9642474312511424,-13.073344517177873,1.034937835020988,0.022158982999999743,1.0,0,1.0,0
C:\Users\amasi\shipping-fulfillment-evidence\d-final\trial0,0,same,virtual,100,1,canonical,True,True,0,0,False,0.8312415438242904,-2176.0343059999905,0.8437596168821384,-2615.6216939999704,0.8435479456944152,-2626.8452770000276,0.8769896505864866,-13.92190000001392,0.7128704638302517,-50.45554200000879,0.7394321152184735,-45.834095999992996,1.359946949602122,1.3569999999999998,0.9732877210859596,-0.3670000000000009,1.123011358506239,6.811999999999998,0.6696883440329457,-0.44931700000461205,0.7829613279196947,-0.4219260000297709,1.0801051376799597,0.15933000000245556,0.9221105527638191,-31,0.9651810584958217,-25,0.9617414248021108,-29,1.0,0,1.0,0,1.0,0,0.8856078001368819,-3.85913799999571,0.9415798542745447,-5.627262000018618,0.9935429827594896,-0.7325030000231436,1.185361807273901,1.1035814806204511,1.185361807273901,1.1035814806204511,1.1853618072739012,0.011035814806204518,1.185361807273901,2.2071629612409023,0.8772412125818688,-2.333699860000003,0.9480109774551797,-2027,0.9493252113637557,-965
C:\Users\amasi\shipping-fulfillment-evidence\d-final\trial0,0,same,virtual,100,1,baseline,True,True,0,0,False,1.0020854045484442,22.305553999985932,0.9813651621200674,-268.22259099998337,0.9821300486135409,-257.7017499999947,0.982860331316797,-1.7308600000092156,1.0782316128928497,9.088911000020516,1.0872349030557822,10.4359739999893,0.9597529015350056,-0.21499999999999986,0.9598736630536214,-0.5589999999999993,0.9456101937171182,-3.5770000000000053,0.021584936386499765,-41.29277300000922,0.03559697592636612,-41.23679800002833,0.050192866081286376,-40.65337899999122,1.0166204986149585,6,1.0,0,1.008298755186722,6,1.0,0,1.0,0,1.0,0,0.9884845428982952,-0.3480539999713983,0.9855937734833035,-1.3256960000092022,0.9917759816608988,-0.9346190000201204,1.0210227811506478,0.1453080972259615,1.0210227811506478,0.1453080972259615,1.0210227811506478,0.0014530809722596155,1.0210227811506478,0.290616194451923,1.0004869345571612,0.00811653399999912,1.0015445061644763,57,1.001495762007645,27
C:\Users\amasi\shipping-fulfillment-evidence\d-final\trial0,0,same,physical,100,1,canonical,True,True,0,0,False,0.9238629771866294,-1796.6375090000474,0.9124469470043634,-2719.601006999994,0.9126319491864171,-2720.6086229999746,0.7198147963067424,-39.53158900003473,0.8078548643680787,-30.732412000077147,0.7768129193780218,-37.18683099998543,0.9867231094862421,-0.06899999999999995,1.0679296931277913,0.9429999999999996,0.9860591355841593,-1.016999999999996,0.6801830061894288,-0.3920159999779571,0.7897400135531385,-0.35999999994373866,0.79597181104118,-0.3573769999434262,0.8859764089121888,-87,0.8658790826963169,-193,0.8728984532616005,-189,1.0,0,1.0,0,1.0,0,1.0453828665241034,1.4076450000288787,1.0244717769109886,2.415820999999596,1.1181045551645852,15.345696999986558,1.0957631009626254,0.307429695518473,1.0957631009626254,0.307429695518473,1.0957631009626254,0.003074296955184734,1.0957631009626254,0.614859391036946,0.902189289715614,-3.48527741300002,0.8924438569892055,-8300,0.8914683537602245,-4100
C:\Users\amasi\shipping-fulfillment-evidence\d-final\trial0,0,same,physical,100,1,baseline,True,True,0,0,False,1.0211360933039269,451.2458549999683,1.0097760873237074,274.39836000002106,1.0098570122273725,277.39236399997753,1.0303613233833095,2.9926160000286472,1.0834511322409002,9.952300999998442,0.9900600420273098,-1.2994500000331755,0.9545793000744602,-0.24399999999999977,1.0920810313075506,1.25,1.0998073571231997,6.527999999999992,0.9958207621744101,-0.00349900000173875,0.9915712127819752,-0.011493999977574276,0.9930398909984105,-0.009771999998520187,0.9467787114845938,-38,0.9215976331360947,-106,0.9258202567760342,-104,1.0,0,1.0,0,1.0,0,1.0704557872883633,2.1341479999819057,1.0887581501588106,8.244723000018439,1.1873619552051988,22.92454199994154,0.9902340817016672,-0.03469281201626462,0.9902340817016672,-0.03469281201626462,0.9902340817016672,-0.000346928120162647,0.9902340817016672,-0.06938562403252924,0.9840421531378395,-0.5213257740000117,0.9482169902244252,-3761,0.9470738772181445,-1882
C:\Users\amasi\shipping-fulfillment-evidence\d-final\trial0,0,same,virtual,10,1,canonical,True,True,0,0,False,0.893090069093483,-17.943983999998636,0.9015320926243497,-21.418784999923446,0.9015320926243497,-21.418784999923446,1.1805128674998735,3.617258000019774,0.9512356201064371,-1.4590379999503966,0.9512356201064371,-1.4590379999503966,1.0289655172413794,0.04200000000000004,1.0814917127071824,0.29499999999999993,0.9364548494983278,-0.34199999999999964,0.8862932238223654,-0.014129999954093364,0.8975122266074625,-0.01879799992821063,0.9003675228872323,-0.018867999983740447,0.8125,-9,0.9,-9,0.9,-9,1.0,0,1.0,0,1.0,0,1.1000801605674508,0.43834699999933946,0.9836734796082647,-0.16302699998504977,0.8807241100621496,-3.510395000034805,1.109316264272437,5.0222176762626205,1.109316264272437,5.0222176762626205,1.1093162642724372,0.5022217676262626,1.109316264272437,10.044435352525241,0.9108140299071082,-0.021669349000006832,0.9015151515151515,-52,0.9027777777777778,-21
C:\Users\amasi\shipping-fulfillment-evidence\d-final\trial0,0,same,virtual,10,1,baseline,True,True,0,0,False,1.120452591789932,16.11457100005964,1.0885789473546552,15.95702400004484,1.0885789473546552,15.95702400004484,1.1754322163172102,3.5306429999764077,1.1517383421538518,3.749674000005143,1.1517383421538518,3.749674000005143,1.0353920888272032,0.050999999999999934,1.068504366812227,0.2509999999999999,1.1446740858505566,0.6370000000000005,0.9332141436862423,-0.007881999977144005,0.9089247658620491,-0.01649499995437509,0.915076315383183,-0.015824000001884997,1.0,0,1.1408450704225352,10,1.1408450704225352,10,1.0,0,1.0,0,1.0,0,1.0555825994639862,0.25371200001700345,1.0129787612798773,0.12584900002821087,0.9490285035246914,-1.392167000005884,0.9185286306682072,-4.520416471657704,0.9185286306682072,-4.520416471657704,0.9185286306682072,-0.4520416471657702,0.9185286306682072,-9.040832943315408,1.0753056930312965,0.015497972999980902,1.0942528735632184,41,1.1079545454545454,19
C:\Users\amasi\shipping-fulfillment-evidence\d-final\trial0,0,different,physical,100,100,canonical,True,True,0,0,False,0.9496723665291605,-55.21150800001351,0.9443331098840632,-61.85626100000263,0.9436329179185471,-62.70693299995855,1.454526264108382,45.427906999975676,1.2977514676403543,37.50575000003664,1.2067542122727652,28.027122999958465,0.9640140975700241,-0.19399999999999995,0.9172478930543447,-1.1389999999999993,0.8492532868144492,-3.5429999999999993,1.0340184492167361,0.031007000018234976,0.9367832938790056,-0.10523900004955067,0.9365317676380089,-0.10885500000767934,0.9655172413793104,-1,0.9655172413793104,-1,0.9655172413793104,-1,1.0,0,1.0,0,1.0,0,0.8889549451864399,-105.91692700000976,0.8901378319820469,-107.0550980000462,0.8883405446182794,-110.03970299992716,1.0608244342682562,5.457143831597563,1.0608244342682562,5.457143831597563,1.0608244342682562,5.457143831597563,1.0608244342682562,10.914287663195125,0.9466054076928444,-0.07044692200000213,0.9666666666666667,-100,1.0,0
C:\Users\amasi\shipping-fulfillment-evidence\d-final\trial0,0,different,physical,100,100,baseline,True,True,0,0,False,0.9973781201312688,-2.7387339999904725,0.9956976522971126,-4.5340880000139805,0.9945387375738276,-5.764537000004566,1.268811334996411,30.79894500001501,1.3896336148390387,45.83440300007169,1.3885503832163009,45.7750339999734,0.9558580099319477,-0.2400000000000002,0.9063173007896627,-1.3049999999999997,1.0086921366484738,0.1720000000000006,1.066767855836811,0.058989000024212146,0.9464459762445799,-0.08824299999332652,0.9475815729087066,-0.08885499994448764,1.0,0,1.0,0,1.0,0,1.0,0,1.0,0,1.0,0,0.9442655144395863,-50.04673700005924,0.9471896013113948,-48.3614120000766,0.9509218810023459,-45.18314499995313,1.0053738397300633,0.5087307228380524,1.0053738397300633,0.5087307228380524,1.0053738397300633,0.5087307228380524,1.0053738397300633,1.0174614456761049,1.0003084469586636,0.00038510599998176076,1.0,0,1.0,0
C:\Users\amasi\shipping-fulfillment-evidence\d-final\trial0,0,different,virtual,10,10,canonical,True,True,0,0,False,0.9058257149148727,-6.971455999973841,0.8806291681506644,-9.501442999919618,0.8806291681506644,-9.501442999919618,0.8378109878651336,-3.622542999949019,0.7603088221594937,-7.667332000039551,0.7603088221594937,-7.667332000039551,1.215322112594312,0.3709999999999998,1.0543702684101859,0.2370000000000001,0.9084989146769077,-0.548,1.0061983469053828,0.0007709999749749841,1.0374181925250325,0.007061000019348285,1.0397603430900844,0.007771000014145102,0.9230769230769231,-1,0.6666666666666666,-6,0.6666666666666666,-6,1.0,0,1.0,0,1.0,0,0.965008786517311,-1.6341479999937292,0.8512920824877679,-8.314889000018866,0.8512920824877679,-8.314889000018866,1.1362136677749675,17.079645980598826,1.1362136677749675,17.079645980598826,1.1362136677749675,17.079645980598826,1.1362136677749675,34.15929196119765,0.9119818500852284,-0.007659932999985131,0.8666666666666667,-20,0.8333333333333334,-2
C:\Users\amasi\shipping-fulfillment-evidence\d-final\trial0,0,different,virtual,10,10,baseline,True,True,0,0,False,0.9574515118924569,-2.9799099999650025,0.9832110662755078,-1.1969079999971655,0.9832110662755078,-1.1969079999971655,0.8723671738178114,-2.7377969999520246,0.7671382576660087,-7.382555999981832,0.7671382576660087,-7.382555999981832,0.8375999999999999,-0.40600000000000014,0.9393010423053342,-0.2969999999999997,0.8739158368133633,-0.7850000000000001,0.9380054110166813,-0.008272000002307323,0.9946600139902849,-0.0010510000265639974,0.9937796164097161,-0.0012720000199806236,1.0,0,1.0,0,1.0,0,1.0,0,1.0,0,1.0,0,0.9822238427636318,-0.8156260000191651,0.9056718692973783,-4.95759799997586,0.9056718692973783,-4.95759799997586,1.0179773031505652,2.5159652215356516,1.0179773031505652,2.5159652215356516,1.0179773031505652,2.5159652215356516,1.0179773031505652,5.031930443071303,0.9730758931488168,-0.0021960059999912573,1.0,0,1.0,0
C:\Users\amasi\shipping-fulfillment-evidence\d-final\trial0,0,same,physical,10,1,canonical,True,True,0,0,False,1.1761179868002416,53.904688999978134,1.1050014263378554,41.48782400000073,1.1050014263378554,41.48782400000073,1.119781062499709,2.4433339999632153,1.1157952929424135,3.1663959999832514,1.1157952929424135,3.1663959999832514,1.0041987403778867,0.006000000000000005,1.1111434390456794,0.3820000000000001,1.3025130393551445,1.2759999999999998,1.1236227583127478,0.01437299999906827,1.0675036016170085,0.01180800001066018,1.062748894282882,0.011407999977564032,0.989010989010989,-1,0.9447852760736196,-9,0.9447852760736196,-9,1.0,0,1.0,0,1.0,0,0.9769972514475819,-0.10824499997852399,1.28514446141342,2.249689999985094,1.5613818325476556,23.048760000051516,0.9049170346450317,-2.405758546346508,0.9049170346450317,-2.405758546346508,0.9049170346450317,-0.2405758546346508,0.9049170346450317,-4.811517092693016,1.085966334148488,0.038560634000020855,0.9656218402426694,-34,0.9705159705159705,-12
C:\Users\amasi\shipping-fulfillment-evidence\d-final\trial0,0,same,physical,10,1,baseline,True,True,0,0,False,1.1857880584303648,56.400693999989926,1.1148771084598437,44.987804000015785,1.1148771084598437,44.987804000015785,1.0984532800208777,2.0472759999847767,0.9678153612272297,-1.014646999976776,0.9678153612272297,-1.014646999976776,0.9630872483221476,-0.05499999999999994,0.9922057677318783,-0.03000000000000025,0.9837063563115488,-0.09100000000000019,1.0909227558986867,0.010888000019804167,1.0425548545410632,0.007621999998264073,1.0414618369817612,0.0076919999969504715,0.9782608695652174,-2,0.9871794871794872,-2,0.9871794871794872,-2,1.0,0,1.0,0,1.0,0,0.9865358952257727,-0.06274600002598163,1.1448506482377998,1.2828659999968295,1.871621183290644,29.854387000000315,0.8969426057966509,-2.6307076428012444,0.8969426057966509,-2.6307076428012444,0.8969426057966509,-0.26307076428012444,0.8969426057966509,-5.261415285602489,1.1029653328535984,0.04547380400001089,0.9865702479338843,-13,0.9801488833746899,-8
C:\Users\amasi\shipping-fulfillment-evidence\d-final\trial0,0,different,virtual,50,50,canonical,True,True,0,0,False,1.0224269659623386,6.287393000036445,1.0373525029984996,10.644996000053197,1.0378609979706583,10.798778999969727,1.157196015981942,8.869949000029465,0.9697886176666018,-2.289521000022887,0.9713530597849281,-2.1732440000619135,1.2323069852941178,1.0110000000000001,1.1423111327966171,1.75,1.2287919263876523,3.8540000000000028,0.9156837727496883,-0.043285000003834284,1.0500105667961677,0.04070199997840973,1.050508197456529,0.042314000040732935,0.9230769230769231,-1,0.9230769230769231,-1,0.9230769230769231,-1,1.0,0,1.0,0,1.0,0,1.0237854931363601,4.82903200003193,1.021948255219002,4.73475899997311,1.0029918098945971,0.6684369999447881,0.963490874623964,-6.389387673918577,0.963490874623964,-6.389387673918577,0.963490874623964,-6.389387673918577,0.963490874623964,-12.778775347837154,1.0011263171787583,0.00037124599998605845,0.9285714285714286,-50,1.0,0
C:\Users\amasi\shipping-fulfillment-evidence\d-final\trial0,0,different,virtual,50,50,baseline,True,True,0,0,False,0.8648050153506073,-44.80998099995759,0.8811050900468003,-39.89217399998779,0.8805629036894693,-40.151395000009416,1.186915559297109,10.28281800000741,1.0018886016610955,0.13853899997684493,0.8424892544876571,-13.776953000046888,1.0657790143084263,0.3310000000000004,0.8107468544384162,-3.279,0.328451285306252,-42.321,0.9628485636056652,-0.018137999973077967,1.0735102732021626,0.058518000003005,1.076108261508913,0.06224400004839481,1.0,0,1.0,0,1.0,0,1.0,0,1.0,0,1.0,0,0.8345481843420715,-41.20757099997263,0.8313098920311174,-44.73561900005052,0.8266240972671105,-47.00072400004274,1.134710037679711,20.01799043085458,1.134710037679711,20.01799043085458,1.134710037679711,20.01799043085458,1.134710037679711,40.03598086170916,0.873277535614809,-0.047884094000011146,1.0,0,1.0,0
C:\Users\amasi\shipping-fulfillment-evidence\d-final\trial0,0,same,physical,50,50,canonical,True,True,0,0,False,1.0028620354296798,28.660431999980574,0.9455794997345447,-726.9135119999519,0.9456022209372628,-728.669883999999,2.127563087903089,60.54356300001018,1.7743755421647862,54.38616300000376,1.886759072371633,62.39717900001551,1.3092065414900063,1.0210000000000004,1.3165237278444826,2.7680000000000007,1.8048599892299406,11.956999999999999,1.0713826610461032,0.029985999958626053,1.017355711742574,0.012199000025248097,1.0510304790589335,0.036866000016289036,1.0998415213946118,63,0.9219629927594529,-97,0.8982402448355011,-133,1.0,0,1.0,0,1.0,0,0.9631506606274742,-0.6431100000554579,1.1557149350939164,4.176791999952911,0.9955850189544183,-0.3798809999580044,1.057512795912689,0.214671386758992,1.057512795912689,0.214671386758992,1.057512795912689,0.214671386758992,1.057512795912689,0.429342773517984,0.9519269425927958,-0.7414437619999887,1.0082881345603023,272,1.0102489019033676,161
C:\Users\amasi\shipping-fulfillment-evidence\d-final\trial0,0,same,physical,50,50,baseline,True,True,0,0,False,1.0210098293322887,206.65290699997786,1.0153090247481713,190.44410700001936,1.0152699133934693,190.5079890000252,1.3142510054583156,27.315423000004557,1.0220568555942848,2.6893720000202848,0.9375704982549824,-8.840191999979652,1.0067536096879368,0.029000000000000803,1.011065249846316,0.12599999999999945,1.2762018086625415,5.802999999999997,0.9014126256691266,-0.049223000019082974,0.012943810111184582,-54.52985900001295,0.0137382213465729,-54.509648000021116,1.0087209302325582,6,1.0177619893428065,20,0.9767054908485857,-28,1.0,0,1.0,0,1.0,0,1.0119225166425492,0.19804799995881694,0.9840116476064628,-0.5036940000309187,0.9776504800548661,-1.958310999953028,0.9849480271301211,-0.06032195721695466,0.9849480271301211,-0.06032195721695466,0.9849480271301211,-0.06032195721695466,0.9849480271301211,-0.12064391443390932,1.008343326123176,0.1214817059999973,1.0093953999145873,308,1.0097989310257063,154
C:\Users\amasi\shipping-fulfillment-evidence\d-final\trial0,0,same,physical,50,1,canonical,True,True,0,0,False,0.9282203579486713,-432.9728299999824,0.9167273232352536,-658.0214400000277,0.9164359847284291,-662.131971000008,1.04801680182128,2.6828649999401932,1.06457650838786,4.799318999971547,1.3218088863098314,23.969447999945714,0.8109770522829429,-0.7990000000000004,0.8572040065062924,-1.6679999999999993,0.8318750841297617,-3.747,1.1402476346914738,0.05819799997652808,1.068928461959808,0.048812999978053995,1.0700683287824562,0.051036999934694904,0.8261964735516373,-69,0.8180610889774237,-137,0.8267008985879333,-135,1.0,0,1.0,0,1.0,0,1.0742710373998936,1.247144999979355,1.0472551361768163,1.588341999934073,1.0047592027472771,0.42379000001346867,1.0911906399191051,0.5754045321032653,1.0911906399191051,0.5754045321032653,1.0911906399191054,0.011508090642065316,1.0911906399191051,1.1508090642065305,0.8915447468851694,-1.002729123000023,0.8219117862550677,-3646,0.8170719300030522,-1798
C:\Users\amasi\shipping-fulfillment-evidence\d-final\trial0,0,same,physical,50,1,baseline,True,True,0,0,False,0.9453204484919367,-323.85927299998184,0.9423820722437445,-442.9026860000249,0.9423267718144563,-444.4266809999808,0.5648482008863507,-45.11104300001989,0.593534714453596,-54.18252900000198,0.7258472318119608,-37.185710000017025,0.9777524244152881,-0.07799999999999985,0.9636223655086132,-0.3780000000000001,0.7452367553661869,-6.338000000000001,1.0826312777776355,0.03611399995406828,1.0730864371786248,0.05155699994929819,1.0741576811143785,0.05380999994031299,0.9647058823529412,-12,0.9361702127659575,-42,0.936046511627907,-44,1.0,0,1.0,0,1.0,0,0.9672297067416785,-0.6111700000133169,1.0178544428262346,0.6174590000114222,0.907355109978924,-9.135297000000264,1.0612010337456521,0.3970861508069703,1.0612010337456521,0.3970861508069703,1.0612010337456521,0.007941723016139407,1.0612010337456521,0.7941723016139406,0.9449689727024267,-0.4800276490000215,0.9417394224311618,-1041,0.9389687828831988,-522
C:\Users\amasi\shipping-fulfillment-evidence\d-final\trial0,0,same,virtual,1,1,canonical,True,True,0,0,False,1.078943880090016,1.530559999991965,1.078943880090016,1.530559999991965,1.078943880090016,1.530559999991965,1.0619228472467557,0.5670020000252407,1.0619228472467557,0.5670020000252407,1.0619228472467557,0.5670020000252407,1.0191846522781776,0.008000000000000007,0.995997712978845,-0.007000000000000117,0.995997712978845,-0.007000000000000117,1.0820192794240382,0.0014720000081069884,1.0441092961816547,0.0019419999830461165,1.0441092961816547,0.0019419999830461165,0.9444444444444444,-1,0.9444444444444444,-1,0.9444444444444444,-1,1.0,0,1.0,0,1.0,0,1.1989254456927414,0.7948100000021441,1.0193639715857454,0.14881399994237654,1.0193639715857454,0.14881399994237654,0.9268161742790103,-3.7671233247836255,0.9268161742790103,-3.7671233247836255,0.9268161742790103,-3.7671233247836255,0.9268161742790103,-7.534246649567251,1.046296356795671,0.0006518589999870983,0.9473684210526315,-1,1.0,0
C:\Users\amasi\shipping-fulfillment-evidence\d-final\trial0,0,same,virtual,1,1,baseline,True,True,0,0,False,1.258358725879867,4.2948640000304295,1.258358725879867,4.2948640000304295,1.258358725879867,4.2948640000304295,1.0688077871983812,0.6259860000454864,1.0688077871983812,0.6259860000454864,1.0688077871983812,0.6259860000454864,0.8415841584158416,-0.08000000000000002,1.0519323671497585,0.08600000000000008,1.0519323671497585,0.08600000000000008,1.097304626540682,0.0017219999790540896,1.0522593040468933,0.002282999957969878,1.0522593040468933,0.002282999957969878,1.4166666666666667,5,1.4166666666666667,5,1.4166666666666667,5,1.0,0,1.0,0,1.0,0,0.5328318233975188,-4.1999899999609625,0.8713720550667012,-1.156406000006882,0.8713720550667012,-1.156406000006882,0.7952223998641167,-12.285198492209688,0.7952223998641167,-12.285198492209688,0.7952223998641167,-12.285198492209688,0.7952223998641167,-24.570396984419375,1.170805495697198,0.002149208999981056,1.3846153846153846,5,2.0,1
C:\Users\amasi\shipping-fulfillment-evidence\d-final\trial0,0,different,physical,10,10,canonical,True,True,0,0,False,0.9947548542326021,-0.6436119999762013,1.0042833223690262,0.5449530000305458,1.0042833223690262,0.5449530000305458,1.2235902745751044,4.1232050000417075,4.626714512476865,95.58686999992005,4.626714512476865,95.58686999992005,1.0240592227020358,0.038999999999999924,1.1279041916167665,0.5339999999999998,1.0955414012738853,0.54,1.0366274935691406,0.004326000009768904,1.0039147884371138,0.0007200000595730671,1.0006264717559095,0.00012000003835055395,0.9655172413793104,-1,1.1379310344827587,4,1.1379310344827587,4,1.0,0,1.0,0,1.0,0,0.9667846278983458,-3.334426999970219,0.965604804408137,-3.7087700000029145,0.965604804408137,-3.7087700000029145,0.9955609499984133,-0.3486117924001917,0.9955609499984133,-0.3486117924001917,0.9955609499984133,-0.3486117924001917,0.9955609499984133,-0.6972235848003834,0.9936491199854692,-0.0009409989999937807,0.9833333333333333,-5,1.1,1
C:\Users\amasi\shipping-fulfillment-evidence\d-final\trial0,0,different,physical,10,10,baseline,True,True,0,0,False,1.0158923586573534,1.9095160000688338,1.022752599800816,2.842464000025302,1.022752599800816,2.842464000025302,0.9310603716748723,-1.6707409999980882,4.13095173528685,92.42380099993852,4.13095173528685,92.42380099993852,0.9041394335511982,-0.17600000000000016,1.08878612716763,0.38399999999999945,0.9099191770756797,-0.6129999999999995,1.032509972157712,0.003854999988561758,1.0130139465549273,0.0023719999830973393,1.0112484634676882,0.002132000020083069,1.0,0,1.1785714285714286,5,1.1785714285714286,5,1.0,0,1.0,0,1.0,0,0.9851963782595042,-1.4583340000058342,0.9835990109014143,-1.7361349999305276,0.9835990109014143,-1.7361349999305276,0.9777265812685497,-1.78110428944386,0.9777265812685497,-1.78110428944386,0.9777265812685497,-1.78110428944386,0.9777265812685497,-3.56220857888772,1.0154857429669868,0.0022451559999865367,1.0172413793103448,5,1.1,1
C:\Users\amasi\shipping-fulfillment-evidence\d-final\trial0,0,same,virtual,10,10,canonical,True,True,0,0,False,0.6626995259958228,-85.5758010000045,0.7237602788525151,-88.45592799997348,0.7237602788525151,-88.45592799997348,0.3100096783345909,-47.17836699995814,0.3604010940851808,-48.93802699996286,0.3604010940851808,-48.93802699996286,1.0311820159535896,0.04299999999999993,0.985945945945946,-0.052000000000000046,0.6875186622872499,-2.093,0.9944820893288577,-0.0006710000093335111,0.9888450211416934,-0.0020230000359333644,0.9890058602608939,-0.002073000018754101,0.8620689655172413,-8,0.8495575221238938,-17,0.8495575221238938,-17,1.0,0,1.0,0,1.0,0,1.0465773979372062,0.19909899998538094,0.9758562054530351,-0.23926300002585776,1.0014408836598911,0.04574899998033288,1.3812736607806197,11.903032292654299,1.3812736607806197,11.903032292654299,1.3812736607806197,11.903032292654299,1.3812736607806197,23.806064585308597,0.7252155725165272,-0.09918853799999283,0.8164464023494861,-125,0.7992831541218638,-56
C:\Users\amasi\shipping-fulfillment-evidence\d-final\trial0,0,same,virtual,10,10,baseline,True,True,0,0,False,0.9666065917471172,-5.80846900004417,0.9906285718635379,-2.192453999953159,0.9906285718635379,-2.192453999953159,0.9773808001658909,-0.4905559999883735,0.9702557465342114,-0.8453600000279948,0.9702557465342114,-0.8453600000279948,1.0311820159535896,0.04299999999999993,1.1269694161260426,0.41100000000000003,0.968454258675079,-0.14999999999999947,1.022611387124443,0.0026740000294012134,0.9831959034854433,-0.003064999987145711,0.9866981313900233,-0.002513999959319335,0.9615384615384616,-2,0.9411764705882353,-6,0.9411764705882353,-6,1.0,0,1.0,0,1.0,0,1.0834129684588851,0.3444330000093032,1.0203890975401144,0.19323600002962849,0.979173397960413,-0.6762960000514795,1.0094054051814705,0.40180230287813856,1.0094054051814705,0.40180230287813856,1.0094054051814705,0.40180230287813856,1.0094054051814705,0.8036046057562771,0.9883646443377387,-0.003081761000004235,0.9455782312925171,-32,0.9330543933054394,-16
C:\Users\amasi\shipping-fulfillment-evidence\d-final\trial0,0,same,virtual,100,100,canonical,True,True,0,0,False,0.8153936522154158,-3470.243812000037,0.7849389550651994,-5528.148425999916,0.7848995183455757,-5544.2711659999295,0.9856345606201433,-1.4545970000199304,0.9855310700604313,-1.751278000028833,0.9799566888850779,-2.5624420000553982,0.9261985279490749,-0.37100000000000044,0.9311334289813487,-0.9599999999999991,0.7717841867420202,-20.756,1.0531895705916032,0.05278899993754749,1.071404466990716,0.10960499997736406,1.0771111851720594,0.12162299992724002,0.9061946902654867,-53,0.9167523124357657,-81,0.9299111549851925,-71,1.0,0,1.0,0,1.0,0,0.9307739397876369,-2.263235000043551,0.812018905860821,-22.987156999988656,0.8016337526734552,-29.830227999980252,1.274065575879648,1.0628919785843731,1.274065575879648,1.0628919785843731,1.274065575879648,1.0628919785843731,1.274065575879648,2.1257839571687462,0.7955339004308412,-6.021211391999998,0.9154816009382788,-4612,0.9154549542797182,-2256
C:\Users\amasi\shipping-fulfillment-evidence\d-final\trial0,0,same,virtual,100,100,baseline,True,True,0,0,False,0.9166579170058103,-1393.5987279999172,0.920338820601652,-1746.4365700000162,0.9204138805211052,-1749.328263000054,1.0345130212954219,3.3295590000079756,1.0082115756028758,0.9715470000060122,0.8776169332733752,-17.47059900003478,1.2676286414375169,0.9829999999999997,1.141801548205489,1.612,3.012445817776061,46.891999999999996,1.2662165943476207,0.2197609999825545,1.063177418061573,0.09772699996801748,1.0705989780789458,0.11202899997897475,1.0491803278688525,24,0.9529914529914529,-44,0.9671457905544147,-32,1.0,0,1.0,0,1.0,0,0.9173223240764898,-2.7426510000054805,0.9009316571625683,-10.91893499994967,0.862374714514237,-19.238314000006085,1.0864572503673469,0.3932015297877465,1.0864572503673469,0.3932015297877465,1.0864572503673469,0.3932015297877465,1.0864572503673469,0.786403059575493,0.9304021270936165,-1.7524535899999591,1.0130186154033338,642,1.013315634463019,321
C:\Users\amasi\shipping-fulfillment-evidence\d-final\trial0,0,same,physical,100,100,canonical,True,True,0,0,False,0.8473203687119536,-7801.596728999924,0.8634047820950664,-9085.841522000002,0.8633849943898969,-9109.95545599996,1.0978812357511414,10.112653999954091,1.0460562077458624,5.641356999944946,1.027277621568045,3.411701000004541,1.3938065223348863,1.4370000000000003,1.2750418137892583,2.959999999999999,3.419033841837629,55.18300000000001,0.9846450113553536,-0.013260000059744925,1.1086918558493926,0.15249000000494561,1.1046689382601964,0.15131800000744988,1.0178189593727727,25,1.01315295001879,35,1.0234572356549982,65,1.0,0,1.0,0,1.0,0,0.8822420425859386,-4.01111700000456,0.8415148142618364,-19.18745799991939,0.8677698230198151,-19.527665000055094,1.1582654884767474,0.23726984108906324,1.1582654884767474,0.23726984108906324,1.1582654884767474,0.23726984108906324,1.1582654884767474,0.4745396821781265,0.8816323868503375,-8.907009616000039,1.0261135841673992,3684,1.0274051971378082,1892
C:\Users\amasi\shipping-fulfillment-evidence\d-final\trial0,0,same,physical,100,100,baseline,True,True,0,0,False,0.91513042487588,-4015.3099519999378,0.9350760844806763,-3987.510744000021,0.9352128106265888,-3988.4214009998686,1.0190718589169592,2.1228009999276765,0.9642060906955029,-4.756523999958517,0.9472652542539768,-7.152824000058899,1.4498289623717218,1.5780000000000003,1.3168905950095968,3.3019999999999996,3.533982782057091,55.925000000000004,0.8300108937027996,-0.17414499995993538,0.7722931209393965,-0.4586159999462325,0.774112739366237,-0.4660069998863037,1.072072072072072,96,1.0457719162141195,118,1.0653643876784373,174,1.0,0,1.0,0,1.0,0,0.9044406552163811,-3.175089000023945,0.8952440230890767,-11.921417999928963,0.963376185685488,-4.871828000091227,1.0693054353400266,0.11254597159614566,1.0693054353400266,0.11254597159614566,1.0693054353400266,0.11254597159614566,1.0693054353400266,0.2250919431922913,0.9437016786428037,-3.9577402230000303,1.0587133955474943,8028,1.0599856536553292,4014
C:\Users\amasi\shipping-fulfillment-evidence\d-final\trial0,0,same,physical,1,1,canonical,True,True,0,0,False,0.9440548101926981,-1.6368640001473977,0.9440548101926981,-1.6368640001473977,0.9440548101926981,-1.6368640001473977,0.8282957530538563,-1.6870489998837002,0.8282957530538563,-1.6870489998837002,0.8282957530538563,-1.6870489998837002,0.9367816091954024,-0.021999999999999964,0.6729237770193401,-0.575,0.8531361550229475,-0.28800000000000003,0.7092673560096958,-0.0072499999532738,0.7472658884040057,-0.014582000062546285,0.7472658884040057,-0.014582000062546285,0.9705882352941176,-1,0.9705882352941176,-1,0.9705882352941176,-1,1.0,0,1.0,0,1.0,0,0.9890016862330506,-0.05586499992205063,0.9566187017176925,-0.6964499999639884,0.9566187017176925,-0.6964499999639884,1.0596530887361975,2.035493925363177,1.0596530887361975,2.035493925363177,1.0596530887361975,2.035493925363177,1.0596530887361975,4.070987850726354,0.9606277971384869,-0.0007069870000577794,0.9714285714285714,-1,1.0,0
C:\Users\amasi\shipping-fulfillment-evidence\d-final\trial0,0,same,physical,1,1,baseline,True,True,0,0,False,1.120872124663005,2.9786339998736366,1.120872124663005,2.9786339998736366,1.120872124663005,2.9786339998736366,0.9931060857773839,-0.056494000091333874,0.9931060857773839,-0.056494000091333874,0.9931060857773839,-0.056494000091333874,1.0124223602484472,0.0040000000000000036,0.8047619047619048,-0.2869999999999999,1.0430174563591021,0.06899999999999995,0.6121551953724024,-0.01120599995374505,0.8111947328603585,-0.010034999945673917,0.8111947328603585,-0.010034999945673917,1.1785714285714286,5,1.1785714285714286,5,1.1785714285714286,5,1.0,0,1.0,0,1.0,0,0.2858908209008077,-12.548017999961303,0.8740086826667172,-2.2138649999305926,0.8740086826667172,-2.2138649999305926,0.8926909414844238,-4.3464615302945475,0.8926909414844238,-4.3464615302945475,0.8926909414844238,-4.3464615302945475,0.8926909414844238,-8.692923060589095,1.1187838133497723,0.0018314199999167613,1.1724137931034482,5,2.0,1
C:\Users\amasi\shipping-fulfillment-evidence\d-final\trial0,0,different,physical,50,50,canonical,True,True,0,0,False,0.9378905111943215,-32.937175000142815,0.9386567983808205,-33.36333700008254,0.9331927825922113,-36.55882699990798,0.77234628365508,-16.204047999963223,0.8741879314581227,-9.063823999895249,0.8121778295974764,-15.489028000047256,0.9275330874376221,-0.33399999999999963,0.9180887372013652,-0.984,1.0114152522113316,0.19099999999999895,1.05514221008718,0.025169000082314597,1.062252391605156,0.048523000145905826,1.0627496136281254,0.050246000114384515,0.9655172413793104,-1,0.9655172413793104,-1,0.8235294117647058,-6,1.0,0,1.0,0,1.0,0,0.9372476663595205,-28.497431000005236,0.9350746241935204,-30.75158299998293,0.9322251527164681,-32.37611299994114,1.071640637185599,6.5404464711165815,1.071640637185599,6.5404464711165815,1.071640637185599,6.5404464711165815,1.071640637185599,13.080892942233163,0.9470493152101458,-0.034130746000073486,0.9634551495016611,-55,0.9803921568627451,-1
C:\Users\amasi\shipping-fulfillment-evidence\d-final\trial0,0,different,physical,50,50,baseline,True,True,0,0,False,0.952796964467516,-24.640533000024334,0.9651853558046245,-18.414549999988594,0.9644574810913268,-18.819381999946927,0.9171686773610817,-4.964851000067938,0.8116411516537583,-14.615575999982866,0.862361601766765,-10.690022999938265,0.9718117754035008,-0.12399999999999967,0.9004735467015024,-1.2189999999999994,0.96000680735194,-0.7050000000000018,1.0552115650753884,0.025198999992426252,1.0230791758076427,0.018678000060390332,1.0225530663619773,0.01876900012121041,1.0,0,1.0,0,1.0,0,1.0,0,1.0,0,1.0,0,0.9647666402781946,-15.543971000056445,0.9610068508542234,-17.970538999861674,0.9605329914198819,-18.297800999903302,1.0365106987838928,3.446223864393687,1.0365106987838928,3.446223864393687,1.0365106987838928,3.446223864393687,1.0365106987838928,6.892447728787374,0.9736487540141767,-0.016521354000133215,1.0,0,1.0,0
C:\Users\amasi\shipping-fulfillment-evidence\d-final\trial0,0,same,virtual,50,1,canonical,True,True,0,0,False,0.8557156409843165,-444.6974009998712,0.8298324068545209,-686.8477780000148,0.829667098767626,-689.6491309998964,2.13064576661083,58.788950999996814,1.8511479409857572,59.65229999992516,1.7274591098060146,58.980661999953554,0.937704094448631,-0.24799999999999978,0.9654882940024252,-0.3699999999999992,0.3027674284972845,-37.614999999999995,1.950942516742468,0.3876849999642218,1.6092105876905065,0.40487100000063947,1.5938929443465277,0.406122999947911,0.8577981651376146,-31,0.7846534653465347,-87,0.7976190476190477,-85,1.0,0,1.0,0,1.0,0,1.0069223188871943,0.10996999992585188,0.9875991897523865,-0.38252700005614315,0.9363984366717691,-5.386728999951629,1.2051421302929426,2.5331173643440916,1.2051421302929426,2.5331173643440916,1.2051421302929426,0.05066234728688182,1.2051421302929426,5.066234728688183,0.8253906873403601,-0.8346526880000056,0.8061792707023532,-2158,0.8025847536991946,-1054
C:\Users\amasi\shipping-fulfillment-evidence\d-final\trial0,0,same,virtual,50,1,baseline,True,True,0,0,False,1.0353644699924764,90.08421600003658,1.0040256551730473,13.429684000016096,1.0037939750299079,12.696482000023934,2.0439576458429607,56.583705999969425,1.7014087783779421,53.48423600003116,1.8339740164655907,63.68954900005974,0.8964937560038425,-0.4309999999999996,0.919925346605048,-0.9009999999999998,0.3180977234220725,-35.015,0.9244854928450551,-0.06496800006061676,0.9291141022009566,-0.08159300000443181,0.9295682275943623,-0.08258399998339883,1.0218579234972678,4,0.9462686567164179,-18,0.9331476323119777,-24,1.0,0,1.0,0,1.0,0,0.9755614203112405,-0.4007190001402705,0.9990048452918817,-0.030347000006258895,0.9985145953046047,-0.11797999991358665,0.9962671548109068,-0.055757447780431235,0.9962671548109068,-0.055757447780431235,0.9962671548109067,-0.001115148955608658,0.9962671548109068,-0.11151489556086247,1.0036616598244181,0.01439423599993006,0.9834556809466418,-151,0.9823475469967905,-77
C:\Users\amasi\shipping-fulfillment-evidence\d-final\trial0,0,same,virtual,50,50,canonical,True,True,0,0,False,1.0712189240040044,282.8942570000663,1.0302387260626884,158.06472200006283,1.0301911075037058,158.25434400005634,0.893912777450701,-6.36944300003961,1.0147075667519188,0.9283790000154113,1.0519750616798582,3.2851950001031582,1.003058103975535,0.01200000000000001,1.0380249716231555,0.402000000000001,2.9998911446143794,36.744,0.9679629519301441,-0.013490000014826364,0.9469583715990378,-0.039419000017915096,0.9467535238612614,-0.04068099997311947,0.9187279151943463,-23,0.9057301293900185,-51,0.8869565217391304,-65,1.0,0,1.0,0,1.0,0,1.0140529110525809,0.21694699989893707,1.1934839397214279,5.708442000013747,2.3157938861434566,106.23750099989593,0.970719412712672,-0.27927736283932525,0.970719412712672,-0.27927736283932525,0.970719412712672,-0.27927736283932525,0.970719412712672,-0.5585547256786505,0.907984055179266,-0.5726686199999449,0.9056194989844278,-1394,0.90515172900494,-672
C:\Users\amasi\shipping-fulfillment-evidence\d-final\trial0,0,same,virtual,50,50,baseline,True,True,0,0,False,1.1654391424798098,604.0259950000291,1.118279309996362,569.5971720000443,1.1180774540986822,570.281762000036,0.9475764106104257,-2.969245000031151,0.9625086265764364,-2.4948939999376307,0.9473829532662207,-3.6929419999296442,0.9708929452392698,-0.11800000000000033,1.0166759310728182,0.17999999999999972,3.113602982713817,37.41499999999999,0.9495105505244449,-0.021673000105693063,0.9542619963572199,-0.03373100014414376,0.9518691101979587,-0.03657500008102943,0.9701492537313433,-8,0.9919028340080972,-4,0.99609375,-2,1.0,0,1.0,0,1.0,0,0.9923923720195538,-0.12000900005659787,1.191120950628194,5.649911999967117,2.16336710227207,100.54869600003258,0.8944032060423017,-1.0931180155377298,0.8944032060423017,-1.0931180155377298,0.8944032060423017,-1.0931180155377298,0.8944032060423017,-2.1862360310754596,0.9859455045188453,-0.08055284199997459,1.002548343576675,34,1.0026579111944967,17
C:\Users\amasi\shipping-fulfillment-evidence\d-final\trial1,1,same,physical,10,10,canonical,True,True,0,0,False,0.8935971490952423,-85.19370799999137,0.8993834131956157,-107.41347500001552,0.8993834131956157,-107.41347500001552,0.8081285807415624,-7.150552000013022,0.9388951361096624,-2.820062000012058,0.9388951361096624,-2.820062000012058,0.9977127172918573,-0.004999999999999893,1.0472619462853157,0.2709999999999999,0.9395604395604396,-0.5280000000000005,1.0120109302092704,0.0019339999823841936,0.6276211116945516,-0.14656199999762975,0.6287048145388203,-0.15103100000146696,0.9787234042553191,-3,0.9236363636363636,-21,0.9236363636363636,-21,1.0,0,1.0,0,1.0,0,1.0132725312952433,0.09315200000514778,1.041416136782506,0.5708780000190927,1.2126849488216602,15.08159499999806,1.111857186752314,1.0476360738164008,1.111857186752314,1.0476360738164008,1.111857186752314,1.0476360738164008,1.111857186752314,2.0952721476328016,0.901419505869277,-0.12156942800000037,0.9361430395913155,-100,0.9300155520995335,-45
C:\Users\amasi\shipping-fulfillment-evidence\d-final\trial1,1,same,physical,10,10,baseline,True,True,0,0,False,0.9713971055550985,-21.067316000028313,0.9806221319170755,-18.97310300000754,0.9806221319170755,-18.97310300000754,0.8240413092344496,-6.430896000011899,0.9994002370404703,-0.026004000005741545,0.9994002370404703,-0.026004000005741545,1.0229831144465291,0.04899999999999993,1.0503760713661012,0.28800000000000026,0.9967213114754099,-0.026999999999999247,0.8295948600888027,-0.03347200001257988,0.8770650997032896,-0.03462399999420995,0.879087146563342,-0.03517500002203633,1.0147058823529411,2,0.9921875,-2,0.9921875,-2,1.0,0,1.0,0,1.0,0,0.9991310446501843,-0.006184999989500284,1.0362704762437915,0.5024330000367172,1.1513799862219223,11.305982000010317,1.0197517147494848,0.2017000101720985,1.0197517147494848,0.2017000101720985,1.0197517147494848,0.2017000101720985,1.0197517147494848,0.403400020344197,0.9880679950832626,-0.013424154000000854,1.0138312586445366,20,1.0170068027210883,10
C:\Users\amasi\shipping-fulfillment-evidence\d-final\trial1,1,different,virtual,100,100,canonical,True,True,0,0,False,0.8985163898595276,-100.26724200000103,0.9006646348166292,-101.14748800000939,0.9015390224808632,-100.32196000000226,0.9536890422261142,-10.006326999985049,0.8311977057413853,-42.01270100000443,0.8527398799061843,-36.95872100001907,0.9807588368824993,-0.17799999999999905,0.976105921408168,-0.6189999999999998,1.1161641682106562,4.137999999999998,0.9649343100595779,-0.05043400000204201,0.9576208276063084,-0.10007599999539707,0.9568540453278945,-0.10492599997746765,0.9230769230769231,-1,0.9230769230769231,-1,0.9230769230769231,-1,1.0,0,1.0,0,1.0,0,0.9120430802243658,-61.91639999997278,0.9211986820948656,-58.31975499998521,0.9221704144418371,-58.55860200000507,1.1089618990999048,10.680268146424623,1.1089618990999048,10.680268146424623,1.1089618990999048,10.680268146424623,1.1089618990999048,21.360536292849247,0.8993885187925612,-0.1209515510000001,0.9285714285714286,-100,1.0,0
C:\Users\amasi\shipping-fulfillment-evidence\d-final\trial1,1,different,virtual,100,100,baseline,True,True,0,0,False,0.9897203798438265,-9.220483999996532,0.9884665308032081,-10.700702999997702,0.9890694093220371,-10.15157099999442,1.142051684093602,25.630575000008093,0.97379254120441,-5.567562000010184,1.0028964106763905,0.6180910000068707,0.9377777777777777,-0.6020000000000003,0.9448492321488622,-1.4760000000000026,1.018964633521271,0.7399999999999949,1.0102176370520126,0.014036999999689215,0.979122232293335,-0.048219000007065915,0.9772662940146596,-0.05413099998463622,1.0,0,1.0,0,1.0,0,1.0,0,1.0,0,1.0,0,0.9821297238273854,-11.68189899999561,0.995497628356348,-3.0834480000123676,0.9956691247966076,-3.0179900000177895,1.0112046451329801,1.204434447894272,1.0112046451329801,1.204434447894272,1.0112046451329801,1.204434447894272,1.0112046451329801,2.408868895788544,0.9829364663968869,-0.018769589000000586,1.0,0,1.0,0
C:\Users\amasi\shipping-fulfillment-evidence\d-final\trial1,1,same,virtual,100,1,canonical,True,True,0,0,False,0.7975205209795184,-4385.399675999994,0.8209747436957381,-5052.8567760000005,0.8211526583233058,-5061.523031000008,1.0262009050107148,5.936133999995263,1.015974185348734,4.137446000015643,1.236594724230237,61.37558300000023,1.4890652843026082,3.019,1.2133686570205828,4.187999999999999,1.9436792724041503,36.108,1.0277147209696673,0.03763999998795953,0.9954931422621749,-0.010059000004503105,0.9948561667115975,-0.011822000033134827,0.9065656565656566,-37,1.010204081632653,7,1.0041899441340782,3,1.0,0,1.0,0,1.0,0,0.9151615551794083,-4.764889999989919,0.950086935927167,-6.037559000020565,0.9806228728067788,-3.006894000009197,1.2176918923376454,0.7689716769598234,1.2176918923376454,0.7689716769598234,1.2176918923376454,0.007689716769598232,1.2176918923376454,1.5379433539196468,0.8442282354873991,-5.118641181000001,0.9491264921358676,-1986,0.9505402286793244,-943
C:\Users\amasi\shipping-fulfillment-evidence\d-final\trial1,1,same,virtual,100,1,baseline,True,True,0,0,False,0.9413899087219254,-1075.40707999999,0.9548889879848441,-1094.667353000008,0.9548965329088323,-1097.6812400000163,1.2771597649779234,50.45506300001534,1.205925627926383,44.935147000018105,1.2389729666477731,61.87353199999279,1.4137188557366964,2.6900000000000004,1.111391105511223,2.3870000000000005,1.1464975026207067,9.503,0.9715069057578551,-0.040936000004876405,0.9514069595458624,-0.11348199998906239,0.9505324562112251,-0.11899200001153076,1.0286532951289398,10,1.1454545454545455,88,1.1251956181533647,80,1.0,0,1.0,0,1.0,0,0.9422672404006546,-3.1492429999957494,0.946084896206398,-6.549239000008811,0.9913365267443107,-1.3298469999938334,1.0472045202392393,0.19389097017214585,1.0472045202392393,0.19389097017214585,1.047204520239239,0.0019389097017214474,1.0472045202392393,0.3877819403442917,0.9794019903824093,-0.5834317969999958,1.0814628878316452,2791,1.0833283519636558,1394
C:\Users\amasi\shipping-fulfillment-evidence\d-final\trial1,1,same,physical,100,1,canonical,True,True,0,0,False,0.9127558683109976,-3532.8225860000093,0.9185287272069409,-4281.461114000027,0.9187080089288574,-4282.572008999981,1.2450604627920046,43.575906999990366,1.2184186155454475,44.75458000007393,1.2952510463925646,61.78366000006008,1.008305935282921,0.04800000000000004,1.1284002912171553,1.9399999999999995,1.0673971732571066,2.122,0.9182964387609516,-0.16331299997318638,0.9261947428827862,-0.2123129999631601,0.926892212853797,-0.21506899997802975,0.9290681502086231,-51,0.9325931800158604,-85,0.9356548069644209,-85,1.0,0,1.0,0,1.0,0,0.9817598971305987,-1.057413000012275,0.9770421737756084,-2.730027999973572,1.0037316475830607,0.5441970000106267,1.0884814860326655,0.16791038370322986,1.0884814860326655,0.16791038370322986,1.0884814860326655,0.0016791038370322989,1.0884814860326655,0.3358207674064597,0.9171265713115511,-5.054777690999984,0.933831933958936,-4689,0.9337761732851986,-2293
C:\Users\amasi\shipping-fulfillment-evidence\d-final\trial1,1,same,physical,100,1,baseline,True,True,0,0,False,0.9196239950444419,-3230.4004270000078,0.9350323877681229,-3353.9029949999967,0.9352948748811255,-3348.301384999955,0.9979494138474204,-0.4549180000026354,0.9824260663325411,-4.465945999982068,1.0656383667518328,16.694909000023017,1.0081314878892733,0.04699999999999971,1.6655920281359904,6.812999999999999,1.9433874978314924,16.314,1.3751901105519353,0.5007850000424696,1.2075474434723623,0.4579360000320776,1.1998107927244137,0.45409799997742084,1.0090634441087614,6,1.0034129692832765,4,1.0131147540983607,16,1.0,0,1.0,0,1.0,0,0.9407064255276566,-3.587369999991097,0.9424392271316474,-7.096151999974154,0.8614374736103694,-23.544808999986344,1.0691615891620465,0.13361887427495445,1.0691615891620465,0.13361887427495445,1.0691615891620465,0.0013361887427495445,1.0691615891620465,0.2672377485499089,0.9524782721608904,-2.790957186999975,1.0138497364873147,904,1.0141781681304893,452
C:\Users\amasi\shipping-fulfillment-evidence\d-final\trial1,1,same,virtual,10,1,canonical,True,True,0,0,False,0.9411447094097098,-16.430080000020553,0.9233309123060491,-28.02596900005483,0.9233309123060491,-28.02596900005483,1.1434593662385009,5.217139000023963,1.240051831597171,10.981557999969027,1.240051831597171,10.981557999969027,1.0871127076784912,0.19399999999999995,1.0975651285544015,0.5729999999999995,1.1871107500676956,1.3820000000000006,1.184499918402237,0.03180999993901423,0.9677184544587243,-0.009668000075180316,0.9670647141200492,-0.010169000063342537,0.8541666666666666,-7,0.9186046511627907,-7,0.9186046511627907,-7,1.0,0,1.0,0,1.0,0,1.0341126957645115,0.2655920000051992,0.8688882541692908,-2.492109000002074,0.8706240271961901,-6.188232999932097,1.0830122132332294,2.2698873742384293,1.0830122132332294,2.2698873742384293,1.0830122132332294,0.22698873742384285,1.0830122132332294,4.539774748476859,0.8706277583018438,-0.054924449999987246,0.8867924528301887,-60,0.8847926267281107,-25
C:\Users\amasi\shipping-fulfillment-evidence\d-final\trial1,1,same,virtual,10,1,baseline,True,True,0,0,False,1.1156974377058522,27.245067000023937,1.1041096589025365,31.825594999986606,1.1041096589025365,31.825594999986606,1.0249173597371402,1.0109680000027765,1.158367149909724,7.755639999970754,1.158367149909724,7.755639999970754,1.0448856279671987,0.10399999999999965,1.0615942028985508,0.37399999999999967,1.0756962335909706,0.6170000000000009,1.1930248859973074,0.03304199998410695,1.0999647035685325,0.026338999987274292,1.093728937626339,0.02558799997132155,1.1081081081081081,4,1.1126760563380282,8,1.1126760563380282,8,1.0,0,1.0,0,1.0,0,1.0395698975288885,0.30646300001535565,0.9537083811749275,-0.8016340000267519,1.0662387423895145,2.58702900003982,0.9058838993095926,-3.0767134872510162,0.9058838993095926,-3.0767134872510162,0.9058838993095926,-0.30767134872510127,0.9058838993095926,-6.1534269745020325,1.0517826813122224,0.018197664000012992,1.0804597701149425,35,1.0909090909090908,16
C:\Users\amasi\shipping-fulfillment-evidence\d-final\trial1,1,different,physical,100,100,canonical,True,True,0,0,False,0.9513206876625432,-88.9600370000494,0.9530516097152757,-87.17255999999907,0.9530456025521562,-87.24708900007272,0.7906851600163769,-47.35145699999066,0.8324600670268215,-41.58669900004952,0.7865833651221122,-57.48239299998659,1.0351580393953275,0.3070000000000004,1.0094101544120793,0.21999999999999886,1.106466078403009,3.6799999999999997,0.9831555711181604,-0.02426600002536361,1.0236782562140847,0.055913999972290185,1.0244058723627607,0.059379999981956644,0.9655172413793104,-1,0.9655172413793104,-1,0.9655172413793104,-1,1.0,0,1.0,0,1.0,0,0.9656248458067239,-53.33731700000044,0.9704805702160514,-46.892419000016616,0.9722186136222499,-44.73370900001328,1.049247334571677,2.6480700857478894,1.049247334571677,2.6480700857478894,1.049247334571677,2.6480700857478894,1.049247334571677,5.296140171495779,0.9552576603501193,-0.10080946299996185,0.9666666666666667,-100,1.0,0
C:\Users\amasi\shipping-fulfillment-evidence\d-final\trial1,1,different,physical,100,100,baseline,True,True,0,0,False,1.0004065175045518,0.7064479999598916,0.9998220853959604,-0.31489400004147683,1.0002715471437615,0.4807459999369712,1.0066562711223292,1.1827330000073744,1.017527852306807,3.559441999925639,1.041815685347353,8.503538000013577,1.0181347150259066,0.1609999999999996,0.9990263313859962,-0.022999999999999687,1.0367589254249232,1.3559999999999945,0.9880553991515444,-0.017122000031122298,0.880317163423668,-0.3286450000246077,0.8743760285439568,-0.35809000002018365,1.0,0,1.0,0,1.0,0,1.0,0,1.0,0,1.0,0,0.9981593227860811,-2.7629479999973228,1.0029644508970161,4.55659299996114,1.0115829891835824,17.925201999958063,1.000137769877811,0.007771754342826398,1.000137769877811,0.007771754342826398,1.000137769877811,0.007771754342826398,1.000137769877811,0.015543508685652796,1.0022958373417408,0.004930016000002979,1.0,0,1.0,0
C:\Users\amasi\shipping-fulfillment-evidence\d-final\trial1,1,different,virtual,10,10,canonical,True,True,0,0,False,0.943440403750015,-6.672315999992406,0.8749104989063393,-16.220380999982353,0.8749104989063393,-16.220380999982353,1.0791476888397493,2.51730000002226,0.7337762508842803,-13.15089600001329,0.7337762508842803,-13.15089600001329,1.0749240634492068,0.22199999999999998,0.9208515283842794,-0.5800000000000001,0.9135891369200699,-0.8399999999999999,0.8252252335872793,-0.03619900007834076,0.8777181997760815,-0.03616899999769885,0.8835954376467325,-0.03550700006371699,0.9230769230769231,-1,0.6666666666666666,-6,0.6666666666666666,-6,1.0,0,1.0,0,1.0,0,1.0158136177436932,1.1372370000231058,0.8250874140094391,-16.217640999968808,0.8250874140094391,-16.217640999968808,1.1427539370716369,10.992043240788675,1.1427539370716369,10.992043240788675,1.1427539370716369,10.992043240788675,1.1427539370716369,21.98408648157735,0.8755335568274185,-0.01871749100001807,0.8387096774193549,-25,0.7692307692307693,-3
C:\Users\amasi\shipping-fulfillment-evidence\d-final\trial1,1,different,virtual,10,10,baseline,True,True,0,0,False,0.9902280658329763,-1.0983229999510513,0.9819025087244507,-2.090999000017746,0.9819025087244507,-2.090999000017746,0.8876307469954285,-4.3450299999676645,0.726768012480748,-13.627240999994683,0.726768012480748,-13.627240999994683,0.9584712609088174,-0.1379999999999999,0.8965059120499536,-0.7789999999999999,0.8777426368847598,-1.237,1.013483945204709,0.002273999939461646,1.0082488319626246,0.0021239999909994367,1.0065503974475416,0.0017539999248583626,1.0,0,1.0,0,1.0,0,1.0,0,1.0,0,1.0,0,1.012397469891635,0.8945729999823016,0.9239481117382341,-6.29693199994108,0.9239481117382341,-6.29693199994108,1.0181162275249132,1.5657177191872478,1.0181162275249132,1.5657177191872478,1.0181162275249132,1.5657177191872478,1.0181162275249132,3.1314354383744956,0.9960748860541606,-0.0005188340000472635,1.0,0,1.0,0
C:\Users\amasi\shipping-fulfillment-evidence\d-final\trial1,1,same,physical,10,1,canonical,True,True,0,0,False,0.8832824166386729,-66.38781700002028,0.9090660964289431,-64.584764000017,0.9090660964289431,-64.584764000017,0.9423537081760899,-1.919981000014559,0.9792891107313698,-1.0870220000356312,0.9792891107313698,-1.0870220000356312,0.9872719558761136,-0.03000000000000025,0.9988800000000001,-0.006999999999999673,1.0573874811986577,0.49599999999999866,0.8871524199597997,-0.02135900001576374,0.9112742875944817,-0.024854999992385274,0.9126549895126356,-0.025366999977904925,1.021978021978022,2,0.9696969696969697,-5,0.9696969696969697,-5,1.0,0,1.0,0,1.0,0,0.9797135146495912,-0.15718899999228597,0.9146855399928225,-1.4034249999781423,0.8038552297167236,-14.44183600000315,1.1000418325038697,1.4081716772480881,1.1000418325038697,1.4081716772480881,1.1000418325038697,0.14081716772480868,1.1000418325038697,2.8163433544961762,0.9178031659363889,-0.06711372800003801,0.9856996935648621,-14,0.9950248756218906,-2
C:\Users\amasi\shipping-fulfillment-evidence\d-final\trial1,1,same,physical,10,1,baseline,True,True,0,0,False,1.0648266489919194,30.586257999971167,1.0577812496995624,35.26880700002266,1.0577812496995624,35.26880700002266,0.6655000261443991,-15.775658999984898,1.0000533506969338,0.0027419999355515756,1.0000533506969338,0.0027419999355515756,1.022407732864675,0.051000000000000156,1.058853459972863,0.3470000000000004,1.2177215189873416,1.6339999999999995,1.0211510857651804,0.00347799993960507,1.0217045886805114,0.005423000004611822,1.0225018612884917,0.005832999988797383,1.1625,13,1.0666666666666667,10,1.0666666666666667,10,1.0,0,1.0,0,1.0,0,1.0039520527152852,0.029883000024710782,1.0334556062772242,0.48709699996152267,0.930496857283218,-4.420923999987281,0.9454118975067788,-0.8940464901733787,0.9454118975067788,-0.8940464901733787,0.9454118975067787,-0.08940464901733791,0.9454118975067788,-1.7880929803467573,1.0534642122265279,0.038032003999944664,1.0557986870897156,51,1.0638297872340425,24
C:\Users\amasi\shipping-fulfillment-evidence\d-final\trial1,1,different,virtual,50,50,canonical,True,True,0,0,False,0.9927523879007695,-3.513825000027282,0.9963681841326859,-1.8098959999974795,0.9936633935269298,-3.170346000047175,1.112033212973295,11.082745999999588,1.011116032461545,1.4331429999856482,0.8348723680874702,-25.802407000071526,1.0979201653533137,0.7580000000000009,1.2181766731122954,4.626000000000001,1.3216664200088797,8.694000000000003,0.9511892701948591,-0.036571000009644195,0.9535682582609049,-0.056230000041068706,1.01965999120514,0.024520000010852527,0.9230769230769231,-1,0.9230769230769231,-1,0.6666666666666666,-6,1.0,0,1.0,0,1.0,0,0.9796177602025549,-7.034259999954884,0.9987467393564755,-0.46147500000870423,0.9952600667423964,-1.7850410000050942,1.0064622104658993,0.6448616086737786,1.0064622104658993,0.6448616086737786,1.0064622104658993,0.6448616086737786,1.0064622104658993,1.2897232173475572,0.9890499323366077,-0.0064607650000425565,0.9219858156028369,-55,0.9803921568627451,-1
C:\Users\amasi\shipping-fulfillment-evidence\d-final\trial1,1,different,virtual,50,50,baseline,True,True,0,0,False,0.9756401013159913,-12.017440000022361,0.9726641539041981,-13.954659999967589,0.9734451493221462,-13.56193300000541,0.7774583696350467,-31.48853599998347,0.7903680143367059,-34.57553499998767,0.729514547536609,-48.36937900006433,0.9578496562605658,-0.3739999999999988,1.120466770779108,2.777000000000001,1.0789211392672686,2.6129999999999995,0.9896311396452792,-0.007466999988992029,0.9625353096599906,-0.044947999981559406,1.0315686584906985,0.038918000029752875,1.0,0,1.0,0,1.0,0,1.0,0,1.0,0,1.0,0,1.0548241056554255,17.571736000036253,1.0515211091340446,18.018944999994346,1.0574541144421685,20.364424999968378,1.0271991173525916,2.659396362572508,1.0271991173525916,2.659396362572508,1.0271991173525916,2.659396362572508,1.0271991173525916,5.318792725145016,0.986109146440865,-0.008220331000018177,1.0,0,1.0,0
C:\Users\amasi\shipping-fulfillment-evidence\d-final\trial1,1,same,physical,50,50,canonical,True,True,0,0,False,1.0031421770970812,51.390340000067226,1.0075023736002995,162.03589600001942,1.0075933745401902,164.4471980000053,1.4680909033420604,44.651737999970464,1.4625721212699871,53.94687599994086,1.2618083891031915,35.40921600000502,1.2563927719058985,1.5040000000000004,1.1851094060812732,3.2570000000000014,1.4458736299161832,13.831,0.9858438562692126,-0.010298000006514485,0.9825245908171811,-0.020957000003818393,0.9818369879721358,-0.022389000037037476,1.1133004926108374,69,1.1335149863760219,147,1.1431049436253253,165,1.0,0,1.0,0,1.0,0,0.9387501193210186,-1.8697620000125426,1.0349404806456508,1.8830199999797514,1.0912101795859939,9.164597999983926,0.9924672527032209,-0.01739074633104476,0.9924672527032209,-0.01739074633104476,0.9924672527032209,-0.01739074633104476,0.9924672527032209,-0.03478149266208952,1.0256801067280068,0.6504575860000159,1.1117212525331763,3418,1.1187915325066795,1734
C:\Users\amasi\shipping-fulfillment-evidence\d-final\trial1,1,same,physical,50,50,baseline,True,True,0,0,False,0.9715305277566623,-480.76881299994056,0.9614047663766669,-873.546502000012,0.9614666065330123,-874.540670999977,1.3401586927790698,35.54564999996046,1.374768711289599,46.49837999994588,1.1427421765171353,21.317203000080553,1.182416171987807,1.1370000000000005,1.167852142257071,2.997,1.420054457953394,13.267,0.9903021750488782,-0.007022999966466159,1.024522006949019,0.028202000009969197,0.8393799739844643,-0.23159400001304675,1.1452702702702702,86,1.1304347826086956,144,1.1480836236933798,170,1.0,0,1.0,0,1.0,0,0.8837502830993154,-3.769584000053783,1.0167031168290315,0.9163149999835696,0.948999202066322,-5.89236500007928,1.0400852760261157,0.08830736742057654,1.0400852760261157,0.08830736742057654,1.0400852760261157,0.08830736742057654,1.0400852760261157,0.1766147348411531,1.0202808568449144,0.5164171449999344,1.139735942631191,4170,1.1463568721044504,2085
C:\Users\amasi\shipping-fulfillment-evidence\d-final\trial1,1,same,physical,50,1,canonical,True,True,0,0,False,0.9924750375634137,-70.67400500000076,0.9762190832007095,-294.9944270000051,0.9760798644864234,-297.5567639999772,0.9597040176747216,-4.216158999952313,0.9276313598932012,-9.930644000064603,0.8397957887018674,-24.308176999966236,0.9377442769402569,-0.44599999999999973,0.9957048028114017,-0.08800000000000097,1.1854575755380043,10.237999999999992,0.9265726118583871,-0.05515300006209145,1.0033111294851302,0.003916999958164524,1.0016968632696326,0.002064000000245869,0.8671679197994987,-53,0.8047808764940239,-147,0.8197146562905318,-139,1.0,0,1.0,0,1.0,0,1.0855251529394163,2.450297000109458,1.065777050731706,3.733461000024363,1.2350818002922352,23.81940600002963,1.02450251011293,0.09848312291534445,1.02450251011293,0.09848312291534445,1.0245025101129297,0.0019696624583068756,1.02450251011293,0.1969662458306889,0.9581779898417199,-0.6213667890000352,0.8465079443646983,-3101,0.8427893542397359,-1524
C:\Users\amasi\shipping-fulfillment-evidence\d-final\trial1,1,same,physical,50,1,baseline,True,True,0,0,False,1.0045869667038796,42.561116000002585,0.9937892693150734,-75.67996199998015,0.9939273024351432,-74.18542300001718,0.5731424641610838,-74.78472700006478,0.6739986415222605,-61.569101000145565,0.6351268357924708,-73.20379800000865,0.8931135336346716,-0.8040000000000003,0.953805872451842,-0.9880000000000031,1.7727272727272727,28.525999999999996,0.6002074944477771,-0.463578999983838,0.7494777826582868,-0.39673500009484997,0.753708769253554,-0.39814800004478457,0.9664804469273743,-12,0.8964497041420119,-70,0.8951841359773371,-74,1.0,0,1.0,0,1.0,0,1.0513920679661002,1.520184000014524,1.0403484045288518,2.346125000030952,1.0278804159385422,3.394409999941672,1.0061802584624535,0.025292695014444533,1.0061802584624535,0.025292695014444533,1.0061802584624537,0.0005058539002888995,1.0061802584624535,0.050585390028889066,0.9816430639517214,-0.2662170809999793,0.9167024013722127,-1554,0.9131552475690176,-777
C:\Users\amasi\shipping-fulfillment-evidence\d-final\trial1,1,same,virtual,1,1,canonical,True,True,0,0,False,0.9216805672121019,-2.532332999862774,0.9216805672121019,-2.532332999862774,0.9216805672121019,-2.532332999862774,1.0023981708876868,0.034243000072819996,1.0023981708876868,0.034243000072819996,1.0023981708876868,0.034243000072819996,0.9096989966555185,-0.05399999999999994,1.0058823529411764,0.010999999999999899,1.0058823529411764,0.010999999999999899,0.7866185778617529,-0.005680000072061375,0.5571013972273292,-0.03998400006821612,0.5571013972273292,-0.03998400006821612,0.9444444444444444,-1,0.9444444444444444,-1,0.9444444444444444,-1,1.0,0,1.0,0,1.0,0,0.9980677148285841,-0.01197999995383725,0.8559242010107712,-1.8016330000136804,0.8559242010107712,-1.8016330000136804,1.0851484028597962,2.6289705721413945,1.0851484028597962,2.6289705721413945,1.0851484028597962,2.6289705721413945,1.0851484028597962,5.257941144282789,0.9404877745791308,-0.00143712799996365,0.9473684210526315,-1,1.0,0
C:\Users\amasi\shipping-fulfillment-evidence\d-final\trial1,1,same,virtual,1,1,baseline,True,True,0,0,False,1.1609779730620402,4.132132000108868,1.1609779730620402,4.132132000108868,1.1609779730620402,4.132132000108868,1.0193757020594272,0.27205400010643643,1.0193757020594272,0.27205400010643643,1.0193757020594272,0.27205400010643643,0.8774193548387097,-0.07599999999999996,0.9989378651088688,-0.0020000000000000018,0.9989378651088688,-0.0020000000000000018,0.6454486572670175,-0.011502000120344746,0.6661368709357682,-0.025207000135196722,0.6661368709357682,-0.025207000135196722,1.4166666666666667,5,1.4166666666666667,5,1.4166666666666667,5,1.0,0,1.0,0,1.0,0,0.4892240670472762,-6.46053100001609,0.8461995859709402,-1.945339000030799,0.8461995859709402,-1.945339000030799,0.8619761151733961,-5.364847348174585,0.8619761151733961,-5.364847348174585,0.8619761151733961,-5.364847348174585,0.8619761151733961,-10.72969469634917,1.1262619375089153,0.002546100000017759,1.3846153846153846,5,2.0,1
C:\Users\amasi\shipping-fulfillment-evidence\d-final\trial1,1,different,physical,10,10,canonical,True,True,0,0,False,1.006713626777358,1.405413999918892,1.0272687689745932,5.818899000018973,1.0272687689745932,5.818899000018973,0.9783361121173482,-0.7064509999281654,1.5047675438075296,19.414075999975466,1.5047675438075296,19.414075999975466,1.0486678507992895,0.137,1.008835904628331,0.06299999999999972,1.0,0.0,1.2766699959198278,0.04653700000289973,1.186624048496148,0.04811000007975963,1.0333823252570085,0.010197999927186174,0.9655172413793104,-1,1.1379310344827587,4,1.1379310344827587,4,1.0,0,1.0,0,1.0,0,0.8963274700137681,-17.92627800000446,1.0132829226091211,2.353855000023941,1.0132829226091211,2.353855000023941,0.973659177295792,-1.2332360491954262,0.973659177295792,-1.2332360491954262,0.973659177295792,-1.2332360491954262,0.973659177295792,-2.4664720983908524,1.0439259389336266,0.010965141999975003,1.0166666666666666,5,1.3,3
C:\Users\amasi\shipping-fulfillment-evidence\d-final\trial1,1,different,physical,10,10,baseline,True,True,0,0,False,1.0126324254669137,2.6289839998980824,1.0215433074932707,4.622905000019273,1.0215433074932707,4.622905000019273,0.8943707603982499,-3.7679079998724774,1.2705678198575305,12.324604999889743,1.2705678198575305,12.324604999889743,0.9461538461538461,-0.16800000000000015,0.9343985450766432,-0.5050000000000008,0.8172632794457275,-1.8989999999999991,1.2798657805810383,0.04695700010870496,1.1757464180651909,0.04572500006361224,1.1701546426407472,0.045905000092716364,1.0,0,1.1785714285714286,5,1.1785714285714286,5,1.0,0,1.0,0,1.0,0,0.9285431803787398,-11.927096000022175,0.9985765570233386,-0.25596200009658787,0.9985765570233386,-0.25596200009658787,0.9787601563022408,-0.98923363091032,0.9787601563022408,-0.98923363091032,0.9787601563022408,-0.98923363091032,0.9787601563022408,-1.97846726182064,1.0298016983634977,0.007541371000002073,1.0517241379310345,15,1.3,3
C:\Users\amasi\shipping-fulfillment-evidence\d-final\trial1,1,same,virtual,10,10,canonical,True,True,0,0,False,0.9122719965511003,-31.468439000036597,0.9204384230164095,-37.496672999964176,0.9204384230164095,-37.496672999964176,1.0554565633535673,1.830272999995941,0.8135459128139554,-8.397863000027428,0.8135459128139554,-8.397863000027428,0.9995762711864408,-0.0009999999999998899,1.0715015321756896,0.41999999999999993,1.0233968804159446,0.18900000000000006,0.8572303767964505,-0.02773199992134323,0.8857020214335717,-0.03221899999061861,0.887898338424241,-0.03263100006734021,0.8656716417910447,-9,0.9823008849557522,-2,0.9823008849557522,-2,1.0,0,1.0,0,1.0,0,1.0094796974404059,0.07249099985529028,1.036714569909074,0.5508780000127445,0.954480212695678,-2.8922549998924296,1.0865921585496787,1.8366820124813152,1.0865921585496787,1.8366820124813152,1.0865921585496787,1.8366820124813152,1.0865921585496787,3.6733640249626305,0.932797617043672,-0.03648982200007822,0.9328467153284672,-46,0.9359430604982206,-18
C:\Users\amasi\shipping-fulfillment-evidence\d-final\trial1,1,same,virtual,10,10,baseline,True,True,0,0,False,1.0590144321016786,18.235499000070376,1.036666598215796,15.343187999974361,1.036666598215796,15.343187999974361,1.0546036449918663,1.8035809999901176,0.7978045405736889,-9.286537999969369,0.7978045405736889,-9.286537999969369,1.0583221175414983,0.1299999999999999,1.042570813317873,0.2569999999999997,1.0493780147245493,0.38899999999999935,1.0116284021510735,0.0019140001086270786,1.0288630737024995,0.007004000053711934,1.0255257521950205,0.006433000066863315,1.2083333333333333,10,1.0471698113207548,5,1.0471698113207548,5,1.0,0,1.0,0,1.0,0,1.039473510562487,0.29314299990801373,1.0349694956178332,0.5255790000546767,1.1184011121207411,6.4203910000060205,0.9648876106008847,-0.8386980394741066,0.9648876106008847,-0.8386980394741066,0.9648876106008847,-0.8386980394741066,0.9648876106008847,-1.6773960789482132,1.0575561811774403,0.02756531899996162,1.0941780821917808,55,1.109704641350211,26
C:\Users\amasi\shipping-fulfillment-evidence\d-final\trial1,1,same,virtual,100,100,canonical,True,True,0,0,False,1.020363466815463,559.010460999958,1.0033267527368008,121.28957300001639,1.0030210030498639,110.44626799991966,0.9563320736583154,-7.6468770000701625,1.010494768334933,2.261338000039359,1.0116702159971136,2.51826700014135,0.9223347042075293,-0.49099999999999966,0.594078179696616,-8.349000000000002,0.39308578745198464,-38.394000000000005,1.0433290069179828,0.06543199992847804,1.0182840630442707,0.044582999976228166,1.025755301835167,0.0645099999019294,0.8650646950092421,-73,0.9818569903948773,-17,0.9645390070921985,-35,1.0,0,1.0,0,1.0,0,1.125512980269799,6.645439999942937,1.1480670035078473,17.561330000035014,1.072182222232125,10.50167399989732,0.9970259117456509,-0.008132128232166469,0.9970259117456509,-0.008132128232166469,0.9970259117456509,-0.008132128232166469,0.9970259117456509,-0.016264256464332938,0.9857131760569188,-0.6112786219999293,0.902336819056967,-5174,0.9020047124261269,-2537
C:\Users\amasi\shipping-fulfillment-evidence\d-final\trial1,1,same,virtual,100,100,baseline,True,True,0,0,False,1.0267804392756552,730.5723449999277,1.0337782861563092,1195.2411629999915,1.0336299449103756,1193.0838920000024,0.9545502518025633,-7.973756000069443,0.9121165724460778,-20.978929999955653,0.9125119712713852,-20.930128999907538,1.0253209073325127,0.14400000000000013,1.0799893936715572,0.9049999999999994,0.9526491207907137,-1.2360000000000007,1.0977000963053465,0.14023099993210053,1.028019746092915,0.06767499996840343,1.031510563838114,0.07848499990359414,0.9915254237288136,-4,1.097852028639618,82,1.0892448512585813,78,1.0,0,1.0,0,1.0,0,1.0193117101073097,1.1290139999573512,1.1195087829011774,14.535791000184872,0.9771737687316107,-3.6438400001088667,0.9675042130188826,-0.0915653175909581,0.9675042130188826,-0.0915653175909581,0.9675042130188826,-0.0915653175909581,0.9675042130188826,-0.1831306351819162,1.0346537125180255,1.4125662460000399,1.0287066924897783,1334,1.0294026890015429,667
C:\Users\amasi\shipping-fulfillment-evidence\d-final\trial1,1,same,physical,100,100,canonical,False,False,22,20,True,1.0217586838683737,1564.195916000026,1.000012168142838,1.0953739999822574,1.000010566896557,0.9512330000143265,0.9705476038202012,-5.29067299999042,0.9892781144949344,-2.2170979999600604,1.1017938908826415,22.306247999949846,0.7518069179143004,-1.923,0.736948142957253,-6.006,0.4085446934252647,-48.038,1.1525201352537757,0.20448099996883684,1.07015272335267,0.15918599990527582,1.0681878455101121,0.15915500000573957,0.8997982515131137,-149,0.8986679352997146,-213,0.898812351543943,-213,1.0,0,1.0,0,1.0,0,1.051371128177446,2.6975470000252244,1.0121758421104177,1.5254970001024049,0.9757388330119708,-3.9409499999010222,0.9733238937372748,-0.022224762507702778,0.9999903017848714,-1.0773212844927826e-05,0.9733238937372748,-0.022224762507702778,0.9885618411930441,-0.022235535720547928,0.9807575016398175,-2.041908043000035,0.9072563426737149,-12597,0.9066980269958502,-6228
C:\Users\amasi\shipping-fulfillment-evidence\d-final\trial1,1,same,physical,100,100,baseline,False,False,22,26,True,0.9536266155428436,-3571.883554,0.9993665042350554,-57.06401700002607,0.9993580941348919,-57.82215200008068,0.8049461987173839,-42.246885000054135,0.7896902752517715,-54.479698000022836,0.9303453345467562,-18.076369000027626,1.018178640097885,0.10400000000000009,1.4370142625330944,5.117000000000001,1.2448229291716688,6.526000000000003,1.0501275990414294,0.07375799987130449,1.055074746964508,0.1267579998511792,1.0525306612432532,0.12443399998574023,1.015174506828528,20,1.1118304885226604,190,1.1129411764705883,192,1.0,0,1.0,0,1.0,0,0.903993528010006,-5.8632870000110415,0.9101479433378626,-12.519423999947321,0.957733315090552,-6.994817999839142,1.123795789189026,0.08932860403773213,1.0006400862642013,0.0007105748391629252,1.123795789189026,0.08932860403773213,1.0491559692345866,0.09003917887689483,1.0102235519629208,1.0532238370000186,1.062209081819122,7217,1.0614904326779733,3506
C:\Users\amasi\shipping-fulfillment-evidence\d-final\trial1,1,same,physical,1,1,canonical,True,True,0,0,False,0.9142327847147037,-4.113693000022067,0.9142327847147037,-4.113693000022067,0.9142327847147037,-4.113693000022067,1.0838185165138061,1.1817260000270835,1.0838185165138061,1.1817260000270835,1.0838185165138061,1.1817260000270835,0.9828571428571429,-0.009000000000000008,0.9854922279792746,-0.028000000000000025,1.000603136308806,0.002000000000000224,1.3262239896232513,0.006882999969093362,1.3090317036936454,0.015848999964873656,1.3090317036936454,0.015848999964873656,0.8235294117647058,-6,0.8235294117647058,-6,0.8235294117647058,-6,1.0,0,1.0,0,1.0,0,3.5273404820811356,21.99283600009494,1.1600081947491083,4.233953000039037,1.1600081947491083,4.233953000039037,1.0934209959709709,1.9456581508187405,1.0934209959709709,1.9456581508187405,1.0934209959709709,1.9456581508187405,1.0934209959709709,3.891316301637481,0.9406831663227792,-0.0018276650000643713,0.8285714285714286,-6,0.5,-1
C:\Users\amasi\shipping-fulfillment-evidence\d-final\trial1,1,same,physical,1,1,baseline,True,True,0,0,False,1.0144562026357138,0.6248680000453533,1.0144562026357138,0.6248680000453533,1.0144562026357138,0.6248680000453533,1.0888217147720356,1.2465100001008977,1.0888217147720356,1.2465100001008977,1.0888217147720356,1.2465100001008977,1.048780487804878,0.02400000000000002,0.9994745139253809,-0.001000000000000112,0.9380831212892282,-0.21899999999999986,1.3799191190867939,0.007703999926889082,1.3700740805902678,0.01813400001537957,1.3700740805902678,0.01813400001537957,1.0,0,1.0,0,1.0,0,1.0,0,1.0,0,1.0,0,0.9994352397825844,-0.017344999946544704,0.9994352397825844,-0.017344999946544704,0.9994352397825844,-0.017344999946544704,0.9855058011517479,-0.3349226230118525,0.9855058011517479,-0.3349226230118525,0.9855058011517479,-0.3349226230118525,0.9855058011517479,-0.669845246023705,1.0362110205931543,0.0010128719999329405,1.0,0,1.0,0
C:\Users\amasi\shipping-fulfillment-evidence\d-final\trial1,1,different,physical,50,50,canonical,True,True,0,0,False,0.9742703389121118,-23.869554999919274,0.9580011801140119,-40.248990000009144,0.9602011034481706,-38.15104700004213,0.9632938789450953,-3.676740999935646,0.8706149120361772,-16.648082000074282,0.821731414542133,-26.03729099996599,0.9576913361960091,-0.33499999999999996,0.9202703954069822,-1.7219999999999978,0.9527124183006536,-1.4470000000000027,0.9362355286516947,-0.04766999995808874,0.976097826668008,-0.029355000037867285,1.1347044680122174,0.1700260000916387,0.9655172413793104,-1,0.9655172413793104,-1,0.9655172413793104,-1,1.0,0,1.0,0,1.0,0,0.9797397865094205,-16.020764000018062,0.9472108081959196,-44.16332499999953,0.9443746469768322,-46.72314000015376,1.0412294124624362,2.1490912683547165,1.0412294124624362,2.1490912683547165,1.0412294124624362,2.1490912683547165,1.0412294124624362,4.298182536709433,0.9524751485057619,-0.05508864300009009,0.9666666666666667,-50,1.0,0
C:\Users\amasi\shipping-fulfillment-evidence\d-final\trial1,1,different,physical,50,50,baseline,True,True,0,0,False,1.0056599776291577,5.086901000140642,0.9937142332648738,-5.807386000014958,0.9955959030675762,-4.071659000032923,0.9776031244979075,-2.2105899998905443,0.939244382856013,-7.2462599999880695,0.9660296987675702,-4.220460000055937,0.9826357392769212,-0.13399999999999945,0.9205261207854762,-1.7159999999999975,0.9503520667622898,-1.5229999999999997,0.8725122944471873,-0.1022699999566612,0.9188895838904358,-0.10581599997294688,0.9875385607080586,-0.018072999864671146,1.0,0,1.0,0,1.0,0,1.0,0,1.0,0,1.0,0,1.0100954189529787,7.743046999962644,0.9883622042628474,-9.330781000016941,0.983528484329376,-13.284652000038477,1.0045788948788168,0.24738351986516705,1.0045788948788168,0.24738351986516705,1.0045788948788168,0.24738351986516705,1.0045788948788168,0.4947670397303341,0.9968429895883103,-0.0034965859999829263,1.0,0,1.0,0
C:\Users\amasi\shipping-fulfillment-evidence\d-final\trial1,1,same,virtual,50,1,canonical,True,True,0,0,False,0.8541656682033018,-833.8860029997477,0.867472710551168,-995.7019079997735,0.8675603057225462,-997.564058999842,1.8281916084245635,82.03060399989681,1.3152386656070933,49.272774999963076,1.440748140124823,68.9040740001019,1.0106567203942987,0.08000000000000007,1.00529858227123,0.1109999999999971,0.7275268336314848,-14.622,1.0680655246964317,0.04663700008222804,0.9970109594795111,-0.003467000055934477,0.9934663801657594,-0.007814999889887986,0.8409090909090909,-35,0.857487922705314,-59,0.8386363636363636,-71,1.0,0,1.0,0,1.0,0,0.9978156725895525,-0.06527300001835101,0.9765069032311938,-1.405966999982411,0.9752447667272921,-3.413837000152853,1.1526327549955462,1.0131002489175778,1.1526327549955462,1.0131002489175778,1.152632754995546,0.02026200497835154,1.1526327549955462,2.0262004978351555,0.8634098436362715,-1.217612587000076,0.8442521631644005,-1764,0.8423183072677093,-857
C:\Users\amasi\shipping-fulfillment-evidence\d-final\trial1,1,same,virtual,50,1,baseline,True,True,0,0,False,1.015942359399339,76.6430090002359,1.0168285402219874,107.86450700015848,1.0164274598572416,105.61274299993784,1.8383933998534852,82.58024999986446,1.6539613171885301,81.28283100018052,1.7420423572459474,95.9428169999228,1.0328069697794717,0.24099999999999966,1.0044834493942572,0.09399999999999764,0.5029694806951548,-38.581,1.0369529115769942,0.02607900000839436,1.0266381161900513,0.030005999860804877,1.0268289352750772,0.03104799998254748,0.9893048128342246,-2,1.0171919770773639,6,0.9892761394101877,-4,1.0,0,1.0,0,1.0,0,1.0072030340317288,0.21323800001482596,0.9618419623776665,-2.318421999916609,1.0051209523008044,0.685206999833099,0.9838362829878727,-0.12569385302213298,0.9838362829878727,-0.12569385302213298,0.9838362829878726,-0.0025138770604426763,0.9838362829878727,-0.25138770604426597,1.0143451168532827,0.10884915699989506,1.0013613990993822,13,1.001093374152635,5
C:\Users\amasi\shipping-fulfillment-evidence\d-final\trial1,1,same,virtual,50,50,canonical,True,True,0,0,False,0.9486532713151242,-363.0814369998916,0.9348713349234269,-621.3035319999562,0.9348698569193991,-622.9652590000114,1.1702380039998175,17.003879999947458,0.8659391717630911,-19.643326000050365,0.8094899433454811,-34.41150899993772,1.0044977511244377,0.03300000000000036,1.0192505008061759,0.3940000000000019,0.8754193745161064,-5.309999999999995,0.9730106594036676,-0.019045999806621694,0.9963546307820318,-0.0041480000163574005,1.0284692100717108,0.034655000035854755,0.911660777385159,-25,0.8925318761384335,-59,0.9347442680776014,-37,1.0,0,1.0,0,1.0,0,1.0124441550862486,0.35956800002168166,1.026670998778892,1.4843930000552064,0.98359208559624,-2.2213860002011643,1.069643958438192,0.3640450034510003,1.069643958438192,0.3640450034510003,1.069643958438192,0.3640450034510003,1.069643958438192,0.7280900069020007,0.9349527833504929,-0.7380009979999613,0.9275762174092979,-1050,0.9280472010361203,-500
C:\Users\amasi\shipping-fulfillment-evidence\d-final\trial1,1,same,virtual,50,50,baseline,True,True,0,0,False,1.0355178488611352,230.0847529998009,1.0316049313546487,273.2278290002341,1.0312507500621402,270.9749349999129,1.2037466308287785,19.78431699990324,1.1305617621687731,14.652853999905346,1.2874613879663603,32.64694699964821,1.0076565490839486,0.05600000000000005,1.0064649973464563,0.13400000000000034,1.045328477377784,1.618000000000002,1.0375747613264603,0.024866000103429542,1.0166923739658957,0.018614000055094948,0.9406312173824031,-0.07901699996182288,1.0238095238095237,6,1.0,0,1.0392156862745099,20,1.0,0,1.0,0,1.0,0,1.007915768096893,0.2297500000167929,1.00083848555518,0.04787100010616996,0.9999396343142878,-0.008039000022108667,0.9696945801553947,-0.17474155910547484,0.9696945801553947,-0.17474155910547484,0.9696945801553947,-0.17474155910547484,0.9696945801553947,-0.3494831182109497,1.0353125342254255,0.3618056330001309,1.0254689644654567,334,1.0265838904807387,167
C:\Users\amasi\shipping-fulfillment-evidence\d-final\trial2,2,same,physical,10,10,canonical,True,True,0,0,False,0.9627916759837923,-28.956070999981876,0.9552399359696014,-46.36645300001874,0.9552399359696014,-46.36645300001874,1.0044691916903195,0.16656500002909524,0.8997849959776623,-4.982689999991408,0.8997849959776623,-4.982689999991408,0.995,-0.01100000000000012,1.0662251655629138,0.3799999999999999,1.029634815074087,0.25399999999999956,0.98028832509396,-0.0034060000189128914,3.765766945138841,0.7181949999903736,3.290327084559485,0.6889510000007704,0.9781021897810219,-3,0.9516728624535316,-13,0.9516728624535316,-13,1.0,0,1.0,0,1.0,0,1.0052864480885917,0.03807199999528166,0.9913983352789559,-0.12207399996100321,1.102259527622998,6.956491000011056,1.0468972072283498,0.45263410704169615,1.0468972072283498,0.45263410704169615,1.0468972072283498,0.45263410704169615,1.0468972072283498,0.9052682140833923,0.9582551017265128,-0.049929810000000296,0.9639519359145527,-54,0.9638752052545156,-22
C:\Users\amasi\shipping-fulfillment-evidence\d-final\trial2,2,same,physical,10,10,baseline,True,True,0,0,False,1.0076279681705362,5.672056000008752,0.9954383540101336,-4.5345360000226265,0.9954383540101336,-4.5345360000226265,0.8894515478103119,-4.652878999991117,0.9654492333402763,-1.6010249999851567,0.9654492333402763,-1.6010249999851567,0.996358670914884,-0.008000000000000007,1.0395921835174173,0.23300000000000054,1.084818684695759,0.6899999999999995,0.9961713988694466,-0.0006510000218895584,3.8320114114499892,0.7226840000100765,3.7419754861426955,0.7252580000169928,0.9710144927536232,-4,0.9624060150375939,-10,0.9624060150375939,-10,1.0,0,1.0,0,1.0,0,0.9967676121284839,-0.02347800000279676,1.0322984935608277,0.4402160000154254,1.103841416072711,7.05398000002333,1.0046028886883678,0.046295671337833966,1.0046028886883678,0.046295671337833966,1.0046028886883678,0.046295671337833966,1.0046028886883678,0.09259134267566793,0.9971441493892851,-0.00328257899999973,0.9639519359145527,-54,0.9560260586319218,-27
C:\Users\amasi\shipping-fulfillment-evidence\d-final\trial2,2,different,virtual,100,100,canonical,True,True,0,0,False,0.9355875298303766,-63.78553400000442,0.931092023263396,-70.09117699999479,0.9313248782527752,-69.94411499997,1.2360595505147298,42.349406999989014,1.248853998572979,51.56662100000631,1.2315102083714171,48.73229299997206,1.0524997152943856,0.4610000000000003,0.9294927853082642,-1.9349999999999987,0.6764869637147448,-20.336999999999996,1.042217185427982,0.057405999967841126,0.98825242889813,-0.02731099999664366,0.9873179503049254,-0.030426000023453526,0.9230769230769231,-1,0.9230769230769231,-1,0.9230769230769231,-1,1.0,0,1.0,0,1.0,0,0.8522621456186714,-110.08195700000556,0.864534308669106,-105.60386299999891,0.8637153379529451,-106.92130000001043,1.0736168979414478,7.218285912492718,1.0736168979414478,7.218285912492718,1.0736168979414478,7.218285912492718,1.0736168979414478,14.436571824985435,0.9379854385177528,-0.074317720999999,0.9285714285714286,-100,1.0,0
C:\Users\amasi\shipping-fulfillment-evidence\d-final\trial2,2,different,virtual,100,100,baseline,True,True,0,0,False,1.0584230143489173,51.140073999988545,1.0487623205711964,44.034569000018564,1.049410044980913,44.660438000022395,1.25449571358561,44.98590299999705,1.259918333131409,53.38635100000033,1.254235795637095,52.546309999968344,1.0193007610014337,0.1750000000000007,0.9685245652669147,-0.8290000000000006,1.0829131652661064,3.2560000000000002,0.9833094996656156,-0.024055000011458105,0.87437452523588,-0.33009399999173183,0.8790399824224202,-0.32594600000379614,1.0,0,1.0,0,1.0,0,1.0,0,1.0,0,1.0,0,0.9991692402923179,-0.5280000000027485,1.0127536839444022,8.487202000026173,0.9975380107861082,-1.6724169999804417,0.9538366474836051,-5.094824655690786,0.9538366474836051,-5.094824655690786,0.9538366474836051,-5.094824655690786,0.9538366474836051,-10.189649311381572,1.0364913534795368,0.03957483299999964,1.0,0,1.0,0
C:\Users\amasi\shipping-fulfillment-evidence\d-final\trial2,2,same,virtual,100,1,canonical,True,True,0,0,False,0.7788369786399151,-4955.98572099999,0.7957451618722469,-5948.632397000012,0.7961012880429706,-5953.233820000038,1.2585880273766838,44.943987000010566,1.2053885923905476,43.60805499999287,1.2082307784486037,44.31757499997957,1.5701141591412506,3.346,1.6819528714547765,9.666,2.4700745986455366,42.763000000000005,0.649117018182906,-0.7486319999827629,0.7423013426679695,-0.7884359999650314,0.7477856711163489,-0.7894479999777104,0.9453125,-21,1.025297619047619,17,1.0184659090909092,13,1.0,0,1.0,0,1.0,0,0.8725809153505927,-7.608605999990914,0.9473909509452005,-6.331010000025117,0.9813619051409846,-2.93475300000523,1.2561386532566834,0.8769500462300095,1.2561386532566834,0.8769500462300095,1.2561386532566836,0.0087695004623001,1.2561386532566834,1.753900092460019,0.8236515090110788,-5.9325570099999965,0.9701385950063479,-1129,0.9721966289090023,-513
C:\Users\amasi\shipping-fulfillment-evidence\d-final\trial2,2,same,virtual,100,1,baseline,True,True,0,0,False,0.9553398781095519,-815.8796349999866,0.960524140179235,-952.4498120000244,0.9606448989744079,-952.2367430000158,1.2680618348311263,46.24250300000199,1.2002980439729785,42.707591999999295,0.8902014130493665,-31.71680500000207,1.4255878712871286,2.7509999999999994,1.1330798479087454,2.8000000000000007,1.122424431773803,7.837000000000003,0.9913011859878302,-0.012152999971704048,0.7754967197305834,-0.6574719999719036,0.7763368860706014,-0.6743339999957243,1.0401146131805157,14,1.1313628899835797,80,1.1291338582677166,82,1.0,0,1.0,0,1.0,0,0.957497469610339,-2.3128820000124506,0.9361734815817366,-7.77296300003627,1.0489511653950396,7.211190999981909,1.0410074325338428,0.16941273824287517,1.0410074325338428,0.16941273824287517,1.041007432533843,0.001694127382428759,1.0410074325338428,0.33882547648575034,0.9791389616471449,-0.590344144999996,1.0727676874031178,2488,1.07451779082305,1244
C:\Users\amasi\shipping-fulfillment-evidence\d-final\trial2,2,same,physical,100,1,canonical,True,True,0,0,False,0.8699956374229612,-5678.270058000009,0.858200825627348,-8187.7942420000545,0.8580085343760945,-8219.401789000018,1.0994192293419025,19.49258000001919,1.1696343009592398,36.747185999956855,1.088162771137528,20.870472000012796,1.0020667726550079,0.0129999999999999,0.9368215371254887,-1.163999999999998,0.9678426388927259,-1.1640000000000015,0.772677815933912,-0.4285080000272501,0.8383095539913803,-0.45311499997069404,0.8423158490998819,-0.45258300002615215,0.9434482758620689,-41,0.8851000741289844,-155,0.8849177984274482,-161,1.0,0,1.0,0,1.0,0,0.9598696547195094,-2.4220210000294173,0.8943649215571464,-14.765327000020534,0.8565995752755843,-24.59721200000331,1.1654894352712812,0.28579842451653725,1.1654894352712812,0.28579842451653725,1.165489435271281,0.002857984245165368,1.1654894352712812,0.5715968490330745,0.8785950708267513,-7.981565492000016,0.9233860460012893,-5586,0.9230531867145422,-2743
C:\Users\amasi\shipping-fulfillment-evidence\d-final\trial2,2,same,physical,100,1,baseline,True,True,0,0,False,1.0877117612751652,3064.2147559999576,1.0604883430605174,2826.4931369999977,1.059865202169783,2805.3909800000256,1.0027743584577793,0.5963780000683983,0.9874460806558483,-3.2212650000360554,0.9593279056704395,-10.921199999927467,0.7371067711378786,-2.248,0.7313559322033899,-6.34,0.4589015077088328,-41.30799999999999,1.0499705161300905,0.06931900003337432,1.0506767635904966,0.11331000007430703,1.0503202307139587,0.11582600001247556,0.936986301369863,-46,0.9660194174757282,-42,0.9596899224806201,-52,1.0,0,1.0,0,1.0,0,1.0896044640879248,4.764068999975279,1.0521774014156198,6.199306999974397,0.9719276083283307,-4.243837999979405,0.9435532919195188,-0.12041208674227999,0.9435532919195188,-0.12041208674227999,0.9435532919195185,-0.0012041208674228032,0.9435532919195188,-0.24082417348455998,1.0418050267764418,2.317835345999981,0.9609346007821644,-2737,0.9600291757840992,-1370
C:\Users\amasi\shipping-fulfillment-evidence\d-final\trial2,2,same,virtual,10,1,canonical,True,True,0,0,False,1.1236109852862313,36.32852999999159,1.0703805085205742,26.377297000010458,1.0703805085205742,26.377297000010458,1.127871127248016,4.262181999990844,0.989346688267721,-0.5098149999867019,0.989346688267721,-0.5098149999867019,0.9912718204488776,-0.02100000000000035,1.1561836301257964,0.9559999999999995,5.753275681341719,36.277,1.0045249685930782,0.0007520000053773401,1.0415693322000197,0.010410000015781407,1.0415899053561413,0.010791000022436492,0.9782608695652174,-1,0.9642857142857143,-3,0.9642857142857143,-3,1.0,0,1.0,0,1.0,0,1.080685991425639,0.6248419999224097,2.192340397386229,19.867849999968712,1.2736705980757803,11.64491000002954,0.9342570346555934,-1.7532869405592457,0.9342570346555934,-1.7532869405592457,0.9342570346555933,-0.17532869405592466,0.9342570346555934,-3.5065738811184914,1.060193601255677,0.026101336999943214,0.9429657794676806,-30,0.9534883720930233,-10
C:\Users\amasi\shipping-fulfillment-evidence\d-final\trial2,2,same,virtual,10,1,baseline,True,True,0,0,False,1.3856572650230414,91.90781200004494,1.24991590861458,80.21012400001837,1.24991590861458,80.21012400001837,1.2401683505220624,7.280380999986846,1.2542392633108788,9.597070999973312,1.2542392633108788,9.597070999973312,1.076263537906137,0.1689999999999996,1.2707847010235231,1.508,5.759312696747115,36.285,0.8639541682853321,-0.026288000015028956,0.938400544057187,-0.01712199997427888,0.9421963303832251,-0.016579999964960734,1.0975609756097562,4,1.0253164556962024,2,1.0253164556962024,2,1.0,0,1.0,0,1.0,0,1.1202231514983878,0.898162999988017,2.2429091941902928,20.24353299998438,1.221010292935792,9.809758000017155,0.8001579634473928,-6.222733479853357,0.8001579634473928,-6.222733479853357,0.8001579634473929,-0.6222733479853355,0.8001579634473928,-12.445466959706714,1.2420131791416265,0.08957986799993023,1.109619686800895,49,1.1263736263736264,23
C:\Users\amasi\shipping-fulfillment-evidence\d-final\trial2,2,different,physical,100,100,canonical,True,True,0,0,False,0.9425895949281847,-106.98784700002761,0.9354947286581878,-122.98470599995426,0.9355510122574728,-123.04332399997975,0.8067102535656768,-42.88703500003521,0.8030417857109975,-51.0821020000094,0.7682765374607118,-62.92788199993993,0.99782324771441,-0.02000000000000135,0.987192118226601,-0.2989999999999995,1.0761694755079538,2.4179999999999957,1.035088361208643,0.04795000000967775,1.0263552765549453,0.060983000025771616,1.0065273393704608,0.015858999972806487,0.9655172413793104,-1,0.9655172413793104,-1,0.9655172413793104,-1,1.0,0,1.0,0,1.0,0,0.9611679660720576,-60.90239100001327,0.9716012895492856,-45.60903099996949,0.9599536389182204,-65.47423799997887,1.0688799128588253,3.6051660664550127,1.0688799128588253,3.6051660664550127,1.0688799128588253,3.6051660664550127,1.0688799128588253,7.210332132910025,0.9360323879657543,-0.14769823599999654,0.9666666666666667,-100,1.0,0
C:\Users\amasi\shipping-fulfillment-evidence\d-final\trial2,2,different,physical,100,100,baseline,True,True,0,0,False,0.9527978714045156,-87.02164400000356,0.9549188975933067,-84.20255800001542,0.954587866957116,-84.96996099995613,0.7689814253668658,-53.773193999973046,0.7549477755968111,-67.60433499999863,0.7436570241528836,-71.918299999993,0.9694406259913291,-0.2890000000000015,0.9589713715046604,-0.9860000000000007,0.9829381977212567,-0.5930000000000035,0.9262296853035619,-0.11265900002399576,0.9847498157976377,-0.036777999980586173,0.9705526565837714,-0.0741980000498188,1.0,0,1.0,0,1.0,0,1.0,0,1.0,0,1.0,0,0.9813501354853225,-28.648057999987486,0.9948003137912004,-8.156080999981441,0.9925768405896903,-11.737680999942768,1.0476490934897609,2.544487972652874,1.0476490934897609,2.544487972652874,1.0476490934897609,2.544487972652874,1.0476490934897609,5.088975945305748,0.9565302925069357,-0.09821866699996917,1.0,0,1.0,0
C:\Users\amasi\shipping-fulfillment-evidence\d-final\trial2,2,different,virtual,10,10,canonical,True,True,0,0,False,0.985938892177816,-1.7063139999891064,0.9453527229555171,-7.504851000021517,0.9453527229555171,-7.504851000021517,0.9539238762506322,-1.6510480000420102,1.0514338511289738,2.6022330000046168,1.0514338511289738,2.6022330000046168,0.8320405727923629,-0.5629999999999997,0.9032374100719425,-0.8069999999999995,0.8116357504215852,-2.234,1.130058996998911,0.022993000015958387,1.0436844670503518,0.012103000017305021,1.0362783423945647,0.010439999982736481,0.9230769230769231,-1,0.9444444444444444,-1,0.9444444444444444,-1,1.0,0,1.0,0,1.0,0,0.8056683523606684,-14.122034000024541,0.8900242369254938,-9.604134999960934,0.8900242369254938,-9.604134999960934,1.0572629692181699,4.16569101616227,1.0572629692181699,4.16569101616227,1.0572629692181699,4.16569101616227,1.0572629692181699,8.33138203232454,0.9670348059684086,-0.005137738000030367,0.967741935483871,-5,1.0769230769230769,1
C:\Users\amasi\shipping-fulfillment-evidence\d-final\trial2,2,different,virtual,10,10,baseline,True,True,0,0,False,1.0534271800479624,6.068022000022211,1.0954991844958755,11.317618000020957,1.0954991844958755,11.317618000020957,1.0181542539689514,0.6094839999946089,1.327055574142328,13.11026700000184,1.327055574142328,13.11026700000184,0.9584192439862543,-0.121,0.9500567536889898,-0.3959999999999999,0.92566592941629,-0.7729999999999997,0.9799576194096749,-0.004086000046754634,0.9886656203652442,-0.0033150000149362313,0.9857304349701562,-0.0043170000481040915,1.0,0,1.4166666666666667,5,1.4166666666666667,5,1.0,0,1.0,0,1.0,0,0.7826531051610188,-16.2590119999777,0.9272579675783713,-6.097445999955653,0.9272579675783713,-6.097445999955653,0.9125066071573789,-7.3745487651278125,0.9125066071573789,-7.3745487651278125,0.9125066071573789,-7.3745487651278125,0.9125066071573789,-14.749097530255625,1.0961719336830078,0.013222941999970317,1.1538461538461537,20,1.4,4
C:\Users\amasi\shipping-fulfillment-evidence\d-final\trial2,2,same,physical,10,1,canonical,True,True,0,0,False,0.9001932174851636,-52.86940799999229,0.90214877548541,-66.84717000001683,0.90214877548541,-66.84717000001683,0.9684054388072033,-1.2137159999383584,0.9290473186350316,-3.6315100000479106,0.9290473186350316,-3.6315100000479106,0.9907220653489309,-0.02300000000000013,0.9161058068555329,-0.5360000000000005,0.9776451310861423,-0.19100000000000072,1.0215475552814182,0.0035869999805981934,0.8885722497142985,-0.03218000000515531,0.8927984050306067,-0.03193899999587302,0.967032967032967,-3,0.9058823529411765,-16,0.9058823529411765,-16,1.0,0,1.0,0,1.0,0,0.996021595213445,-0.03141499996672792,1.025605282729449,0.37424099997451776,0.9926980838245901,-0.4408549999652678,1.1084095656466806,1.5865886159704523,1.1084095656466806,1.5865886159704523,1.1084095656466806,0.15865886159704523,1.1084095656466806,3.1731772319409046,0.9067897130906316,-0.07423081500002127,0.9124378109452737,-88,0.9060240963855422,-39
C:\Users\amasi\shipping-fulfillment-evidence\d-final\trial2,2,same,physical,10,1,baseline,True,True,0,0,False,0.8059760176554494,-114.79247600004783,0.8422998756548296,-115.3878880000434,0.8422998756548296,-115.3878880000434,0.9416904496377279,-2.303527999970356,1.2019735816524109,7.990167999992082,1.2019735816524109,7.990167999992082,0.9699842022116903,-0.07600000000000007,0.8829386031075577,-0.7759999999999998,0.7984896281426249,-2.1080000000000005,0.9375313556307857,-0.011330999996062019,0.9543922942633493,-0.012262999916856643,0.9524346621934606,-0.013283999976465566,0.9565217391304348,-4,0.9746835443037974,-4,0.9746835443037974,-4,1.0,0,1.0,0,1.0,0,0.9898379138139802,-0.0807449999911114,0.9266906184138388,-1.1858419999839498,0.8378527490505481,-11.598932000026707,1.187299338496938,2.5590160647252755,1.187299338496938,2.5590160647252755,1.187299338496938,0.2559016064725277,1.187299338496938,5.118032129450551,0.8574762709865164,-0.12003061600006504,0.945360824742268,-53,0.9306930693069307,-28
C:\Users\amasi\shipping-fulfillment-evidence\d-final\trial2,2,different,virtual,50,50,canonical,True,True,0,0,False,1.0712775665851153,35.717513000008694,1.0419266495727364,22.210664999988694,1.0425388938504212,22.60453700000653,1.0520032906009222,5.2060799999935625,0.9415415883130436,-7.926617999999053,0.7579622759795299,-48.37387300000273,1.0738137082601054,0.629999999999999,1.1765222035708836,4.626999999999999,1.9855251443177575,34.315,1.0132873114132268,0.009928000054060249,0.9796723574460563,-0.02550799996470232,0.9448812251132721,-0.07378800000878982,0.9230769230769231,-1,0.6666666666666666,-6,0.9444444444444444,-1,1.0,0,1.0,0,1.0,0,1.0852806232194696,30.94816299994818,1.0813000013853966,31.98752399998739,1.0786749745881874,31.584873000042535,0.9593110117148923,-3.823358968652286,0.9593110117148923,-3.823358968652286,0.9593110117148923,-3.823358968652286,0.9593110117148923,-7.646717937304572,1.0382749263928426,0.02388755200001924,0.916083916083916,-60,0.9622641509433962,-2
C:\Users\amasi\shipping-fulfillment-evidence\d-final\trial2,2,different,virtual,50,50,baseline,True,True,0,0,False,1.1084905138598227,52.5400090000403,1.11385873299566,56.42152000001488,1.1166204614704007,57.85899199997857,1.0160231691482702,1.6608939999969152,0.9957285015024377,-0.5476709999925333,1.1751713378015243,22.58069199996271,1.014163992475379,0.12799999999999834,1.1707604115257582,4.4979999999999976,1.7855316511273533,30.415,0.5015029715122599,-0.7525689999852148,0.4490608273217364,-1.5082340000276417,0.4558819289222862,-1.5097470000569047,1.0,0,1.0,0,1.4166666666666667,5,1.0,0,1.0,0,1.0,0,1.132477552360756,46.07223199997179,1.152653903009343,56.343687000037335,1.1450488947892616,54.8559220000584,0.8959583175917872,-10.46760133968985,0.8959583175917872,-10.46760133968985,0.8959583175917872,-10.46760133968985,0.8959583175917872,-20.9352026793797,1.1164383133627636,0.06758196599997746,1.0076923076923077,5,1.02,1
C:\Users\amasi\shipping-fulfillment-evidence\d-final\trial2,2,same,physical,50,50,canonical,True,True,0,0,False,0.9658769555461926,-598.1048449999653,0.9613398979762808,-902.8286319999643,0.9613282910832077,-905.4114600000394,1.0288477543640626,2.842940999983057,1.0135629203023422,1.6020379999872603,0.9843659391403697,-1.9359009999675436,0.7848456501403182,-1.6099999999999994,0.6115883925162275,-8.138000000000002,0.626657807988143,-14.610000000000003,1.0764175011345356,0.05562299998018716,1.0706903122874365,0.0845769999955337,1.0776124645206713,0.09899399998403169,0.7988748241912799,-143,0.8409260642270351,-213,0.8492352512745812,-207,1.0,0,1.0,0,1.0,0,1.1310087424955162,3.8468570000418367,0.9191716426424719,-4.5614520000754055,0.9278176653052834,-8.588312000028964,1.0402193962053332,0.08589020923994761,1.0402193962053332,0.08589020923994761,1.0402193962053332,0.08589020923994761,1.0402193962053332,0.17178041847989522,0.9320109676461045,-1.8973742910000055,0.8165673885208484,-6590,0.8105775357701442,-3270
C:\Users\amasi\shipping-fulfillment-evidence\d-final\trial2,2,same,physical,50,50,baseline,True,True,0,0,False,0.9779298829820244,-382.07469199994375,0.9909070969711795,-206.0102910000387,0.9906496562188434,-212.43781800001307,0.9944068272253646,-0.5702970000243113,0.9226082667990895,-10.042631999965579,0.9377132612774187,-8.096427999987554,0.9893867924528302,-0.06299999999999972,0.9017593244194229,-1.3960000000000008,0.8577474641483036,-4.067,1.1205909695021956,0.08431599997038575,1.0534885441936312,0.06504099997073354,1.0603229680610466,0.07819599994718374,0.9964912280701754,-2,1.0744274809160306,78,1.0580762250453721,64,1.0,0,1.0,0,1.0,0,0.9799421238940491,-0.6797610000148779,0.9481805311501265,-2.8349009999715236,0.9628935751828883,-4.25412600003483,1.0094425082345158,0.020779679499284942,1.0094425082345158,0.020779679499284942,1.0094425082345158,0.020779679499284942,1.0094425082345158,0.041559358998569884,0.9894326771066903,-0.2777882700000305,1.0203826086956522,586,1.0213868613138686,293
C:\Users\amasi\shipping-fulfillment-evidence\d-final\trial2,2,same,physical,50,1,canonical,True,True,0,0,False,1.010827805095293,106.11703000006491,1.0222607486834425,284.72740799998064,1.0219963109540506,282.15242600003694,1.6814868538673082,66.45997800001169,0.99267566640233,-1.3991369999075687,1.0462270810978185,10.177680999959193,1.2717940361740265,1.6680000000000001,1.1583943154099055,2.9869999999999983,1.1416849184070086,4.592999999999996,0.6926039366981904,-0.34393899989026977,0.7843537808720361,-0.33537299998442904,0.8024010345715257,-0.3138330000638234,1.0588235294117647,21,1.0966719492868462,61,1.0947368421052632,63,1.0,0,1.0,0,1.0,0,0.9880803773136638,-0.37552900005266565,1.0548378062903117,3.1246099999862054,1.13397356938513,15.086613999983456,0.9784977165854044,-0.08380797186646971,0.9784977165854044,-0.08380797186646971,0.9784977165854044,-0.0016761594373293914,0.9784977165854044,-0.16761594373293942,1.0295666969636168,0.4442219310000155,1.0729301696443667,1294,1.0793950850661627,672
C:\Users\amasi\shipping-fulfillment-evidence\d-final\trial2,2,same,physical,50,1,baseline,True,True,0,0,False,1.110234525252582,983.6140959999975,1.1198297522411929,1399.1486349999614,1.1199575472029946,1404.1363510000338,1.6215504427635916,62.855328999944504,1.4283004447943648,56.86282800002118,1.4961749466215848,76.38899100004437,1.1329655973290753,0.9159999999999995,1.046868260890401,0.977999999999998,0.6693070023148148,-18.286,0.7007989726862985,-0.3308550000156174,0.7706021593698007,-0.3631260000247494,0.7883278639731001,-0.3421860000116794,1.0271739130434783,10,1.1456953642384107,88,1.1446540880503144,92,1.0,0,1.0,0,1.0,0,1.040589210775291,1.2142400000811904,1.0148273792068159,0.8781599999565515,1.2293411608056026,23.82238099994538,0.892922623247182,-0.45734555470386606,0.892922623247182,-0.45734555470386606,0.892922623247182,-0.009146911094077323,0.892922623247182,-0.9146911094077321,1.1161359537821247,1.609538111000063,1.0928243398392652,1617,1.0968903829991596,807
C:\Users\amasi\shipping-fulfillment-evidence\d-final\trial2,2,same,virtual,1,1,canonical,True,True,0,0,False,1.0345371597781379,1.1207699999431497,1.0345371597781379,1.1207699999431497,1.0345371597781379,1.1207699999431497,0.9510163532271253,-0.7594140000719563,0.9510163532271253,-0.7594140000719563,0.9510163532271253,-0.7594140000719563,1.0411392405063291,0.026000000000000023,0.9220580743759551,-0.15300000000000002,0.9220580743759551,-0.15300000000000002,0.8917885453853099,-0.0027449999606687925,0.8718690098103123,-0.008153999942805967,0.8718690098103123,-0.008153999942805967,0.9444444444444444,-1,0.9444444444444444,-1,0.9444444444444444,-1,1.0,0,1.0,0,1.0,0,1.034108664733688,0.22903599995061086,1.0277176470975855,0.33450099999754457,1.0277176470975855,0.33450099999754457,0.9663224687940456,-1.0358879739740203,0.9663224687940456,-1.0358879739740203,0.9663224687940456,-1.0358879739740203,0.9663224687940456,-2.0717759479480407,1.0168236062896867,0.0004105360000039582,0.9473684210526315,-1,1.0,0
C:\Users\amasi\shipping-fulfillment-evidence\d-final\trial2,2,same,virtual,1,1,baseline,True,True,0,0,False,1.245031569237309,6.607203000044137,1.245031569237309,6.607203000044137,1.245031569237309,6.607203000044137,0.986742756845952,-0.19809099990197865,0.986742756845952,-0.19809099990197865,0.986742756845952,-0.19809099990197865,0.9762611275964391,-0.016000000000000014,1.002770083102493,0.0050000000000001155,1.002770083102493,0.0050000000000001155,0.9491482743242885,-0.001212000029227056,0.9828004591985663,-0.0009710000767881866,0.9828004591985663,-0.0009710000767881866,1.4166666666666667,5,1.4166666666666667,5,1.4166666666666667,5,1.0,0,1.0,0,1.0,0,0.5044404147514597,-6.821678000051179,0.9009891028420179,-1.3629449999825738,0.9009891028420179,-1.3629449999825738,0.8031555626279306,-7.284807779341939,0.8031555626279306,-7.284807779341939,0.8031555626279306,-7.284807779341939,0.8031555626279306,-14.569615558683878,1.1701322438408877,0.0036076920000027712,1.3846153846153846,5,2.0,1
C:\Users\amasi\shipping-fulfillment-evidence\d-final\trial2,2,different,physical,10,10,canonical,True,True,0,0,False,0.917526294444638,-18.56597799985593,0.913258511554267,-20.156617999987247,0.913258511554267,-20.156617999987247,1.1416195916688976,4.777887999921404,0.94261560390392,-2.6807920000919694,0.94261560390392,-2.6807920000919694,0.9615739317553028,-0.125,0.92309670781893,-0.5979999999999999,0.89135103475205,-1.1129999999999995,0.8437231970142922,-0.03316099991934607,0.8633878557335652,-0.042678999989220756,0.8688190329780907,-0.042269000005035195,0.9655172413793104,-1,0.9705882352941176,-1,0.9705882352941176,-1,1.0,0,1.0,0,1.0,0,0.8881981958410122,-20.43880500002615,0.930186434862973,-13.322547000029772,0.930186434862973,-13.322547000029772,1.0950089251771564,4.085513775495649,1.0950089251771564,4.085513775495649,1.0950089251771564,4.085513775495649,1.0950089251771564,8.171027550991298,0.9220658081373925,-0.02147629399996731,0.9672131147540983,-10,1.0,0
C:\Users\amasi\shipping-fulfillment-evidence\d-final\trial2,2,different,physical,10,10,baseline,True,True,0,0,False,0.9638805035842618,-7.739970999864454,0.964829194296517,-7.735999000033189,0.964829194296517,-7.735999000033189,1.248409302166725,7.663812999908259,1.049634683964872,2.082336999933432,1.049634683964872,2.082336999933432,1.1227566403445801,0.3420000000000001,0.9769974139104396,-0.16900000000000048,0.7757858963466441,-2.6389999999999993,1.0050580463203123,0.0009009999075715314,1.0293190557425005,0.007682999921598821,1.0326295440105875,0.008845999900586321,1.0,0,1.1785714285714286,5,1.1785714285714286,5,1.0,0,1.0,0,1.0,0,0.9387383640768835,-10.596455000040805,0.9539357114710993,-8.571616000040194,0.9539357114710993,-8.571616000040194,1.0365494358062928,1.660315380312042,1.0365494358062928,1.660315380312042,1.0365494358062928,1.660315380312042,1.0365494358062928,3.320630760624084,0.9790525965844472,-0.005436475000010432,1.0172413793103448,5,1.1,1
C:\Users\amasi\shipping-fulfillment-evidence\d-final\trial2,2,same,virtual,10,10,canonical,True,True,0,0,False,0.9797150475483235,-6.88500599994768,0.9587958985611861,-18.985697999937656,0.9587958985611861,-18.985697999937656,0.9172050683709864,-2.9839809999430145,1.0621745111589853,2.749262999941493,1.0621745111589853,2.749262999941493,1.0449438202247192,0.10400000000000009,1.0009483167377904,0.006000000000000227,1.0689863477105233,0.5710000000000015,1.0293942293323215,0.00502899990806327,1.0123825102734938,0.003776999960791727,0.9870369050525699,-0.004188000048088725,0.9811320754716981,-1,0.9719626168224299,-3,0.9719626168224299,-3,1.0,0,1.0,0,1.0,0,1.0244755888760408,0.18869699999868317,0.8834688903757463,-1.9963709999046841,0.9743982245676117,-1.5653669998982878,1.0428732453727723,0.9301526115794978,1.0428732453727723,0.9301526115794978,1.0428732453727723,0.9301526115794978,1.0428732453727723,1.8603052231589956,0.9542707418668754,-0.0242259679999961,0.9581993569131833,-26,0.9681274900398407,-8
C:\Users\amasi\shipping-fulfillment-evidence\d-final\trial2,2,same,virtual,10,10,baseline,True,True,0,0,False,0.8443758905792131,-61.28739499990843,0.8722113469818729,-64.72660800011454,0.8722113469818729,-64.72660800011454,0.311888556506395,-72.93199399998684,0.3940727564763465,-72.21773300000223,0.3940727564763465,-72.21773300000223,1.0467532467532468,0.1080000000000001,1.0416118421052631,0.2530000000000001,0.7931158121190391,-2.308,0.9580323336518064,-0.0077150000379333505,0.9162045649940879,-0.0282429999742817,0.9164700372767767,-0.029063999932077422,1.0,0,1.0,0,1.0,0,1.0,0,1.0,0,1.0,0,1.067958291430524,0.502599000014925,0.764936653732243,-4.651039999885143,0.8682887566664635,-9.037352999939685,1.1464689198276699,2.8905638645126643,1.1464689198276699,2.8905638645126643,1.1464689198276699,2.8905638645126643,1.1464689198276699,5.781127729025329,0.8824577695821099,-0.06733774799999992,1.0,0,1.0,0
C:\Users\amasi\shipping-fulfillment-evidence\d-final\trial2,2,same,virtual,100,100,canonical,True,True,0,0,False,0.9120552411965185,-2654.3586550000073,0.8882584638730386,-4516.446812999908,0.8883675869157218,-4524.309976999917,1.0524511569754313,9.547898000050736,1.0156968257388614,3.4557929999436965,1.0643997040047999,14.24179399998593,1.3312397188574845,2.214999999999999,1.067236441332909,1.4789999999999992,1.0965905439965042,7.515999999999991,1.1946400727527084,0.27786700002252473,0.9957484452772045,-0.011471999869172578,0.994000792959042,-0.016629999890938052,0.9644859813084112,-19,1.0328738069989396,31,1.0374873353596759,37,1.0,0,1.0,0,1.0,0,1.0046880505803832,0.26669699991543894,0.9365850764006598,-9.046616999967227,0.9749085752296521,-4.905155999949784,1.1256166109411756,0.3098544468530182,1.1256166109411756,0.3098544468530182,1.1256166109411756,0.3098544468530182,1.1256166109411756,0.6197088937060364,0.9056831898162723,-4.440293904000043,0.9855424429856183,-762,0.9871471284898847,-331
C:\Users\amasi\shipping-fulfillment-evidence\d-final\trial2,2,same,virtual,100,100,baseline,True,True,0,0,False,0.9325253154754699,-1991.824258999939,0.9320394707187764,-2617.845822000054,0.9322683488422256,-2615.8056119999237,1.1139312192535442,19.59471800000756,1.0321995260299577,6.975667999881807,1.0349241439301378,7.943333999946844,1.4021105685934792,2.552999999999999,1.240934559678613,4.558,1.9526533787958533,41.629999999999995,1.2888533363753862,0.38222199998472206,1.2123235040383247,0.4705659999899581,1.2062584053511853,0.4711469999847395,1.0794979079497908,38,1.156769596199525,132,1.1609977324263039,142,1.0,0,1.0,0,1.0,0,0.9274569980732568,-4.470528000069862,0.8658988180536621,-20.692235999945296,0.9725820011807914,-5.372803000000204,1.0726101098737792,0.1879560728634484,1.0726101098737792,0.1879560728634484,1.0726101098737792,0.1879560728634484,1.0726101098737792,0.3759121457268968,0.9573826087992471,-1.8980176499999857,1.0991578145499175,4686,1.101520863122319,2343
C:\Users\amasi\shipping-fulfillment-evidence\d-final\trial2,2,same,physical,100,100,canonical,False,False,33,33,True,0.9815711853736381,-1492.4799259998836,0.9999887258538723,-1.0150240000220947,0.9999845258461567,-1.3931690000317758,0.9288384753823268,-13.853412999992543,0.9650617493277078,-7.578686999977435,0.9426183712588762,-12.785060000055637,1.015268456375839,0.09100000000000019,0.9788311923285689,-0.3509999999999991,0.9668158622459161,-1.1640000000000015,0.9708434430428786,-0.04012399995190208,0.8542467824946859,-0.383944000077463,0.8510245402712866,-0.40563499999279884,0.9642074506939372,-49,0.9925604463732176,-12,0.9919504643962849,-13,1.0,0,1.0,0,1.0,0,1.0226687563496273,1.3805229999661606,1.0089424454748477,1.2568509999937305,1.0426972907584398,7.747913999992306,1.0339138954680258,0.022224199192285243,1.0000150792231723,1.674848007326979e-05,1.0339138954680258,0.022224199192285243,1.0125938852511367,0.022240947672358402,0.998541333913501,-0.15146194600004037,0.9801199225969924,-2291,0.9798715732279575,-1141
C:\Users\amasi\shipping-fulfillment-evidence\d-final\trial2,2,same,physical,100,100,baseline,False,False,33,32,True,0.989137154604508,-873.0115329999535,1.0000252708524588,2.27508000000671,1.0000222245696808,2.0008469999738736,0.7374086773543298,-64.39080599989211,0.7142915987754256,-83.73275600001762,0.7142671822514938,-84.01662400001442,1.0292566763054942,0.1720000000000006,1.3517115016240526,4.223000000000001,1.2697693574958813,7.204999999999998,0.983494484604694,-0.02242199991542293,0.8749721013627011,-0.32154799998806993,0.8774206544988455,-0.3237219999618901,1.0091743119266054,12,1.025624599615631,40,1.0262652146060218,41,1.0,0,1.0,0,1.0,0,0.9975880539318084,-0.15057999996770377,0.9863855736024492,-1.9572510000216425,0.9848021097661224,-2.9199609999750464,1.0166440214031633,0.01109231439280045,0.9999777259703246,-2.474066953417342e-05,1.0166440214031633,0.01109231439280045,1.0062275867576393,0.011067573723266388,1.0029976071932274,0.30987641199999416,1.0200211319118961,2217,1.020053991515619,1092
C:\Users\amasi\shipping-fulfillment-evidence\d-final\trial2,2,same,physical,1,1,canonical,True,True,0,0,False,0.9049201755824823,-4.862285999934102,0.9049201755824823,-4.862285999934102,0.9049201755824823,-4.862285999934102,0.9318254566442714,-1.0172129998409218,0.9318254566442714,-1.0172129998409218,0.9318254566442714,-1.0172129998409218,0.9508506616257089,-0.026000000000000023,0.9034994697773064,-0.18199999999999994,0.9279835390946501,-0.2450000000000001,0.9841154014580321,-0.00036999995245423634,0.9890770962346003,-0.0006010000106471125,0.9890770962346003,-0.0006010000106471125,0.9705882352941176,-1,0.9705882352941176,-1,0.9705882352941176,-1,1.0,0,1.0,0,1.0,0,0.8627824102628843,-1.3463440000123228,0.9028552483604096,-2.677267000080974,0.9028552483604096,-2.677267000080974,1.1049459456987107,2.0499180020394085,1.1049459456987107,2.0499180020394085,1.1049459456987107,2.0499180020394085,1.1049459456987107,4.099836004078817,0.9150825414985739,-0.0028178370000659925,0.9714285714285714,-1,1.0,0
C:\Users\amasi\shipping-fulfillment-evidence\d-final\trial2,2,same,physical,1,1,baseline,True,True,0,0,False,1.090342979482123,3.834367000081329,1.090342979482123,3.834367000081329,1.090342979482123,3.834367000081329,0.958223504261466,-0.6061629998157514,0.958223504261466,-0.6061629998157514,0.958223504261466,-0.6061629998157514,0.971042471042471,-0.015000000000000013,0.9450915141430949,-0.09899999999999998,0.9731812577065351,-0.08700000000000019,0.785437726113032,-0.006261999942580587,0.8079726821440832,-0.012933999983033573,0.8079726821440832,-0.012933999983033573,1.1785714285714286,5,1.1785714285714286,5,1.1785714285714286,5,1.0,0,1.0,0,1.0,0,0.28560743681714434,-21.17458700001862,0.8394840443251448,-4.75769100000889,0.8394840443251448,-4.75769100000889,0.9174037064147399,-1.9431750497248252,0.9174037064147399,-1.9431750497248252,0.9174037064147399,-1.9431750497248252,0.9174037064147399,-3.8863500994496505,1.0755157340882888,0.002132061999986945,1.1724137931034482,5,2.0,1
C:\Users\amasi\shipping-fulfillment-evidence\d-final\trial2,2,different,physical,50,50,canonical,True,True,0,0,False,0.8765322186970065,-123.73481100007666,0.8726581944042814,-131.17620399998486,0.8713977914158985,-132.7874260000499,0.5873722072295786,-68.76441300005354,0.5548319244112951,-94.51198299984753,0.5660394460327887,-97.01904999974431,0.919518017505968,-0.7080000000000002,0.8931433274136961,-2.4669999999999987,0.8673838393047073,-4.363999999999997,1.0593754463654153,0.04326000021137588,1.0222752901277492,0.02746099994510587,0.982796868587563,-0.022651999643130694,0.9655172413793104,-1,0.9655172413793104,-1,0.8235294117647058,-6,1.0,0,1.0,0,1.0,0,0.9421445842601935,-46.078965999640786,0.920819347470451,-66.99476800008597,0.9224584180591561,-66.15366300002279,1.1471854671771868,7.123463639493679,1.1471854671771868,7.123463639493679,1.1471854671771868,7.123463639493679,1.1471854671771868,14.246927278987357,0.8907184208292335,-0.1345788559999619,0.9634551495016611,-55,0.9803921568627451,-1
C:\Users\amasi\shipping-fulfillment-evidence\d-final\trial2,2,different,physical,50,50,baseline,True,True,0,0,False,1.0009695957839164,0.8508949999850302,1.0070747545361127,6.31506600029752,1.0053788167437536,4.813732999991771,1.0178239136856426,1.714150999987396,0.8835385867158577,-15.526759999829665,0.7546260441265062,-41.14813299997877,1.0108722819295175,0.08699999999999974,0.9569777695270804,-0.9269999999999996,1.001403361049714,0.03999999999999915,1.0700126573208901,0.05050300023867749,1.0560282487668269,0.06686400001854054,1.0143949971807813,0.018364000197834685,1.0,0,1.0,0,1.0,0,1.0,0,1.0,0,1.0,0,1.0083410115326739,6.207083000163038,1.0143827213078938,11.046774000078585,1.0069359636682598,5.420895000042947,0.994307001978803,-0.3178926252526253,0.994307001978803,-0.3178926252526253,0.994307001978803,-0.3178926252526253,0.994307001978803,-0.6357852505052506,1.0096717291129516,0.01050737500008836,1.0,0,1.0,0
C:\Users\amasi\shipping-fulfillment-evidence\d-final\trial2,2,same,virtual,50,1,canonical,True,True,0,0,False,0.9901071668607773,-54.27358099996127,1.0005382822488267,3.8586729999678937,1.0007604174679732,5.4641080000692455,0.8190403699727559,-21.64850600001955,1.157838347946621,19.012099999827115,1.3874610128019036,48.48816099979558,1.0618706942236356,0.4670000000000005,0.9595011275254269,-0.879999999999999,0.6821771249044748,-22.458000000000006,1.0178808844512655,0.012723000281766872,1.0342768887301514,0.0387710001632513,1.0178025865885607,0.02105900011883932,0.9848484848484849,-3,0.9056122448979592,-37,0.9053398058252428,-39,1.0,0,1.0,0,1.0,0,1.0392182633142721,1.1822559999927762,1.0385046077062599,2.3358240000561636,1.008478288158679,1.1508530001265171,0.9992062642141504,-0.005522710840043743,0.9992062642141504,-0.005522710840043743,0.9992062642141504,-0.00011045421680086487,0.9992062642141504,-0.011045421680087486,0.9921565275870604,-0.066772205999996,0.9256229431123648,-791,0.9269298762522098,-372
C:\Users\amasi\shipping-fulfillment-evidence\d-final\trial2,2,same,virtual,50,1,baseline,True,True,0,0,False,1.132550602912141,635.7320249999248,1.157993629054149,978.577064999854,1.1578625169459265,980.4361989999961,0.5707805344505927,-73.68206599994664,0.7933004155044557,-36.33853500014084,0.932270808949482,-12.614275000032649,1.1517459405086938,1.056000000000001,1.0057404727448143,0.11899999999999977,0.7652157348318888,-14.79,1.0318561632026613,0.022360000230037258,0.9937607669386456,-0.007344999858105439,0.9962441538209055,-0.004539000201475574,1.0103626943005182,2,1.1198738170347002,38,1.0811594202898551,28,1.0,0,1.0,0,1.0,0,1.0634835939912084,1.8700819998684892,1.099105517297163,5.680600999994567,1.1684980116652883,19.739904000289243,0.8636822044031707,-1.097311864611247,0.8636822044031707,-1.097311864611247,0.8636822044031706,-0.021946237292224946,0.8636822044031707,-2.194623729222494,1.147851440582087,1.0879462059999696,1.0631817690895344,585,1.065718157181572,291
C:\Users\amasi\shipping-fulfillment-evidence\d-final\trial2,2,same,virtual,50,50,canonical,True,True,0,0,False,1.0601819946002402,439.88732999991953,1.062545902354567,601.7525209999803,1.0623204658086993,601.2253740000233,1.0595881191290517,5.908073999989938,1.1462351304340654,18.37416599983044,1.189195573047394,26.098596000110774,1.3655578655578655,2.1099999999999994,1.2369499863350641,2.600999999999999,1.3185195376995047,6.945,1.0582977815196837,0.0392730000839947,1.0099098744505464,0.011330999996062019,1.0486079447909882,0.05938000003880006,1.037344398340249,9,1.10250569476082,45,1.0831556503198294,39,1.0,0,1.0,0,1.0,0,1.0370262700193207,1.2437210000371124,1.099891141155074,4.875044000073103,1.1053484786010448,13.344367999934548,0.9413425127845434,-0.3039876229681866,0.9413425127845434,-0.3039876229681866,0.9413425127845434,-0.3039876229681866,0.9413425127845434,-0.6079752459363732,1.073695690261736,0.8203417439999612,1.0714640198511167,864,1.0795474325500436,457
C:\Users\amasi\shipping-fulfillment-evidence\d-final\trial2,2,same,virtual,50,50,baseline,True,True,0,0,False,1.1501449392980367,1011.6107270000612,1.1571197847470192,1388.0953930001851,1.1567588983774832,1388.8377500002207,0.6968320039819946,-45.70656600003531,0.6991119034984079,-61.985191000076156,0.7462775325974093,-55.772230999991734,1.2900163666121112,1.7719999999999994,0.7689432551817872,-4.080000000000002,0.9434253273389558,-1.7240000000000002,0.9390225107251942,-0.0462960001641477,0.9437170849609824,-0.06886799997118942,1.0193981448784448,0.024375999828407657,0.9920634920634921,-2,0.9877551020408163,-6,1.0,0,1.0,0,1.0,0,1.0,0,1.1352142205533637,4.149036999706368,1.021894893073759,1.1501060002956365,1.1711460566749257,20.460902999957398,0.8645105978457699,-0.7645662520825365,0.8645105978457699,-0.7645662520825365,0.8645105978457699,-0.7645662520825365,0.8645105978457699,-1.529132504165073,1.1446391576683066,1.5102582459999212,0.9981507165973186,-24,0.9980688767299646,-12
